{
  "type": "FeatureCollection",
  "name": "culture_green_points",
  "metadata": {
    "generatedAt": "2026-05-11T22:24:09.069Z",
    "source": "OpenStreetMap via Overpass API",
    "description": "OSM/Overpass ecological and cultural city places in Nanning"
  },
  "features": [
    {
      "type": "Feature",
      "id": "node/3263528225",
      "properties": {
        "name": "雨林大观",
        "category": "景观点",
        "tags": [
          "tourism:attraction"
        ],
        "osmType": "node",
        "osmId": 3263528225,
        "osmSource": "overpass",
        "cultureText": "来自 OSM/Overpass 的南宁生态文化相关公共空间。",
        "greenScore": 74,
        "quietScore": 70
      },
      "geometry": {
        "type": "Point",
        "coordinates": [
          108.3914273,
          22.7895752
        ]
      }
    },
    {
      "type": "Feature",
      "id": "node/3263528226",
      "properties": {
        "name": "凤凰阁",
        "category": "景观点",
        "tags": [
          "tourism:attraction"
        ],
        "osmType": "node",
        "osmId": 3263528226,
        "osmSource": "overpass",
        "cultureText": "来自 OSM/Overpass 的南宁生态文化相关公共空间。",
        "greenScore": 74,
        "quietScore": 70
      },
      "geometry": {
        "type": "Point",
        "coordinates": [
          108.3949276,
          22.7897903
        ]
      }
    },
    {
      "type": "Feature",
      "id": "node/3263528227",
      "properties": {
        "name": "箫台",
        "category": "景观点",
        "tags": [
          "tourism:attraction"
        ],
        "osmType": "node",
        "osmId": 3263528227,
        "osmSource": "overpass",
        "cultureText": "来自 OSM/Overpass 的南宁生态文化相关公共空间。",
        "greenScore": 74,
        "quietScore": 70
      },
      "geometry": {
        "type": "Point",
        "coordinates": [
          108.3960796,
          22.7886046
        ]
      }
    },
    {
      "type": "Feature",
      "id": "node/3263528229",
      "properties": {
        "name": "桃花岛",
        "category": "景观点",
        "tags": [
          "leisure:garden",
          "tourism:attraction"
        ],
        "osmType": "node",
        "osmId": 3263528229,
        "osmSource": "overpass",
        "cultureText": "来自 OSM/Overpass 的南宁生态文化相关公共空间。",
        "greenScore": 86,
        "quietScore": 70
      },
      "geometry": {
        "type": "Point",
        "coordinates": [
          108.3958664,
          22.7922334
        ]
      }
    },
    {
      "type": "Feature",
      "id": "node/5854865485",
      "properties": {
        "name": "中山路夜市",
        "category": "景观点",
        "tags": [
          "tourism:attraction"
        ],
        "osmType": "node",
        "osmId": 5854865485,
        "osmSource": "overpass",
        "cultureText": "来自 OSM/Overpass 的南宁生态文化相关公共空间。",
        "greenScore": 74,
        "quietScore": 70
      },
      "geometry": {
        "type": "Point",
        "coordinates": [
          108.3182079,
          22.8153312
        ]
      }
    },
    {
      "type": "Feature",
      "id": "node/6113355501",
      "properties": {
        "name": "棕榈园",
        "category": "景观点",
        "tags": [
          "tourism:attraction"
        ],
        "osmType": "node",
        "osmId": 6113355501,
        "osmSource": "overpass",
        "cultureText": "来自 OSM/Overpass 的南宁生态文化相关公共空间。",
        "greenScore": 74,
        "quietScore": 70
      },
      "geometry": {
        "type": "Point",
        "coordinates": [
          108.3864999,
          22.786202
        ]
      }
    },
    {
      "type": "Feature",
      "id": "node/6114387062",
      "properties": {
        "name": "南湖名树博览园",
        "category": "绿城生态文化点",
        "tags": [
          "leisure:park"
        ],
        "osmType": "node",
        "osmId": 6114387062,
        "osmSource": "overpass",
        "cultureText": "来自 OSM/Overpass 的南宁生态文化相关公共空间。",
        "greenScore": 86,
        "quietScore": 70
      },
      "geometry": {
        "type": "Point",
        "coordinates": [
          108.3544369,
          22.8100963
        ]
      }
    },
    {
      "type": "Feature",
      "id": "node/6343010668",
      "properties": {
        "name": "广西地",
        "category": "博物馆",
        "tags": [
          "tourism:museum"
        ],
        "osmType": "node",
        "osmId": 6343010668,
        "osmSource": "overpass",
        "cultureText": "来自 OSM/Overpass 的南宁生态文化相关公共空间。",
        "greenScore": 74,
        "quietScore": 70
      },
      "geometry": {
        "type": "Point",
        "coordinates": [
          108.3400998,
          22.8294523
        ]
      }
    },
    {
      "type": "Feature",
      "id": "node/6534000475",
      "properties": {
        "name": "广西药用植物园正门",
        "category": "绿城生态文化点",
        "tags": [
          "leisure:park"
        ],
        "osmType": "node",
        "osmId": 6534000475,
        "osmSource": "overpass",
        "cultureText": "来自 OSM/Overpass 的南宁生态文化相关公共空间。",
        "greenScore": 86,
        "quietScore": 70
      },
      "geometry": {
        "type": "Point",
        "coordinates": [
          108.3667528,
          22.8564576
        ]
      }
    },
    {
      "type": "Feature",
      "id": "node/6534000476",
      "properties": {
        "name": "广西药用植物园北门",
        "category": "绿城生态文化点",
        "tags": [
          "leisure:park"
        ],
        "osmType": "node",
        "osmId": 6534000476,
        "osmSource": "overpass",
        "cultureText": "来自 OSM/Overpass 的南宁生态文化相关公共空间。",
        "greenScore": 86,
        "quietScore": 70
      },
      "geometry": {
        "type": "Point",
        "coordinates": [
          108.3679968,
          22.8597965
        ]
      }
    },
    {
      "type": "Feature",
      "id": "node/7101541662",
      "properties": {
        "name": "行健文理学院武术馆",
        "category": "绿城生态文化点",
        "tags": [
          "amenity:community_centre"
        ],
        "osmType": "node",
        "osmId": 7101541662,
        "osmSource": "overpass",
        "cultureText": "来自 OSM/Overpass 的南宁生态文化相关公共空间。",
        "greenScore": 74,
        "quietScore": 70
      },
      "geometry": {
        "type": "Point",
        "coordinates": [
          108.2814225,
          22.856269
        ]
      }
    },
    {
      "type": "Feature",
      "id": "node/7826450897",
      "properties": {
        "name": "景观点 attraction",
        "category": "景观点",
        "tags": [
          "tourism:attraction"
        ],
        "osmType": "node",
        "osmId": 7826450897,
        "osmSource": "overpass",
        "cultureText": "来自 OSM/Overpass 的南宁生态文化相关公共空间。",
        "greenScore": 74,
        "quietScore": 70
      },
      "geometry": {
        "type": "Point",
        "coordinates": [
          108.2590667,
          22.8955523
        ]
      }
    },
    {
      "type": "Feature",
      "id": "node/7826450923",
      "properties": {
        "name": "景观点 attraction",
        "category": "景观点",
        "tags": [
          "tourism:attraction"
        ],
        "osmType": "node",
        "osmId": 7826450923,
        "osmSource": "overpass",
        "cultureText": "来自 OSM/Overpass 的南宁生态文化相关公共空间。",
        "greenScore": 74,
        "quietScore": 70
      },
      "geometry": {
        "type": "Point",
        "coordinates": [
          108.2558449,
          22.8960236
        ]
      }
    },
    {
      "type": "Feature",
      "id": "node/7826450924",
      "properties": {
        "name": "景观点 attraction",
        "category": "景观点",
        "tags": [
          "tourism:attraction"
        ],
        "osmType": "node",
        "osmId": 7826450924,
        "osmSource": "overpass",
        "cultureText": "来自 OSM/Overpass 的南宁生态文化相关公共空间。",
        "greenScore": 74,
        "quietScore": 70
      },
      "geometry": {
        "type": "Point",
        "coordinates": [
          108.2585488,
          22.8964753
        ]
      }
    },
    {
      "type": "Feature",
      "id": "node/7826572328",
      "properties": {
        "name": "景观点 attraction",
        "category": "景观点",
        "tags": [
          "tourism:attraction"
        ],
        "osmType": "node",
        "osmId": 7826572328,
        "osmSource": "overpass",
        "cultureText": "来自 OSM/Overpass 的南宁生态文化相关公共空间。",
        "greenScore": 74,
        "quietScore": 70
      },
      "geometry": {
        "type": "Point",
        "coordinates": [
          108.2565654,
          22.8952243
        ]
      }
    },
    {
      "type": "Feature",
      "id": "node/7828139402",
      "properties": {
        "name": "景观点 attraction",
        "category": "景观点",
        "tags": [
          "tourism:attraction"
        ],
        "osmType": "node",
        "osmId": 7828139402,
        "osmSource": "overpass",
        "cultureText": "来自 OSM/Overpass 的南宁生态文化相关公共空间。",
        "greenScore": 74,
        "quietScore": 70
      },
      "geometry": {
        "type": "Point",
        "coordinates": [
          108.3961581,
          22.8267953
        ]
      }
    },
    {
      "type": "Feature",
      "id": "node/7828139412",
      "properties": {
        "name": "景观点 attraction",
        "category": "景观点",
        "tags": [
          "tourism:attraction"
        ],
        "osmType": "node",
        "osmId": 7828139412,
        "osmSource": "overpass",
        "cultureText": "来自 OSM/Overpass 的南宁生态文化相关公共空间。",
        "greenScore": 74,
        "quietScore": 70
      },
      "geometry": {
        "type": "Point",
        "coordinates": [
          108.3960616,
          22.827265
        ]
      }
    },
    {
      "type": "Feature",
      "id": "node/7828139414",
      "properties": {
        "name": "景观点 attraction",
        "category": "景观点",
        "tags": [
          "tourism:attraction"
        ],
        "osmType": "node",
        "osmId": 7828139414,
        "osmSource": "overpass",
        "cultureText": "来自 OSM/Overpass 的南宁生态文化相关公共空间。",
        "greenScore": 74,
        "quietScore": 70
      },
      "geometry": {
        "type": "Point",
        "coordinates": [
          108.3992963,
          22.8259102
        ]
      }
    },
    {
      "type": "Feature",
      "id": "node/7828139415",
      "properties": {
        "name": "景观点 attraction",
        "category": "景观点",
        "tags": [
          "tourism:attraction"
        ],
        "osmType": "node",
        "osmId": 7828139415,
        "osmSource": "overpass",
        "cultureText": "来自 OSM/Overpass 的南宁生态文化相关公共空间。",
        "greenScore": 74,
        "quietScore": 70
      },
      "geometry": {
        "type": "Point",
        "coordinates": [
          108.3939534,
          22.8260487
        ]
      }
    },
    {
      "type": "Feature",
      "id": "node/7828139960",
      "properties": {
        "name": "景观点 attraction",
        "category": "景观点",
        "tags": [
          "tourism:attraction"
        ],
        "osmType": "node",
        "osmId": 7828139960,
        "osmSource": "overpass",
        "cultureText": "来自 OSM/Overpass 的南宁生态文化相关公共空间。",
        "greenScore": 74,
        "quietScore": 70
      },
      "geometry": {
        "type": "Point",
        "coordinates": [
          108.3730554,
          22.807481
        ]
      }
    },
    {
      "type": "Feature",
      "id": "node/7834627312",
      "properties": {
        "name": "景观点 attraction",
        "category": "景观点",
        "tags": [
          "tourism:attraction"
        ],
        "osmType": "node",
        "osmId": 7834627312,
        "osmSource": "overpass",
        "cultureText": "来自 OSM/Overpass 的南宁生态文化相关公共空间。",
        "greenScore": 74,
        "quietScore": 70
      },
      "geometry": {
        "type": "Point",
        "coordinates": [
          108.261794,
          22.8378618
        ]
      }
    },
    {
      "type": "Feature",
      "id": "node/7834627313",
      "properties": {
        "name": "景观点 attraction",
        "category": "景观点",
        "tags": [
          "tourism:attraction"
        ],
        "osmType": "node",
        "osmId": 7834627313,
        "osmSource": "overpass",
        "cultureText": "来自 OSM/Overpass 的南宁生态文化相关公共空间。",
        "greenScore": 74,
        "quietScore": 70
      },
      "geometry": {
        "type": "Point",
        "coordinates": [
          108.2633015,
          22.8380455
        ]
      }
    },
    {
      "type": "Feature",
      "id": "node/7834627314",
      "properties": {
        "name": "景观点 attraction",
        "category": "景观点",
        "tags": [
          "tourism:attraction"
        ],
        "osmType": "node",
        "osmId": 7834627314,
        "osmSource": "overpass",
        "cultureText": "来自 OSM/Overpass 的南宁生态文化相关公共空间。",
        "greenScore": 74,
        "quietScore": 70
      },
      "geometry": {
        "type": "Point",
        "coordinates": [
          108.2628595,
          22.8393972
        ]
      }
    },
    {
      "type": "Feature",
      "id": "node/7834627326",
      "properties": {
        "name": "景观点 attraction",
        "category": "景观点",
        "tags": [
          "tourism:attraction"
        ],
        "osmType": "node",
        "osmId": 7834627326,
        "osmSource": "overpass",
        "cultureText": "来自 OSM/Overpass 的南宁生态文化相关公共空间。",
        "greenScore": 74,
        "quietScore": 70
      },
      "geometry": {
        "type": "Point",
        "coordinates": [
          108.2625759,
          22.8397457
        ]
      }
    },
    {
      "type": "Feature",
      "id": "node/7834627327",
      "properties": {
        "name": "景观点 attraction",
        "category": "景观点",
        "tags": [
          "tourism:attraction"
        ],
        "osmType": "node",
        "osmId": 7834627327,
        "osmSource": "overpass",
        "cultureText": "来自 OSM/Overpass 的南宁生态文化相关公共空间。",
        "greenScore": 74,
        "quietScore": 70
      },
      "geometry": {
        "type": "Point",
        "coordinates": [
          108.2629029,
          22.8397292
        ]
      }
    },
    {
      "type": "Feature",
      "id": "node/7834627328",
      "properties": {
        "name": "景观点 attraction",
        "category": "景观点",
        "tags": [
          "tourism:attraction"
        ],
        "osmType": "node",
        "osmId": 7834627328,
        "osmSource": "overpass",
        "cultureText": "来自 OSM/Overpass 的南宁生态文化相关公共空间。",
        "greenScore": 74,
        "quietScore": 70
      },
      "geometry": {
        "type": "Point",
        "coordinates": [
          108.2622156,
          22.8398046
        ]
      }
    },
    {
      "type": "Feature",
      "id": "node/7834627329",
      "properties": {
        "name": "景观点 attraction",
        "category": "景观点",
        "tags": [
          "tourism:attraction"
        ],
        "osmType": "node",
        "osmId": 7834627329,
        "osmSource": "overpass",
        "cultureText": "来自 OSM/Overpass 的南宁生态文化相关公共空间。",
        "greenScore": 74,
        "quietScore": 70
      },
      "geometry": {
        "type": "Point",
        "coordinates": [
          108.2622207,
          22.8380738
        ]
      }
    },
    {
      "type": "Feature",
      "id": "node/7835216068",
      "properties": {
        "name": "景观点 attraction",
        "category": "景观点",
        "tags": [
          "tourism:attraction"
        ],
        "osmType": "node",
        "osmId": 7835216068,
        "osmSource": "overpass",
        "cultureText": "来自 OSM/Overpass 的南宁生态文化相关公共空间。",
        "greenScore": 74,
        "quietScore": 70
      },
      "geometry": {
        "type": "Point",
        "coordinates": [
          108.3674237,
          22.8581459
        ]
      }
    },
    {
      "type": "Feature",
      "id": "node/7835783277",
      "properties": {
        "name": "景观点 attraction",
        "category": "景观点",
        "tags": [
          "tourism:attraction"
        ],
        "osmType": "node",
        "osmId": 7835783277,
        "osmSource": "overpass",
        "cultureText": "来自 OSM/Overpass 的南宁生态文化相关公共空间。",
        "greenScore": 74,
        "quietScore": 70
      },
      "geometry": {
        "type": "Point",
        "coordinates": [
          108.3349798,
          22.8632906
        ]
      }
    },
    {
      "type": "Feature",
      "id": "node/7836120763",
      "properties": {
        "name": "景观点 attraction",
        "category": "景观点",
        "tags": [
          "tourism:attraction"
        ],
        "osmType": "node",
        "osmId": 7836120763,
        "osmSource": "overpass",
        "cultureText": "来自 OSM/Overpass 的南宁生态文化相关公共空间。",
        "greenScore": 74,
        "quietScore": 70
      },
      "geometry": {
        "type": "Point",
        "coordinates": [
          108.535589,
          22.8324272
        ]
      }
    },
    {
      "type": "Feature",
      "id": "node/9116803830",
      "properties": {
        "name": "雨林探险",
        "category": "景观点",
        "tags": [
          "tourism:attraction"
        ],
        "osmType": "node",
        "osmId": 9116803830,
        "osmSource": "overpass",
        "cultureText": "来自 OSM/Overpass 的南宁生态文化相关公共空间。",
        "greenScore": 74,
        "quietScore": 70
      },
      "geometry": {
        "type": "Point",
        "coordinates": [
          108.4128478,
          22.7656014
        ]
      }
    },
    {
      "type": "Feature",
      "id": "node/9177599414",
      "properties": {
        "name": "主入口",
        "category": "绿城生态文化点",
        "tags": [
          "leisure:park"
        ],
        "osmType": "node",
        "osmId": 9177599414,
        "osmSource": "overpass",
        "cultureText": "来自 OSM/Overpass 的南宁生态文化相关公共空间。",
        "greenScore": 86,
        "quietScore": 70
      },
      "geometry": {
        "type": "Point",
        "coordinates": [
          108.3982893,
          22.8245438
        ]
      }
    },
    {
      "type": "Feature",
      "id": "node/9189648349",
      "properties": {
        "name": "顶蛳山 贝丘遗址博物馆",
        "category": "博物馆",
        "tags": [
          "tourism:museum"
        ],
        "osmType": "node",
        "osmId": 9189648349,
        "osmSource": "overpass",
        "cultureText": "来自 OSM/Overpass 的南宁生态文化相关公共空间。",
        "greenScore": 74,
        "quietScore": 70
      },
      "geometry": {
        "type": "Point",
        "coordinates": [
          108.469505,
          22.7208855
        ]
      }
    },
    {
      "type": "Feature",
      "id": "node/9189648689",
      "properties": {
        "name": "演艺中心（赛歌台）",
        "category": "文化艺术点",
        "tags": [
          "amenity:theatre"
        ],
        "osmType": "node",
        "osmId": 9189648689,
        "osmSource": "overpass",
        "cultureText": "来自 OSM/Overpass 的南宁生态文化相关公共空间。",
        "greenScore": 74,
        "quietScore": 70
      },
      "geometry": {
        "type": "Point",
        "coordinates": [
          108.4747519,
          22.7244556
        ]
      }
    },
    {
      "type": "Feature",
      "id": "node/9190264042",
      "properties": {
        "name": "乌鲁木齐园",
        "category": "景观点",
        "tags": [
          "tourism:attraction"
        ],
        "osmType": "node",
        "osmId": 9190264042,
        "osmSource": "overpass",
        "cultureText": "来自 OSM/Overpass 的南宁生态文化相关公共空间。",
        "greenScore": 74,
        "quietScore": 70
      },
      "geometry": {
        "type": "Point",
        "coordinates": [
          108.4749283,
          22.7219967
        ]
      }
    },
    {
      "type": "Feature",
      "id": "node/9190264043",
      "properties": {
        "name": "拉萨园",
        "category": "景观点",
        "tags": [
          "tourism:attraction"
        ],
        "osmType": "node",
        "osmId": 9190264043,
        "osmSource": "overpass",
        "cultureText": "来自 OSM/Overpass 的南宁生态文化相关公共空间。",
        "greenScore": 74,
        "quietScore": 70
      },
      "geometry": {
        "type": "Point",
        "coordinates": [
          108.4754873,
          22.7221556
        ]
      }
    },
    {
      "type": "Feature",
      "id": "node/9190264044",
      "properties": {
        "name": "银川园",
        "category": "景观点",
        "tags": [
          "tourism:attraction"
        ],
        "osmType": "node",
        "osmId": 9190264044,
        "osmSource": "overpass",
        "cultureText": "来自 OSM/Overpass 的南宁生态文化相关公共空间。",
        "greenScore": 74,
        "quietScore": 70
      },
      "geometry": {
        "type": "Point",
        "coordinates": [
          108.4742238,
          22.7217214
        ]
      }
    },
    {
      "type": "Feature",
      "id": "node/9190264045",
      "properties": {
        "name": "长春园",
        "category": "景观点",
        "tags": [
          "tourism:attraction"
        ],
        "osmType": "node",
        "osmId": 9190264045,
        "osmSource": "overpass",
        "cultureText": "来自 OSM/Overpass 的南宁生态文化相关公共空间。",
        "greenScore": 74,
        "quietScore": 70
      },
      "geometry": {
        "type": "Point",
        "coordinates": [
          108.4746832,
          22.721278
        ]
      }
    },
    {
      "type": "Feature",
      "id": "node/9190264047",
      "properties": {
        "name": "大连园",
        "category": "景观点",
        "tags": [
          "tourism:attraction"
        ],
        "osmType": "node",
        "osmId": 9190264047,
        "osmSource": "overpass",
        "cultureText": "来自 OSM/Overpass 的南宁生态文化相关公共空间。",
        "greenScore": 74,
        "quietScore": 70
      },
      "geometry": {
        "type": "Point",
        "coordinates": [
          108.4750048,
          22.721371
        ]
      }
    },
    {
      "type": "Feature",
      "id": "node/9190264048",
      "properties": {
        "name": "哈尔滨园",
        "category": "景观点",
        "tags": [
          "tourism:attraction"
        ],
        "osmType": "node",
        "osmId": 9190264048,
        "osmSource": "overpass",
        "cultureText": "来自 OSM/Overpass 的南宁生态文化相关公共空间。",
        "greenScore": 74,
        "quietScore": 70
      },
      "geometry": {
        "type": "Point",
        "coordinates": [
          108.4754084,
          22.7214534
        ]
      }
    },
    {
      "type": "Feature",
      "id": "node/9190264049",
      "properties": {
        "name": "郑州园",
        "category": "景观点",
        "tags": [
          "tourism:attraction"
        ],
        "osmType": "node",
        "osmId": 9190264049,
        "osmSource": "overpass",
        "cultureText": "来自 OSM/Overpass 的南宁生态文化相关公共空间。",
        "greenScore": 74,
        "quietScore": 70
      },
      "geometry": {
        "type": "Point",
        "coordinates": [
          108.4764807,
          22.7219593
        ]
      }
    },
    {
      "type": "Feature",
      "id": "node/9190264050",
      "properties": {
        "name": "台湾园",
        "category": "景观点",
        "tags": [
          "tourism:attraction"
        ],
        "osmType": "node",
        "osmId": 9190264050,
        "osmSource": "overpass",
        "cultureText": "来自 OSM/Overpass 的南宁生态文化相关公共空间。",
        "greenScore": 74,
        "quietScore": 70
      },
      "geometry": {
        "type": "Point",
        "coordinates": [
          108.4769839,
          22.7231556
        ]
      }
    },
    {
      "type": "Feature",
      "id": "node/9190264051",
      "properties": {
        "name": "香港园",
        "category": "景观点",
        "tags": [
          "tourism:attraction"
        ],
        "osmType": "node",
        "osmId": 9190264051,
        "osmSource": "overpass",
        "cultureText": "来自 OSM/Overpass 的南宁生态文化相关公共空间。",
        "greenScore": 74,
        "quietScore": 70
      },
      "geometry": {
        "type": "Point",
        "coordinates": [
          108.4772797,
          22.7229453
        ]
      }
    },
    {
      "type": "Feature",
      "id": "node/9190264052",
      "properties": {
        "name": "澳门园",
        "category": "景观点",
        "tags": [
          "tourism:attraction"
        ],
        "osmType": "node",
        "osmId": 9190264052,
        "osmSource": "overpass",
        "cultureText": "来自 OSM/Overpass 的南宁生态文化相关公共空间。",
        "greenScore": 74,
        "quietScore": 70
      },
      "geometry": {
        "type": "Point",
        "coordinates": [
          108.4773044,
          22.7226554
        ]
      }
    },
    {
      "type": "Feature",
      "id": "node/9190264053",
      "properties": {
        "name": "厦门园",
        "category": "景观点",
        "tags": [
          "tourism:attraction"
        ],
        "osmType": "node",
        "osmId": 9190264053,
        "osmSource": "overpass",
        "cultureText": "来自 OSM/Overpass 的南宁生态文化相关公共空间。",
        "greenScore": 74,
        "quietScore": 70
      },
      "geometry": {
        "type": "Point",
        "coordinates": [
          108.4770764,
          22.7223712
        ]
      }
    },
    {
      "type": "Feature",
      "id": "node/9190264054",
      "properties": {
        "name": "福州园",
        "category": "景观点",
        "tags": [
          "tourism:attraction"
        ],
        "osmType": "node",
        "osmId": 9190264054,
        "osmSource": "overpass",
        "cultureText": "来自 OSM/Overpass 的南宁生态文化相关公共空间。",
        "greenScore": 74,
        "quietScore": 70
      },
      "geometry": {
        "type": "Point",
        "coordinates": [
          108.4766234,
          22.7224621
        ]
      }
    },
    {
      "type": "Feature",
      "id": "node/9190264066",
      "properties": {
        "name": "呼和浩特园",
        "category": "景观点",
        "tags": [
          "tourism:attraction"
        ],
        "osmType": "node",
        "osmId": 9190264066,
        "osmSource": "overpass",
        "cultureText": "来自 OSM/Overpass 的南宁生态文化相关公共空间。",
        "greenScore": 74,
        "quietScore": 70
      },
      "geometry": {
        "type": "Point",
        "coordinates": [
          108.4731504,
          22.7217878
        ]
      }
    },
    {
      "type": "Feature",
      "id": "node/9190264069",
      "properties": {
        "name": "合肥园",
        "category": "景观点",
        "tags": [
          "tourism:attraction"
        ],
        "osmType": "node",
        "osmId": 9190264069,
        "osmSource": "overpass",
        "cultureText": "来自 OSM/Overpass 的南宁生态文化相关公共空间。",
        "greenScore": 74,
        "quietScore": 70
      },
      "geometry": {
        "type": "Point",
        "coordinates": [
          108.4771455,
          22.7252515
        ]
      }
    },
    {
      "type": "Feature",
      "id": "node/9190264070",
      "properties": {
        "name": "珠海园",
        "category": "景观点",
        "tags": [
          "tourism:attraction"
        ],
        "osmType": "node",
        "osmId": 9190264070,
        "osmSource": "overpass",
        "cultureText": "来自 OSM/Overpass 的南宁生态文化相关公共空间。",
        "greenScore": 74,
        "quietScore": 70
      },
      "geometry": {
        "type": "Point",
        "coordinates": [
          108.4768865,
          22.7243041
        ]
      }
    },
    {
      "type": "Feature",
      "id": "node/9190264071",
      "properties": {
        "name": "武汉园",
        "category": "景观点",
        "tags": [
          "tourism:attraction"
        ],
        "osmType": "node",
        "osmId": 9190264071,
        "osmSource": "overpass",
        "cultureText": "来自 OSM/Overpass 的南宁生态文化相关公共空间。",
        "greenScore": 74,
        "quietScore": 70
      },
      "geometry": {
        "type": "Point",
        "coordinates": [
          108.4774349,
          22.7242075
        ]
      }
    },
    {
      "type": "Feature",
      "id": "node/9190264072",
      "properties": {
        "name": "深圳园",
        "category": "景观点",
        "tags": [
          "tourism:attraction"
        ],
        "osmType": "node",
        "osmId": 9190264072,
        "osmSource": "overpass",
        "cultureText": "来自 OSM/Overpass 的南宁生态文化相关公共空间。",
        "greenScore": 74,
        "quietScore": 70
      },
      "geometry": {
        "type": "Point",
        "coordinates": [
          108.4780727,
          22.7242729
        ]
      }
    },
    {
      "type": "Feature",
      "id": "node/9190264073",
      "properties": {
        "name": "海口园",
        "category": "景观点",
        "tags": [
          "tourism:attraction"
        ],
        "osmType": "node",
        "osmId": 9190264073,
        "osmSource": "overpass",
        "cultureText": "来自 OSM/Overpass 的南宁生态文化相关公共空间。",
        "greenScore": 74,
        "quietScore": 70
      },
      "geometry": {
        "type": "Point",
        "coordinates": [
          108.4782114,
          22.7246821
        ]
      }
    },
    {
      "type": "Feature",
      "id": "node/9190264074",
      "properties": {
        "name": "上海园",
        "category": "景观点",
        "tags": [
          "tourism:attraction"
        ],
        "osmType": "node",
        "osmId": 9190264074,
        "osmSource": "overpass",
        "cultureText": "来自 OSM/Overpass 的南宁生态文化相关公共空间。",
        "greenScore": 74,
        "quietScore": 70
      },
      "geometry": {
        "type": "Point",
        "coordinates": [
          108.4776594,
          22.7250404
        ]
      }
    },
    {
      "type": "Feature",
      "id": "node/9190264075",
      "properties": {
        "name": "八桂天境（广西园）",
        "category": "景观点",
        "tags": [
          "tourism:attraction"
        ],
        "osmType": "node",
        "osmId": 9190264075,
        "osmSource": "overpass",
        "cultureText": "来自 OSM/Overpass 的南宁生态文化相关公共空间。",
        "greenScore": 74,
        "quietScore": 70
      },
      "geometry": {
        "type": "Point",
        "coordinates": [
          108.4760517,
          22.7249431
        ]
      }
    },
    {
      "type": "Feature",
      "id": "node/9190264076",
      "properties": {
        "name": "罗汉松园",
        "category": "景观点",
        "tags": [
          "tourism:attraction"
        ],
        "osmType": "node",
        "osmId": 9190264076,
        "osmSource": "overpass",
        "cultureText": "来自 OSM/Overpass 的南宁生态文化相关公共空间。",
        "greenScore": 74,
        "quietScore": 70
      },
      "geometry": {
        "type": "Point",
        "coordinates": [
          108.478177,
          22.727445
        ]
      }
    },
    {
      "type": "Feature",
      "id": "node/9190264077",
      "properties": {
        "name": "北京园",
        "category": "景观点",
        "tags": [
          "tourism:attraction"
        ],
        "osmType": "node",
        "osmId": 9190264077,
        "osmSource": "overpass",
        "cultureText": "来自 OSM/Overpass 的南宁生态文化相关公共空间。",
        "greenScore": 74,
        "quietScore": 70
      },
      "geometry": {
        "type": "Point",
        "coordinates": [
          108.4765318,
          22.7277881
        ]
      }
    },
    {
      "type": "Feature",
      "id": "node/9190264078",
      "properties": {
        "name": "南宁精神",
        "category": "景观点",
        "tags": [
          "tourism:attraction"
        ],
        "osmType": "node",
        "osmId": 9190264078,
        "osmSource": "overpass",
        "cultureText": "来自 OSM/Overpass 的南宁生态文化相关公共空间。",
        "greenScore": 74,
        "quietScore": 70
      },
      "geometry": {
        "type": "Point",
        "coordinates": [
          108.4753028,
          22.7281063
        ]
      }
    },
    {
      "type": "Feature",
      "id": "node/9190264079",
      "properties": {
        "name": "太原园",
        "category": "景观点",
        "tags": [
          "tourism:attraction"
        ],
        "osmType": "node",
        "osmId": 9190264079,
        "osmSource": "overpass",
        "cultureText": "来自 OSM/Overpass 的南宁生态文化相关公共空间。",
        "greenScore": 74,
        "quietScore": 70
      },
      "geometry": {
        "type": "Point",
        "coordinates": [
          108.4760207,
          22.7284729
        ]
      }
    },
    {
      "type": "Feature",
      "id": "node/9190264080",
      "properties": {
        "name": "石家庄园",
        "category": "景观点",
        "tags": [
          "tourism:attraction"
        ],
        "osmType": "node",
        "osmId": 9190264080,
        "osmSource": "overpass",
        "cultureText": "来自 OSM/Overpass 的南宁生态文化相关公共空间。",
        "greenScore": 74,
        "quietScore": 70
      },
      "geometry": {
        "type": "Point",
        "coordinates": [
          108.475959,
          22.7289105
        ]
      }
    },
    {
      "type": "Feature",
      "id": "node/9190264081",
      "properties": {
        "name": "济南园",
        "category": "景观点",
        "tags": [
          "tourism:attraction"
        ],
        "osmType": "node",
        "osmId": 9190264081,
        "osmSource": "overpass",
        "cultureText": "来自 OSM/Overpass 的南宁生态文化相关公共空间。",
        "greenScore": 74,
        "quietScore": 70
      },
      "geometry": {
        "type": "Point",
        "coordinates": [
          108.4752748,
          22.7290963
        ]
      }
    },
    {
      "type": "Feature",
      "id": "node/9190264082",
      "properties": {
        "name": "山东寿光园",
        "category": "景观点",
        "tags": [
          "tourism:attraction"
        ],
        "osmType": "node",
        "osmId": 9190264082,
        "osmSource": "overpass",
        "cultureText": "来自 OSM/Overpass 的南宁生态文化相关公共空间。",
        "greenScore": 74,
        "quietScore": 70
      },
      "geometry": {
        "type": "Point",
        "coordinates": [
          108.4748459,
          22.7288582
        ]
      }
    },
    {
      "type": "Feature",
      "id": "node/9190264083",
      "properties": {
        "name": "沈阳园",
        "category": "景观点",
        "tags": [
          "tourism:attraction"
        ],
        "osmType": "node",
        "osmId": 9190264083,
        "osmSource": "overpass",
        "cultureText": "来自 OSM/Overpass 的南宁生态文化相关公共空间。",
        "greenScore": 74,
        "quietScore": 70
      },
      "geometry": {
        "type": "Point",
        "coordinates": [
          108.4768218,
          22.7285901
        ]
      }
    },
    {
      "type": "Feature",
      "id": "node/9190264084",
      "properties": {
        "name": "晋中园",
        "category": "景观点",
        "tags": [
          "tourism:attraction"
        ],
        "osmType": "node",
        "osmId": 9190264084,
        "osmSource": "overpass",
        "cultureText": "来自 OSM/Overpass 的南宁生态文化相关公共空间。",
        "greenScore": 74,
        "quietScore": 70
      },
      "geometry": {
        "type": "Point",
        "coordinates": [
          108.4766408,
          22.7289426
        ]
      }
    },
    {
      "type": "Feature",
      "id": "node/9190264085",
      "properties": {
        "name": "天津园",
        "category": "景观点",
        "tags": [
          "tourism:attraction"
        ],
        "osmType": "node",
        "osmId": 9190264085,
        "osmSource": "overpass",
        "cultureText": "来自 OSM/Overpass 的南宁生态文化相关公共空间。",
        "greenScore": 74,
        "quietScore": 70
      },
      "geometry": {
        "type": "Point",
        "coordinates": [
          108.4763797,
          22.7296922
        ]
      }
    },
    {
      "type": "Feature",
      "id": "node/9190264086",
      "properties": {
        "name": "西安园",
        "category": "景观点",
        "tags": [
          "tourism:attraction"
        ],
        "osmType": "node",
        "osmId": 9190264086,
        "osmSource": "overpass",
        "cultureText": "来自 OSM/Overpass 的南宁生态文化相关公共空间。",
        "greenScore": 74,
        "quietScore": 70
      },
      "geometry": {
        "type": "Point",
        "coordinates": [
          108.4766954,
          22.7293419
        ]
      }
    },
    {
      "type": "Feature",
      "id": "node/9190264087",
      "properties": {
        "name": "昆山园",
        "category": "景观点",
        "tags": [
          "tourism:attraction"
        ],
        "osmType": "node",
        "osmId": 9190264087,
        "osmSource": "overpass",
        "cultureText": "来自 OSM/Overpass 的南宁生态文化相关公共空间。",
        "greenScore": 74,
        "quietScore": 70
      },
      "geometry": {
        "type": "Point",
        "coordinates": [
          108.4747892,
          22.7294151
        ]
      }
    },
    {
      "type": "Feature",
      "id": "node/9190264088",
      "properties": {
        "name": "苏州园",
        "category": "景观点",
        "tags": [
          "tourism:attraction"
        ],
        "osmType": "node",
        "osmId": 9190264088,
        "osmSource": "overpass",
        "cultureText": "来自 OSM/Overpass 的南宁生态文化相关公共空间。",
        "greenScore": 74,
        "quietScore": 70
      },
      "geometry": {
        "type": "Point",
        "coordinates": [
          108.4743654,
          22.7292889
        ]
      }
    },
    {
      "type": "Feature",
      "id": "node/9190264089",
      "properties": {
        "name": "杭州园",
        "category": "景观点",
        "tags": [
          "tourism:attraction"
        ],
        "osmType": "node",
        "osmId": 9190264089,
        "osmSource": "overpass",
        "cultureText": "来自 OSM/Overpass 的南宁生态文化相关公共空间。",
        "greenScore": 74,
        "quietScore": 70
      },
      "geometry": {
        "type": "Point",
        "coordinates": [
          108.4739845,
          22.7284379
        ]
      }
    },
    {
      "type": "Feature",
      "id": "node/9190264090",
      "properties": {
        "name": "成都园",
        "category": "景观点",
        "tags": [
          "tourism:attraction"
        ],
        "osmType": "node",
        "osmId": 9190264090,
        "osmSource": "overpass",
        "cultureText": "来自 OSM/Overpass 的南宁生态文化相关公共空间。",
        "greenScore": 74,
        "quietScore": 70
      },
      "geometry": {
        "type": "Point",
        "coordinates": [
          108.4731476,
          22.7285987
        ]
      }
    },
    {
      "type": "Feature",
      "id": "node/9190264091",
      "properties": {
        "name": "三亚园",
        "category": "景观点",
        "tags": [
          "tourism:attraction"
        ],
        "osmType": "node",
        "osmId": 9190264091,
        "osmSource": "overpass",
        "cultureText": "来自 OSM/Overpass 的南宁生态文化相关公共空间。",
        "greenScore": 74,
        "quietScore": 70
      },
      "geometry": {
        "type": "Point",
        "coordinates": [
          108.4726648,
          22.7286705
        ]
      }
    },
    {
      "type": "Feature",
      "id": "node/9190264092",
      "properties": {
        "name": "宁波园",
        "category": "景观点",
        "tags": [
          "tourism:attraction"
        ],
        "osmType": "node",
        "osmId": 9190264092,
        "osmSource": "overpass",
        "cultureText": "来自 OSM/Overpass 的南宁生态文化相关公共空间。",
        "greenScore": 74,
        "quietScore": 70
      },
      "geometry": {
        "type": "Point",
        "coordinates": [
          108.4724837,
          22.7290058
        ]
      }
    },
    {
      "type": "Feature",
      "id": "node/9190264093",
      "properties": {
        "name": "昆明园",
        "category": "景观点",
        "tags": [
          "tourism:attraction"
        ],
        "osmType": "node",
        "osmId": 9190264093,
        "osmSource": "overpass",
        "cultureText": "来自 OSM/Overpass 的南宁生态文化相关公共空间。",
        "greenScore": 74,
        "quietScore": 70
      },
      "geometry": {
        "type": "Point",
        "coordinates": [
          108.4723537,
          22.7294102
        ]
      }
    },
    {
      "type": "Feature",
      "id": "node/9190264094",
      "properties": {
        "name": "黔锦苗韵（贵阳园）",
        "category": "景观点",
        "tags": [
          "tourism:attraction"
        ],
        "osmType": "node",
        "osmId": 9190264094,
        "osmSource": "overpass",
        "cultureText": "来自 OSM/Overpass 的南宁生态文化相关公共空间。",
        "greenScore": 74,
        "quietScore": 70
      },
      "geometry": {
        "type": "Point",
        "coordinates": [
          108.4723363,
          22.7297556
        ]
      }
    },
    {
      "type": "Feature",
      "id": "node/9190264095",
      "properties": {
        "name": "徐州园",
        "category": "景观点",
        "tags": [
          "tourism:attraction"
        ],
        "osmType": "node",
        "osmId": 9190264095,
        "osmSource": "overpass",
        "cultureText": "来自 OSM/Overpass 的南宁生态文化相关公共空间。",
        "greenScore": 74,
        "quietScore": 70
      },
      "geometry": {
        "type": "Point",
        "coordinates": [
          108.4758847,
          22.7213797
        ]
      }
    },
    {
      "type": "Feature",
      "id": "node/9190264096",
      "properties": {
        "name": "南昌园",
        "category": "景观点",
        "tags": [
          "tourism:attraction"
        ],
        "osmType": "node",
        "osmId": 9190264096,
        "osmSource": "overpass",
        "cultureText": "来自 OSM/Overpass 的南宁生态文化相关公共空间。",
        "greenScore": 74,
        "quietScore": 70
      },
      "geometry": {
        "type": "Point",
        "coordinates": [
          108.4761891,
          22.7215821
        ]
      }
    },
    {
      "type": "Feature",
      "id": "node/9190264097",
      "properties": {
        "name": "长沙园",
        "category": "景观点",
        "tags": [
          "tourism:attraction"
        ],
        "osmType": "node",
        "osmId": 9190264097,
        "osmSource": "overpass",
        "cultureText": "来自 OSM/Overpass 的南宁生态文化相关公共空间。",
        "greenScore": 74,
        "quietScore": 70
      },
      "geometry": {
        "type": "Point",
        "coordinates": [
          108.4735364,
          22.7292676
        ]
      }
    },
    {
      "type": "Feature",
      "id": "node/9190264098",
      "properties": {
        "name": "广州园",
        "category": "景观点",
        "tags": [
          "tourism:attraction"
        ],
        "osmType": "node",
        "osmId": 9190264098,
        "osmSource": "overpass",
        "cultureText": "来自 OSM/Overpass 的南宁生态文化相关公共空间。",
        "greenScore": 74,
        "quietScore": 70
      },
      "geometry": {
        "type": "Point",
        "coordinates": [
          108.4731218,
          22.7298751
        ]
      }
    },
    {
      "type": "Feature",
      "id": "node/9190264099",
      "properties": {
        "name": "南京园",
        "category": "景观点",
        "tags": [
          "tourism:attraction"
        ],
        "osmType": "node",
        "osmId": 9190264099,
        "osmSource": "overpass",
        "cultureText": "来自 OSM/Overpass 的南宁生态文化相关公共空间。",
        "greenScore": 74,
        "quietScore": 70
      },
      "geometry": {
        "type": "Point",
        "coordinates": [
          108.4734816,
          22.7303797
        ]
      }
    },
    {
      "type": "Feature",
      "id": "node/9190264100",
      "properties": {
        "name": "重庆园",
        "category": "景观点",
        "tags": [
          "tourism:attraction"
        ],
        "osmType": "node",
        "osmId": 9190264100,
        "osmSource": "overpass",
        "cultureText": "来自 OSM/Overpass 的南宁生态文化相关公共空间。",
        "greenScore": 74,
        "quietScore": 70
      },
      "geometry": {
        "type": "Point",
        "coordinates": [
          108.4736446,
          22.7307665
        ]
      }
    },
    {
      "type": "Feature",
      "id": "node/9190264101",
      "properties": {
        "name": "茉莉花园",
        "category": "绿城生态文化点",
        "tags": [
          "leisure:garden"
        ],
        "osmType": "node",
        "osmId": 9190264101,
        "osmSource": "overpass",
        "cultureText": "来自 OSM/Overpass 的南宁生态文化相关公共空间。",
        "greenScore": 86,
        "quietScore": 70
      },
      "geometry": {
        "type": "Point",
        "coordinates": [
          108.4726463,
          22.7305886
        ]
      }
    },
    {
      "type": "Feature",
      "id": "node/9190264102",
      "properties": {
        "name": "印尼·西爪哇省园",
        "category": "景观点",
        "tags": [
          "tourism:attraction"
        ],
        "osmType": "node",
        "osmId": 9190264102,
        "osmSource": "overpass",
        "cultureText": "来自 OSM/Overpass 的南宁生态文化相关公共空间。",
        "greenScore": 74,
        "quietScore": 70
      },
      "geometry": {
        "type": "Point",
        "coordinates": [
          108.4775151,
          22.7303726
        ]
      }
    },
    {
      "type": "Feature",
      "id": "node/9190264104",
      "properties": {
        "name": "马来西亚园",
        "category": "景观点",
        "tags": [
          "tourism:attraction"
        ],
        "osmType": "node",
        "osmId": 9190264104,
        "osmSource": "overpass",
        "cultureText": "来自 OSM/Overpass 的南宁生态文化相关公共空间。",
        "greenScore": 74,
        "quietScore": 70
      },
      "geometry": {
        "type": "Point",
        "coordinates": [
          108.4779898,
          22.7298184
        ]
      }
    },
    {
      "type": "Feature",
      "id": "node/9190264105",
      "properties": {
        "name": "缅甸·仰光市园",
        "category": "景观点",
        "tags": [
          "tourism:attraction"
        ],
        "osmType": "node",
        "osmId": 9190264105,
        "osmSource": "overpass",
        "cultureText": "来自 OSM/Overpass 的南宁生态文化相关公共空间。",
        "greenScore": 74,
        "quietScore": 70
      },
      "geometry": {
        "type": "Point",
        "coordinates": [
          108.4774936,
          22.7296131
        ]
      }
    },
    {
      "type": "Feature",
      "id": "node/9190264106",
      "properties": {
        "name": "泰国·孔敬市园",
        "category": "景观点",
        "tags": [
          "tourism:attraction"
        ],
        "osmType": "node",
        "osmId": 9190264106,
        "osmSource": "overpass",
        "cultureText": "来自 OSM/Overpass 的南宁生态文化相关公共空间。",
        "greenScore": 74,
        "quietScore": 70
      },
      "geometry": {
        "type": "Point",
        "coordinates": [
          108.4783251,
          22.7296057
        ]
      }
    },
    {
      "type": "Feature",
      "id": "node/9190264107",
      "properties": {
        "name": "新加坡园",
        "category": "景观点",
        "tags": [
          "tourism:attraction"
        ],
        "osmType": "node",
        "osmId": 9190264107,
        "osmSource": "overpass",
        "cultureText": "来自 OSM/Overpass 的南宁生态文化相关公共空间。",
        "greenScore": 74,
        "quietScore": 70
      },
      "geometry": {
        "type": "Point",
        "coordinates": [
          108.478647,
          22.7295414
        ]
      }
    },
    {
      "type": "Feature",
      "id": "node/9190264108",
      "properties": {
        "name": "文莱园",
        "category": "景观点",
        "tags": [
          "tourism:attraction"
        ],
        "osmType": "node",
        "osmId": 9190264108,
        "osmSource": "overpass",
        "cultureText": "来自 OSM/Overpass 的南宁生态文化相关公共空间。",
        "greenScore": 74,
        "quietScore": 70
      },
      "geometry": {
        "type": "Point",
        "coordinates": [
          108.4779791,
          22.7292123
        ]
      }
    },
    {
      "type": "Feature",
      "id": "node/9190264109",
      "properties": {
        "name": "老挝·万象市园",
        "category": "景观点",
        "tags": [
          "tourism:attraction"
        ],
        "osmType": "node",
        "osmId": 9190264109,
        "osmSource": "overpass",
        "cultureText": "来自 OSM/Overpass 的南宁生态文化相关公共空间。",
        "greenScore": 74,
        "quietScore": 70
      },
      "geometry": {
        "type": "Point",
        "coordinates": [
          108.4781025,
          22.728814
        ]
      }
    },
    {
      "type": "Feature",
      "id": "node/9190264110",
      "properties": {
        "name": "越南·海防市园",
        "category": "景观点",
        "tags": [
          "tourism:attraction"
        ],
        "osmType": "node",
        "osmId": 9190264110,
        "osmSource": "overpass",
        "cultureText": "来自 OSM/Overpass 的南宁生态文化相关公共空间。",
        "greenScore": 74,
        "quietScore": 70
      },
      "geometry": {
        "type": "Point",
        "coordinates": [
          108.4782822,
          22.7291307
        ]
      }
    },
    {
      "type": "Feature",
      "id": "node/9193105579",
      "properties": {
        "name": "兰州园",
        "category": "景观点",
        "tags": [
          "tourism:attraction"
        ],
        "osmType": "node",
        "osmId": 9193105579,
        "osmSource": "overpass",
        "cultureText": "来自 OSM/Overpass 的南宁生态文化相关公共空间。",
        "greenScore": 74,
        "quietScore": 70
      },
      "geometry": {
        "type": "Point",
        "coordinates": [
          108.4757532,
          22.7223496
        ]
      }
    },
    {
      "type": "Feature",
      "id": "node/9193105580",
      "properties": {
        "name": "西宁园",
        "category": "景观点",
        "tags": [
          "tourism:attraction"
        ],
        "osmType": "node",
        "osmId": 9193105580,
        "osmSource": "overpass",
        "cultureText": "来自 OSM/Overpass 的南宁生态文化相关公共空间。",
        "greenScore": 74,
        "quietScore": 70
      },
      "geometry": {
        "type": "Point",
        "coordinates": [
          108.4760287,
          22.7226361
        ]
      }
    },
    {
      "type": "Feature",
      "id": "node/9193163185",
      "properties": {
        "name": "善成邕州",
        "category": "景观点",
        "tags": [
          "tourism:attraction"
        ],
        "osmType": "node",
        "osmId": 9193163185,
        "osmSource": "overpass",
        "cultureText": "来自 OSM/Overpass 的南宁生态文化相关公共空间。",
        "greenScore": 74,
        "quietScore": 70
      },
      "geometry": {
        "type": "Point",
        "coordinates": [
          108.4756029,
          22.7276635
        ]
      }
    },
    {
      "type": "Feature",
      "id": "node/9271436557",
      "properties": {
        "name": "东大门广场",
        "category": "绿城生态文化点",
        "tags": [
          "leisure:park"
        ],
        "osmType": "node",
        "osmId": 9271436557,
        "osmSource": "overpass",
        "cultureText": "来自 OSM/Overpass 的南宁生态文化相关公共空间。",
        "greenScore": 86,
        "quietScore": 70
      },
      "geometry": {
        "type": "Point",
        "coordinates": [
          108.4801496,
          22.7281378
        ]
      }
    },
    {
      "type": "Feature",
      "id": "node/9271436559",
      "properties": {
        "name": "北门广场",
        "category": "绿城生态文化点",
        "tags": [
          "leisure:park"
        ],
        "osmType": "node",
        "osmId": 9271436559,
        "osmSource": "overpass",
        "cultureText": "来自 OSM/Overpass 的南宁生态文化相关公共空间。",
        "greenScore": 86,
        "quietScore": 70
      },
      "geometry": {
        "type": "Point",
        "coordinates": [
          108.4742656,
          22.7370851
        ]
      }
    },
    {
      "type": "Feature",
      "id": "node/9271436560",
      "properties": {
        "name": "东3门",
        "category": "绿城生态文化点",
        "tags": [
          "leisure:park"
        ],
        "osmType": "node",
        "osmId": 9271436560,
        "osmSource": "overpass",
        "cultureText": "来自 OSM/Overpass 的南宁生态文化相关公共空间。",
        "greenScore": 86,
        "quietScore": 70
      },
      "geometry": {
        "type": "Point",
        "coordinates": [
          108.4806471,
          22.7236297
        ]
      }
    },
    {
      "type": "Feature",
      "id": "node/9271436561",
      "properties": {
        "name": "东4门",
        "category": "绿城生态文化点",
        "tags": [
          "leisure:park"
        ],
        "osmType": "node",
        "osmId": 9271436561,
        "osmSource": "overpass",
        "cultureText": "来自 OSM/Overpass 的南宁生态文化相关公共空间。",
        "greenScore": 86,
        "quietScore": 70
      },
      "geometry": {
        "type": "Point",
        "coordinates": [
          108.4808865,
          22.7205771
        ]
      }
    },
    {
      "type": "Feature",
      "id": "node/9275141028",
      "properties": {
        "name": "凤岭水世界",
        "category": "绿城生态文化点",
        "tags": [
          "leisure:water_park"
        ],
        "osmType": "node",
        "osmId": 9275141028,
        "osmSource": "overpass",
        "cultureText": "来自 OSM/Overpass 的南宁生态文化相关公共空间。",
        "greenScore": 86,
        "quietScore": 70
      },
      "geometry": {
        "type": "Point",
        "coordinates": [
          108.3953312,
          22.8268408
        ]
      }
    },
    {
      "type": "Feature",
      "id": "node/9275141029",
      "properties": {
        "name": "梦幻乐园",
        "category": "景观点",
        "tags": [
          "tourism:attraction"
        ],
        "osmType": "node",
        "osmId": 9275141029,
        "osmSource": "overpass",
        "cultureText": "来自 OSM/Overpass 的南宁生态文化相关公共空间。",
        "greenScore": 74,
        "quietScore": 70
      },
      "geometry": {
        "type": "Point",
        "coordinates": [
          108.3986982,
          22.8260176
        ]
      }
    },
    {
      "type": "Feature",
      "id": "node/9275141030",
      "properties": {
        "name": "梦幻王国",
        "category": "景观点",
        "tags": [
          "tourism:attraction"
        ],
        "osmType": "node",
        "osmId": 9275141030,
        "osmSource": "overpass",
        "cultureText": "来自 OSM/Overpass 的南宁生态文化相关公共空间。",
        "greenScore": 74,
        "quietScore": 70
      },
      "geometry": {
        "type": "Point",
        "coordinates": [
          108.3961826,
          22.8254496
        ]
      }
    },
    {
      "type": "Feature",
      "id": "node/9275141031",
      "properties": {
        "name": "乡村体验园",
        "category": "景观点",
        "tags": [
          "tourism:attraction"
        ],
        "osmType": "node",
        "osmId": 9275141031,
        "osmSource": "overpass",
        "cultureText": "来自 OSM/Overpass 的南宁生态文化相关公共空间。",
        "greenScore": 74,
        "quietScore": 70
      },
      "geometry": {
        "type": "Point",
        "coordinates": [
          108.3928416,
          22.8238244
        ]
      }
    },
    {
      "type": "Feature",
      "id": "node/9275141032",
      "properties": {
        "name": "梦幻花园",
        "category": "景观点",
        "tags": [
          "tourism:attraction"
        ],
        "osmType": "node",
        "osmId": 9275141032,
        "osmSource": "overpass",
        "cultureText": "来自 OSM/Overpass 的南宁生态文化相关公共空间。",
        "greenScore": 74,
        "quietScore": 70
      },
      "geometry": {
        "type": "Point",
        "coordinates": [
          108.3954711,
          22.8238719
        ]
      }
    },
    {
      "type": "Feature",
      "id": "node/9275141033",
      "properties": {
        "name": "梦幻海湾",
        "category": "景观点",
        "tags": [
          "tourism:attraction"
        ],
        "osmType": "node",
        "osmId": 9275141033,
        "osmSource": "overpass",
        "cultureText": "来自 OSM/Overpass 的南宁生态文化相关公共空间。",
        "greenScore": 74,
        "quietScore": 70
      },
      "geometry": {
        "type": "Point",
        "coordinates": [
          108.3980853,
          22.8252173
        ]
      }
    },
    {
      "type": "Feature",
      "id": "node/9275141034",
      "properties": {
        "name": "北入口",
        "category": "绿城生态文化点",
        "tags": [
          "leisure:park"
        ],
        "osmType": "node",
        "osmId": 9275141034,
        "osmSource": "overpass",
        "cultureText": "来自 OSM/Overpass 的南宁生态文化相关公共空间。",
        "greenScore": 86,
        "quietScore": 70
      },
      "geometry": {
        "type": "Point",
        "coordinates": [
          108.3936693,
          22.8269204
        ]
      }
    },
    {
      "type": "Feature",
      "id": "node/9275141035",
      "properties": {
        "name": "北次入口",
        "category": "绿城生态文化点",
        "tags": [
          "leisure:park"
        ],
        "osmType": "node",
        "osmId": 9275141035,
        "osmSource": "overpass",
        "cultureText": "来自 OSM/Overpass 的南宁生态文化相关公共空间。",
        "greenScore": 86,
        "quietScore": 70
      },
      "geometry": {
        "type": "Point",
        "coordinates": [
          108.3915908,
          22.8259672
        ]
      }
    },
    {
      "type": "Feature",
      "id": "node/9275141036",
      "properties": {
        "name": "南入口",
        "category": "绿城生态文化点",
        "tags": [
          "leisure:park"
        ],
        "osmType": "node",
        "osmId": 9275141036,
        "osmSource": "overpass",
        "cultureText": "来自 OSM/Overpass 的南宁生态文化相关公共空间。",
        "greenScore": 86,
        "quietScore": 70
      },
      "geometry": {
        "type": "Point",
        "coordinates": [
          108.3927755,
          22.8202471
        ]
      }
    },
    {
      "type": "Feature",
      "id": "node/9283671774",
      "properties": {
        "name": "公园管理中心",
        "category": "绿城生态文化点",
        "tags": [
          "leisure:park"
        ],
        "osmType": "node",
        "osmId": 9283671774,
        "osmSource": "overpass",
        "cultureText": "来自 OSM/Overpass 的南宁生态文化相关公共空间。",
        "greenScore": 86,
        "quietScore": 70
      },
      "geometry": {
        "type": "Point",
        "coordinates": [
          108.4799175,
          22.7202114
        ]
      }
    },
    {
      "type": "Feature",
      "id": "node/9285163187",
      "properties": {
        "name": "东门",
        "category": "绿城生态文化点",
        "tags": [
          "leisure:park"
        ],
        "osmType": "node",
        "osmId": 9285163187,
        "osmSource": "overpass",
        "cultureText": "来自 OSM/Overpass 的南宁生态文化相关公共空间。",
        "greenScore": 86,
        "quietScore": 70
      },
      "geometry": {
        "type": "Point",
        "coordinates": [
          108.410327,
          22.8040848
        ]
      }
    },
    {
      "type": "Feature",
      "id": "node/9288016034",
      "properties": {
        "name": "广西艺术中心(保利)大剧院",
        "category": "文化艺术点",
        "tags": [
          "amenity:theatre"
        ],
        "osmType": "node",
        "osmId": 9288016034,
        "osmSource": "overpass",
        "cultureText": "来自 OSM/Overpass 的南宁生态文化相关公共空间。",
        "greenScore": 74,
        "quietScore": 70
      },
      "geometry": {
        "type": "Point",
        "coordinates": [
          108.365521,
          22.7802791
        ]
      }
    },
    {
      "type": "Feature",
      "id": "node/9288016112",
      "properties": {
        "name": "绿城生态文化点 water_park",
        "category": "绿城生态文化点",
        "tags": [
          "leisure:water_park"
        ],
        "osmType": "node",
        "osmId": 9288016112,
        "osmSource": "overpass",
        "cultureText": "来自 OSM/Overpass 的南宁生态文化相关公共空间。",
        "greenScore": 86,
        "quietScore": 70
      },
      "geometry": {
        "type": "Point",
        "coordinates": [
          108.4657986,
          22.7679565
        ]
      }
    },
    {
      "type": "Feature",
      "id": "node/9370234467",
      "properties": {
        "name": "太空飞梭",
        "category": "景观点",
        "tags": [
          "tourism:attraction"
        ],
        "osmType": "node",
        "osmId": 9370234467,
        "osmSource": "overpass",
        "cultureText": "来自 OSM/Overpass 的南宁生态文化相关公共空间。",
        "greenScore": 74,
        "quietScore": 70
      },
      "geometry": {
        "type": "Point",
        "coordinates": [
          108.4135192,
          22.7667492
        ]
      }
    },
    {
      "type": "Feature",
      "id": "node/9370234468",
      "properties": {
        "name": "塔銮盛典",
        "category": "景观点",
        "tags": [
          "tourism:attraction"
        ],
        "osmType": "node",
        "osmId": 9370234468,
        "osmSource": "overpass",
        "cultureText": "来自 OSM/Overpass 的南宁生态文化相关公共空间。",
        "greenScore": 74,
        "quietScore": 70
      },
      "geometry": {
        "type": "Point",
        "coordinates": [
          108.4124827,
          22.7634741
        ]
      }
    },
    {
      "type": "Feature",
      "id": "node/9370234469",
      "properties": {
        "name": "走进吴哥",
        "category": "景观点",
        "tags": [
          "tourism:attraction"
        ],
        "osmType": "node",
        "osmId": 9370234469,
        "osmSource": "overpass",
        "cultureText": "来自 OSM/Overpass 的南宁生态文化相关公共空间。",
        "greenScore": 74,
        "quietScore": 70
      },
      "geometry": {
        "type": "Point",
        "coordinates": [
          108.408039,
          22.7646977
        ]
      }
    },
    {
      "type": "Feature",
      "id": "node/9370234471",
      "properties": {
        "name": "千岛之歌",
        "category": "景观点",
        "tags": [
          "tourism:attraction"
        ],
        "osmType": "node",
        "osmId": 9370234471,
        "osmSource": "overpass",
        "cultureText": "来自 OSM/Overpass 的南宁生态文化相关公共空间。",
        "greenScore": 74,
        "quietScore": 70
      },
      "geometry": {
        "type": "Point",
        "coordinates": [
          108.411755,
          22.7635959
        ]
      }
    },
    {
      "type": "Feature",
      "id": "node/9370234472",
      "properties": {
        "name": "马六甲勇士",
        "category": "景观点",
        "tags": [
          "tourism:attraction"
        ],
        "osmType": "node",
        "osmId": 9370234472,
        "osmSource": "overpass",
        "cultureText": "来自 OSM/Overpass 的南宁生态文化相关公共空间。",
        "greenScore": 74,
        "quietScore": 70
      },
      "geometry": {
        "type": "Point",
        "coordinates": [
          108.4140171,
          22.7638357
        ]
      }
    },
    {
      "type": "Feature",
      "id": "node/9370234473",
      "properties": {
        "name": "七彩之旅",
        "category": "景观点",
        "tags": [
          "tourism:attraction"
        ],
        "osmType": "node",
        "osmId": 9370234473,
        "osmSource": "overpass",
        "cultureText": "来自 OSM/Overpass 的南宁生态文化相关公共空间。",
        "greenScore": 74,
        "quietScore": 70
      },
      "geometry": {
        "type": "Point",
        "coordinates": [
          108.4165909,
          22.7646501
        ]
      }
    },
    {
      "type": "Feature",
      "id": "node/9370234474",
      "properties": {
        "name": "相约下龙湾",
        "category": "景观点",
        "tags": [
          "tourism:attraction"
        ],
        "osmType": "node",
        "osmId": 9370234474,
        "osmSource": "overpass",
        "cultureText": "来自 OSM/Overpass 的南宁生态文化相关公共空间。",
        "greenScore": 74,
        "quietScore": 70
      },
      "geometry": {
        "type": "Point",
        "coordinates": [
          108.4158361,
          22.7670743
        ]
      }
    },
    {
      "type": "Feature",
      "id": "node/9370234477",
      "properties": {
        "name": "拉玛传奇",
        "category": "景观点",
        "tags": [
          "tourism:attraction"
        ],
        "osmType": "node",
        "osmId": 9370234477,
        "osmSource": "overpass",
        "cultureText": "来自 OSM/Overpass 的南宁生态文化相关公共空间。",
        "greenScore": 74,
        "quietScore": 70
      },
      "geometry": {
        "type": "Point",
        "coordinates": [
          108.412076,
          22.7651618
        ]
      }
    },
    {
      "type": "Feature",
      "id": "node/9370234478",
      "properties": {
        "name": "马尼拉 马尼拉",
        "category": "景观点",
        "tags": [
          "tourism:attraction"
        ],
        "osmType": "node",
        "osmId": 9370234478,
        "osmSource": "overpass",
        "cultureText": "来自 OSM/Overpass 的南宁生态文化相关公共空间。",
        "greenScore": 74,
        "quietScore": 70
      },
      "geometry": {
        "type": "Point",
        "coordinates": [
          108.4104744,
          22.7685059
        ]
      }
    },
    {
      "type": "Feature",
      "id": "node/9370234479",
      "properties": {
        "name": "寻找鱼尾狮",
        "category": "景观点",
        "tags": [
          "tourism:attraction"
        ],
        "osmType": "node",
        "osmId": 9370234479,
        "osmSource": "overpass",
        "cultureText": "来自 OSM/Overpass 的南宁生态文化相关公共空间。",
        "greenScore": 74,
        "quietScore": 70
      },
      "geometry": {
        "type": "Point",
        "coordinates": [
          108.4112701,
          22.7679421
        ]
      }
    },
    {
      "type": "Feature",
      "id": "node/9370234514",
      "properties": {
        "name": "七彩跳伞塔",
        "category": "景观点",
        "tags": [
          "tourism:attraction"
        ],
        "osmType": "node",
        "osmId": 9370234514,
        "osmSource": "overpass",
        "cultureText": "来自 OSM/Overpass 的南宁生态文化相关公共空间。",
        "greenScore": 74,
        "quietScore": 70
      },
      "geometry": {
        "type": "Point",
        "coordinates": [
          108.4088968,
          22.7665818
        ]
      }
    },
    {
      "type": "Feature",
      "id": "node/9370234516",
      "properties": {
        "name": "伴你飞翔",
        "category": "景观点",
        "tags": [
          "tourism:attraction"
        ],
        "osmType": "node",
        "osmId": 9370234516,
        "osmSource": "overpass",
        "cultureText": "来自 OSM/Overpass 的南宁生态文化相关公共空间。",
        "greenScore": 74,
        "quietScore": 70
      },
      "geometry": {
        "type": "Point",
        "coordinates": [
          108.4093538,
          22.7682902
        ]
      }
    },
    {
      "type": "Feature",
      "id": "node/9370260817",
      "properties": {
        "name": "千岛附属舞台",
        "category": "景观点",
        "tags": [
          "tourism:attraction"
        ],
        "osmType": "node",
        "osmId": 9370260817,
        "osmSource": "overpass",
        "cultureText": "来自 OSM/Overpass 的南宁生态文化相关公共空间。",
        "greenScore": 74,
        "quietScore": 70
      },
      "geometry": {
        "type": "Point",
        "coordinates": [
          108.4105889,
          22.7641687
        ]
      }
    },
    {
      "type": "Feature",
      "id": "node/9410201813",
      "properties": {
        "name": "北侧门",
        "category": "绿城生态文化点",
        "tags": [
          "leisure:park"
        ],
        "osmType": "node",
        "osmId": 9410201813,
        "osmSource": "overpass",
        "cultureText": "来自 OSM/Overpass 的南宁生态文化相关公共空间。",
        "greenScore": 86,
        "quietScore": 70
      },
      "geometry": {
        "type": "Point",
        "coordinates": [
          108.4666157,
          22.738049
        ]
      }
    },
    {
      "type": "Feature",
      "id": "node/9547244391",
      "properties": {
        "name": "蒲津公园大门",
        "category": "绿城生态文化点",
        "tags": [
          "leisure:park"
        ],
        "osmType": "node",
        "osmId": 9547244391,
        "osmSource": "overpass",
        "cultureText": "来自 OSM/Overpass 的南宁生态文化相关公共空间。",
        "greenScore": 86,
        "quietScore": 70
      },
      "geometry": {
        "type": "Point",
        "coordinates": [
          108.4880479,
          22.7563453
        ]
      }
    },
    {
      "type": "Feature",
      "id": "node/9547244392",
      "properties": {
        "name": "蒲津公园南门",
        "category": "绿城生态文化点",
        "tags": [
          "leisure:park"
        ],
        "osmType": "node",
        "osmId": 9547244392,
        "osmSource": "overpass",
        "cultureText": "来自 OSM/Overpass 的南宁生态文化相关公共空间。",
        "greenScore": 86,
        "quietScore": 70
      },
      "geometry": {
        "type": "Point",
        "coordinates": [
          108.4880907,
          22.7511143
        ]
      }
    },
    {
      "type": "Feature",
      "id": "node/9580495601",
      "properties": {
        "name": "玲珑岛",
        "category": "景观点",
        "tags": [
          "tourism:attraction"
        ],
        "osmType": "node",
        "osmId": 9580495601,
        "osmSource": "overpass",
        "cultureText": "来自 OSM/Overpass 的南宁生态文化相关公共空间。",
        "greenScore": 74,
        "quietScore": 70
      },
      "geometry": {
        "type": "Point",
        "coordinates": [
          108.4767668,
          22.7347062
        ]
      }
    },
    {
      "type": "Feature",
      "id": "node/9754527585",
      "properties": {
        "name": "陈东港公园",
        "category": "绿城生态文化点",
        "tags": [
          "leisure:park"
        ],
        "osmType": "node",
        "osmId": 9754527585,
        "osmSource": "overpass",
        "cultureText": "来自 OSM/Overpass 的南宁生态文化相关公共空间。",
        "greenScore": 86,
        "quietScore": 70
      },
      "geometry": {
        "type": "Point",
        "coordinates": [
          108.2552798,
          22.8308842
        ]
      }
    },
    {
      "type": "Feature",
      "id": "node/11113261213",
      "properties": {
        "name": "黄旭初旧居",
        "category": "博物馆",
        "tags": [
          "tourism:museum"
        ],
        "osmType": "node",
        "osmId": 11113261213,
        "osmSource": "overpass",
        "cultureText": "来自 OSM/Overpass 的南宁生态文化相关公共空间。",
        "greenScore": 74,
        "quietScore": 70
      },
      "geometry": {
        "type": "Point",
        "coordinates": [
          108.3178045,
          22.8130061
        ]
      }
    },
    {
      "type": "Feature",
      "id": "node/11113261214",
      "properties": {
        "name": "邕宁电报局旧址",
        "category": "博物馆",
        "tags": [
          "tourism:museum"
        ],
        "osmType": "node",
        "osmId": 11113261214,
        "osmSource": "overpass",
        "cultureText": "来自 OSM/Overpass 的南宁生态文化相关公共空间。",
        "greenScore": 74,
        "quietScore": 70
      },
      "geometry": {
        "type": "Point",
        "coordinates": [
          108.3175252,
          22.8131806
        ]
      }
    },
    {
      "type": "Feature",
      "id": "node/11230623046",
      "properties": {
        "name": "民歌湖演艺厅",
        "category": "文化艺术点",
        "tags": [
          "amenity:theatre"
        ],
        "osmType": "node",
        "osmId": 11230623046,
        "osmSource": "overpass",
        "cultureText": "来自 OSM/Overpass 的南宁生态文化相关公共空间。",
        "greenScore": 74,
        "quietScore": 70
      },
      "geometry": {
        "type": "Point",
        "coordinates": [
          108.3710646,
          22.8140027
        ]
      }
    },
    {
      "type": "Feature",
      "id": "node/11377161031",
      "properties": {
        "name": "水塘江乐水公园",
        "category": "绿城生态文化点",
        "tags": [
          "leisure:park"
        ],
        "osmType": "node",
        "osmId": 11377161031,
        "osmSource": "overpass",
        "cultureText": "来自 OSM/Overpass 的南宁生态文化相关公共空间。",
        "greenScore": 86,
        "quietScore": 70
      },
      "geometry": {
        "type": "Point",
        "coordinates": [
          108.3077862,
          22.7540064
        ]
      }
    },
    {
      "type": "Feature",
      "id": "node/11377161032",
      "properties": {
        "name": "力波体育休闲公园",
        "category": "绿城生态文化点",
        "tags": [
          "leisure:park"
        ],
        "osmType": "node",
        "osmId": 11377161032,
        "osmSource": "overpass",
        "cultureText": "来自 OSM/Overpass 的南宁生态文化相关公共空间。",
        "greenScore": 86,
        "quietScore": 70
      },
      "geometry": {
        "type": "Point",
        "coordinates": [
          108.3034843,
          22.7504269
        ]
      }
    },
    {
      "type": "Feature",
      "id": "node/12135700080",
      "properties": {
        "name": "南宁博物馆",
        "category": "博物馆",
        "tags": [
          "tourism:museum"
        ],
        "osmType": "node",
        "osmId": 12135700080,
        "osmSource": "overpass",
        "cultureText": "来自 OSM/Overpass 的南宁生态文化相关公共空间。",
        "greenScore": 74,
        "quietScore": 70
      },
      "geometry": {
        "type": "Point",
        "coordinates": [
          108.3782679,
          22.7779445
        ]
      }
    },
    {
      "type": "Feature",
      "id": "node/12438566903",
      "properties": {
        "name": "Aqua Market",
        "category": "景观点",
        "tags": [
          "tourism:attraction"
        ],
        "osmType": "node",
        "osmId": 12438566903,
        "osmSource": "overpass",
        "cultureText": "来自 OSM/Overpass 的南宁生态文化相关公共空间。",
        "greenScore": 74,
        "quietScore": 70
      },
      "geometry": {
        "type": "Point",
        "coordinates": [
          108.309948,
          22.8159084
        ]
      }
    },
    {
      "type": "Feature",
      "id": "node/12896426324",
      "properties": {
        "name": "董泉",
        "category": "景观点",
        "tags": [
          "tourism:attraction"
        ],
        "osmType": "node",
        "osmId": 12896426324,
        "osmSource": "overpass",
        "cultureText": "来自 OSM/Overpass 的南宁生态文化相关公共空间。",
        "greenScore": 74,
        "quietScore": 70
      },
      "geometry": {
        "type": "Point",
        "coordinates": [
          108.383646,
          22.7842039
        ]
      }
    },
    {
      "type": "Feature",
      "id": "node/12896426325",
      "properties": {
        "name": "千年苏铁园",
        "category": "景观点",
        "tags": [
          "tourism:attraction"
        ],
        "osmType": "node",
        "osmId": 12896426325,
        "osmSource": "overpass",
        "cultureText": "来自 OSM/Overpass 的南宁生态文化相关公共空间。",
        "greenScore": 74,
        "quietScore": 70
      },
      "geometry": {
        "type": "Point",
        "coordinates": [
          108.3843005,
          22.7871615
        ]
      }
    },
    {
      "type": "Feature",
      "id": "node/12896426326",
      "properties": {
        "name": "香花园",
        "category": "景观点",
        "tags": [
          "tourism:attraction"
        ],
        "osmType": "node",
        "osmId": 12896426326,
        "osmSource": "overpass",
        "cultureText": "来自 OSM/Overpass 的南宁生态文化相关公共空间。",
        "greenScore": 74,
        "quietScore": 70
      },
      "geometry": {
        "type": "Point",
        "coordinates": [
          108.3905125,
          22.7874088
        ]
      }
    },
    {
      "type": "Feature",
      "id": "node/12896426327",
      "properties": {
        "name": "丛林乐园",
        "category": "景观点",
        "tags": [
          "tourism:attraction"
        ],
        "osmType": "node",
        "osmId": 12896426327,
        "osmSource": "overpass",
        "cultureText": "来自 OSM/Overpass 的南宁生态文化相关公共空间。",
        "greenScore": 74,
        "quietScore": 70
      },
      "geometry": {
        "type": "Point",
        "coordinates": [
          108.4032315,
          22.7898222
        ]
      }
    },
    {
      "type": "Feature",
      "id": "node/12896426328",
      "properties": {
        "name": "音乐大草坪",
        "category": "景观点",
        "tags": [
          "tourism:attraction"
        ],
        "osmType": "node",
        "osmId": 12896426328,
        "osmSource": "overpass",
        "cultureText": "来自 OSM/Overpass 的南宁生态文化相关公共空间。",
        "greenScore": 74,
        "quietScore": 70
      },
      "geometry": {
        "type": "Point",
        "coordinates": [
          108.4053639,
          22.7820468
        ]
      }
    },
    {
      "type": "Feature",
      "id": "node/12896426329",
      "properties": {
        "name": "丘石花园",
        "category": "景观点",
        "tags": [
          "tourism:attraction"
        ],
        "osmType": "node",
        "osmId": 12896426329,
        "osmSource": "overpass",
        "cultureText": "来自 OSM/Overpass 的南宁生态文化相关公共空间。",
        "greenScore": 74,
        "quietScore": 70
      },
      "geometry": {
        "type": "Point",
        "coordinates": [
          108.4078019,
          22.77901
        ]
      }
    },
    {
      "type": "Feature",
      "id": "node/12896426330",
      "properties": {
        "name": "黄花风铃园",
        "category": "景观点",
        "tags": [
          "tourism:attraction"
        ],
        "osmType": "node",
        "osmId": 12896426330,
        "osmSource": "overpass",
        "cultureText": "来自 OSM/Overpass 的南宁生态文化相关公共空间。",
        "greenScore": 74,
        "quietScore": 70
      },
      "geometry": {
        "type": "Point",
        "coordinates": [
          108.4125298,
          22.7774082
        ]
      }
    },
    {
      "type": "Feature",
      "id": "node/12896426331",
      "properties": {
        "name": "梅园",
        "category": "景观点",
        "tags": [
          "tourism:attraction"
        ],
        "osmType": "node",
        "osmId": 12896426331,
        "osmSource": "overpass",
        "cultureText": "来自 OSM/Overpass 的南宁生态文化相关公共空间。",
        "greenScore": 74,
        "quietScore": 70
      },
      "geometry": {
        "type": "Point",
        "coordinates": [
          108.4071743,
          22.7836401
        ]
      }
    },
    {
      "type": "Feature",
      "id": "node/12896426332",
      "properties": {
        "name": "竹园",
        "category": "景观点",
        "tags": [
          "tourism:attraction"
        ],
        "osmType": "node",
        "osmId": 12896426332,
        "osmSource": "overpass",
        "cultureText": "来自 OSM/Overpass 的南宁生态文化相关公共空间。",
        "greenScore": 74,
        "quietScore": 70
      },
      "geometry": {
        "type": "Point",
        "coordinates": [
          108.4068847,
          22.7869735
        ]
      }
    },
    {
      "type": "Feature",
      "id": "node/12896426333",
      "properties": {
        "name": "叶子花园",
        "category": "景观点",
        "tags": [
          "tourism:attraction"
        ],
        "osmType": "node",
        "osmId": 12896426333,
        "osmSource": "overpass",
        "cultureText": "来自 OSM/Overpass 的南宁生态文化相关公共空间。",
        "greenScore": 74,
        "quietScore": 70
      },
      "geometry": {
        "type": "Point",
        "coordinates": [
          108.4076786,
          22.7907619
        ]
      }
    },
    {
      "type": "Feature",
      "id": "node/12896426334",
      "properties": {
        "name": "水生花园",
        "category": "景观点",
        "tags": [
          "tourism:attraction"
        ],
        "osmType": "node",
        "osmId": 12896426334,
        "osmSource": "overpass",
        "cultureText": "来自 OSM/Overpass 的南宁生态文化相关公共空间。",
        "greenScore": 74,
        "quietScore": 70
      },
      "geometry": {
        "type": "Point",
        "coordinates": [
          108.4065306,
          22.7930665
        ]
      }
    },
    {
      "type": "Feature",
      "id": "node/12896426335",
      "properties": {
        "name": "樱花园",
        "category": "景观点",
        "tags": [
          "tourism:attraction"
        ],
        "osmType": "node",
        "osmId": 12896426335,
        "osmSource": "overpass",
        "cultureText": "来自 OSM/Overpass 的南宁生态文化相关公共空间。",
        "greenScore": 74,
        "quietScore": 70
      },
      "geometry": {
        "type": "Point",
        "coordinates": [
          108.4076089,
          22.7978141
        ]
      }
    },
    {
      "type": "Feature",
      "id": "node/12896426336",
      "properties": {
        "name": "五彩长廊",
        "category": "景观点",
        "tags": [
          "tourism:attraction"
        ],
        "osmType": "node",
        "osmId": 12896426336,
        "osmSource": "overpass",
        "cultureText": "来自 OSM/Overpass 的南宁生态文化相关公共空间。",
        "greenScore": 74,
        "quietScore": 70
      },
      "geometry": {
        "type": "Point",
        "coordinates": [
          108.4048998,
          22.7978933
        ]
      }
    },
    {
      "type": "Feature",
      "id": "node/12896426364",
      "properties": {
        "name": "桂花园",
        "category": "景观点",
        "tags": [
          "tourism:attraction"
        ],
        "osmType": "node",
        "osmId": 12896426364,
        "osmSource": "overpass",
        "cultureText": "来自 OSM/Overpass 的南宁生态文化相关公共空间。",
        "greenScore": 74,
        "quietScore": 70
      },
      "geometry": {
        "type": "Point",
        "coordinates": [
          108.395099,
          22.7974185
        ]
      }
    },
    {
      "type": "Feature",
      "id": "node/12896426365",
      "properties": {
        "name": "兰园",
        "category": "景观点",
        "tags": [
          "tourism:attraction"
        ],
        "osmType": "node",
        "osmId": 12896426365,
        "osmSource": "overpass",
        "cultureText": "来自 OSM/Overpass 的南宁生态文化相关公共空间。",
        "greenScore": 74,
        "quietScore": 70
      },
      "geometry": {
        "type": "Point",
        "coordinates": [
          108.390035,
          22.7950101
        ]
      }
    },
    {
      "type": "Feature",
      "id": "node/12896426366",
      "properties": {
        "name": "荫生植物园",
        "category": "景观点",
        "tags": [
          "tourism:attraction"
        ],
        "osmType": "node",
        "osmId": 12896426366,
        "osmSource": "overpass",
        "cultureText": "来自 OSM/Overpass 的南宁生态文化相关公共空间。",
        "greenScore": 74,
        "quietScore": 70
      },
      "geometry": {
        "type": "Point",
        "coordinates": [
          108.3875781,
          22.7941446
        ]
      }
    },
    {
      "type": "Feature",
      "id": "node/12896426367",
      "properties": {
        "name": "广西珍贵树种展示园",
        "category": "景观点",
        "tags": [
          "tourism:attraction"
        ],
        "osmType": "node",
        "osmId": 12896426367,
        "osmSource": "overpass",
        "cultureText": "来自 OSM/Overpass 的南宁生态文化相关公共空间。",
        "greenScore": 74,
        "quietScore": 70
      },
      "geometry": {
        "type": "Point",
        "coordinates": [
          108.3825946,
          22.7929874
        ]
      }
    },
    {
      "type": "Feature",
      "id": "node/12896426368",
      "properties": {
        "name": "铜鼓音乐台",
        "category": "景观点",
        "tags": [
          "tourism:attraction"
        ],
        "osmType": "node",
        "osmId": 12896426368,
        "osmSource": "overpass",
        "cultureText": "来自 OSM/Overpass 的南宁生态文化相关公共空间。",
        "greenScore": 74,
        "quietScore": 70
      },
      "geometry": {
        "type": "Point",
        "coordinates": [
          108.3687973,
          22.7948877
        ]
      }
    },
    {
      "type": "Feature",
      "id": "node/12896426369",
      "properties": {
        "name": "状元泉文化园",
        "category": "景观点",
        "tags": [
          "tourism:attraction"
        ],
        "osmType": "node",
        "osmId": 12896426369,
        "osmSource": "overpass",
        "cultureText": "来自 OSM/Overpass 的南宁生态文化相关公共空间。",
        "greenScore": 74,
        "quietScore": 70
      },
      "geometry": {
        "type": "Point",
        "coordinates": [
          108.3802691,
          22.7915334
        ]
      }
    },
    {
      "type": "Feature",
      "id": "node/13140186487",
      "properties": {
        "name": "邕州老街",
        "category": "景观点",
        "tags": [
          "tourism:attraction"
        ],
        "osmType": "node",
        "osmId": 13140186487,
        "osmSource": "overpass",
        "cultureText": "来自 OSM/Overpass 的南宁生态文化相关公共空间。",
        "greenScore": 74,
        "quietScore": 70
      },
      "geometry": {
        "type": "Point",
        "coordinates": [
          108.3364309,
          22.7934969
        ]
      }
    },
    {
      "type": "Feature",
      "id": "node/13202540146",
      "properties": {
        "name": "极地快车",
        "category": "景观点",
        "tags": [
          "tourism:attraction"
        ],
        "osmType": "node",
        "osmId": 13202540146,
        "osmSource": "overpass",
        "cultureText": "来自 OSM/Overpass 的南宁生态文化相关公共空间。",
        "greenScore": 74,
        "quietScore": 70
      },
      "geometry": {
        "type": "Point",
        "coordinates": [
          108.4095314,
          22.7671232
        ]
      }
    },
    {
      "type": "Feature",
      "id": "node/13619614802",
      "properties": {
        "name": "Yongzhou ancient city",
        "category": "景观点",
        "tags": [
          "tourism:attraction"
        ],
        "osmType": "node",
        "osmId": 13619614802,
        "osmSource": "overpass",
        "cultureText": "来自 OSM/Overpass 的南宁生态文化相关公共空间。",
        "greenScore": 74,
        "quietScore": 70
      },
      "geometry": {
        "type": "Point",
        "coordinates": [
          108.3157389,
          22.8168648
        ]
      }
    },
    {
      "type": "Feature",
      "id": "node/13619617202",
      "properties": {
        "name": "Old building",
        "category": "景观点",
        "tags": [
          "tourism:attraction"
        ],
        "osmType": "node",
        "osmId": 13619617202,
        "osmSource": "overpass",
        "cultureText": "来自 OSM/Overpass 的南宁生态文化相关公共空间。",
        "greenScore": 74,
        "quietScore": 70
      },
      "geometry": {
        "type": "Point",
        "coordinates": [
          108.3134405,
          22.8173043
        ]
      }
    },
    {
      "type": "Feature",
      "id": "node/13624559803",
      "properties": {
        "name": "Блошиный рынок",
        "category": "景观点",
        "tags": [
          "tourism:attraction"
        ],
        "osmType": "node",
        "osmId": 13624559803,
        "osmSource": "overpass",
        "cultureText": "来自 OSM/Overpass 的南宁生态文化相关公共空间。",
        "greenScore": 74,
        "quietScore": 70
      },
      "geometry": {
        "type": "Point",
        "coordinates": [
          108.3186172,
          22.8319177
        ]
      }
    },
    {
      "type": "Feature",
      "id": "node/13625331820",
      "properties": {
        "name": "林景云故居",
        "category": "博物馆",
        "tags": [
          "tourism:museum"
        ],
        "osmType": "node",
        "osmId": 13625331820,
        "osmSource": "overpass",
        "cultureText": "来自 OSM/Overpass 的南宁生态文化相关公共空间。",
        "greenScore": 74,
        "quietScore": 70
      },
      "geometry": {
        "type": "Point",
        "coordinates": [
          108.3988603,
          22.767337
        ]
      }
    },
    {
      "type": "Feature",
      "id": "node/13625331895",
      "properties": {
        "name": "河池园",
        "category": "绿城生态文化点",
        "tags": [
          "leisure:park"
        ],
        "osmType": "node",
        "osmId": 13625331895,
        "osmSource": "overpass",
        "cultureText": "来自 OSM/Overpass 的南宁生态文化相关公共空间。",
        "greenScore": 86,
        "quietScore": 70
      },
      "geometry": {
        "type": "Point",
        "coordinates": [
          108.3676967,
          22.7425268
        ]
      }
    },
    {
      "type": "Feature",
      "id": "node/13625331896",
      "properties": {
        "name": "贵港园",
        "category": "绿城生态文化点",
        "tags": [
          "leisure:park"
        ],
        "osmType": "node",
        "osmId": 13625331896,
        "osmSource": "overpass",
        "cultureText": "来自 OSM/Overpass 的南宁生态文化相关公共空间。",
        "greenScore": 86,
        "quietScore": 70
      },
      "geometry": {
        "type": "Point",
        "coordinates": [
          108.3683878,
          22.7423356
        ]
      }
    },
    {
      "type": "Feature",
      "id": "node/13625331916",
      "properties": {
        "name": "南宁园",
        "category": "绿城生态文化点",
        "tags": [
          "leisure:park"
        ],
        "osmType": "node",
        "osmId": 13625331916,
        "osmSource": "overpass",
        "cultureText": "来自 OSM/Overpass 的南宁生态文化相关公共空间。",
        "greenScore": 86,
        "quietScore": 70
      },
      "geometry": {
        "type": "Point",
        "coordinates": [
          108.373906,
          22.7455872
        ]
      }
    },
    {
      "type": "Feature",
      "id": "node/13625331917",
      "properties": {
        "name": "百色园",
        "category": "绿城生态文化点",
        "tags": [
          "leisure:park"
        ],
        "osmType": "node",
        "osmId": 13625331917,
        "osmSource": "overpass",
        "cultureText": "来自 OSM/Overpass 的南宁生态文化相关公共空间。",
        "greenScore": 86,
        "quietScore": 70
      },
      "geometry": {
        "type": "Point",
        "coordinates": [
          108.3744083,
          22.7446012
        ]
      }
    },
    {
      "type": "Feature",
      "id": "node/13625331918",
      "properties": {
        "name": "来宾园",
        "category": "绿城生态文化点",
        "tags": [
          "leisure:park"
        ],
        "osmType": "node",
        "osmId": 13625331918,
        "osmSource": "overpass",
        "cultureText": "来自 OSM/Overpass 的南宁生态文化相关公共空间。",
        "greenScore": 86,
        "quietScore": 70
      },
      "geometry": {
        "type": "Point",
        "coordinates": [
          108.3744837,
          22.7438241
        ]
      }
    },
    {
      "type": "Feature",
      "id": "node/13625331922",
      "properties": {
        "name": "梧州园",
        "category": "绿城生态文化点",
        "tags": [
          "leisure:park"
        ],
        "osmType": "node",
        "osmId": 13625331922,
        "osmSource": "overpass",
        "cultureText": "来自 OSM/Overpass 的南宁生态文化相关公共空间。",
        "greenScore": 86,
        "quietScore": 70
      },
      "geometry": {
        "type": "Point",
        "coordinates": [
          108.3745061,
          22.7431976
        ]
      }
    },
    {
      "type": "Feature",
      "id": "node/13625331923",
      "properties": {
        "name": "钦州园",
        "category": "绿城生态文化点",
        "tags": [
          "leisure:park"
        ],
        "osmType": "node",
        "osmId": 13625331923,
        "osmSource": "overpass",
        "cultureText": "来自 OSM/Overpass 的南宁生态文化相关公共空间。",
        "greenScore": 86,
        "quietScore": 70
      },
      "geometry": {
        "type": "Point",
        "coordinates": [
          108.3741574,
          22.7427499
        ]
      }
    },
    {
      "type": "Feature",
      "id": "node/13625331924",
      "properties": {
        "name": "贺州园",
        "category": "绿城生态文化点",
        "tags": [
          "leisure:park"
        ],
        "osmType": "node",
        "osmId": 13625331924,
        "osmSource": "overpass",
        "cultureText": "来自 OSM/Overpass 的南宁生态文化相关公共空间。",
        "greenScore": 86,
        "quietScore": 70
      },
      "geometry": {
        "type": "Point",
        "coordinates": [
          108.3741957,
          22.7423986
        ]
      }
    },
    {
      "type": "Feature",
      "id": "node/13625331925",
      "properties": {
        "name": "北海园",
        "category": "绿城生态文化点",
        "tags": [
          "leisure:park"
        ],
        "osmType": "node",
        "osmId": 13625331925,
        "osmSource": "overpass",
        "cultureText": "来自 OSM/Overpass 的南宁生态文化相关公共空间。",
        "greenScore": 86,
        "quietScore": 70
      },
      "geometry": {
        "type": "Point",
        "coordinates": [
          108.3732437,
          22.7421734
        ]
      }
    },
    {
      "type": "Feature",
      "id": "node/13625331926",
      "properties": {
        "name": "防城港园",
        "category": "绿城生态文化点",
        "tags": [
          "leisure:park"
        ],
        "osmType": "node",
        "osmId": 13625331926,
        "osmSource": "overpass",
        "cultureText": "来自 OSM/Overpass 的南宁生态文化相关公共空间。",
        "greenScore": 86,
        "quietScore": 70
      },
      "geometry": {
        "type": "Point",
        "coordinates": [
          108.3727305,
          22.742273
        ]
      }
    },
    {
      "type": "Feature",
      "id": "node/13625331927",
      "properties": {
        "name": "桂林园",
        "category": "绿城生态文化点",
        "tags": [
          "leisure:park"
        ],
        "osmType": "node",
        "osmId": 13625331927,
        "osmSource": "overpass",
        "cultureText": "来自 OSM/Overpass 的南宁生态文化相关公共空间。",
        "greenScore": 86,
        "quietScore": 70
      },
      "geometry": {
        "type": "Point",
        "coordinates": [
          108.3726491,
          22.7426581
        ]
      }
    },
    {
      "type": "Feature",
      "id": "node/13625331928",
      "properties": {
        "name": "柳州园",
        "category": "绿城生态文化点",
        "tags": [
          "leisure:park"
        ],
        "osmType": "node",
        "osmId": 13625331928,
        "osmSource": "overpass",
        "cultureText": "来自 OSM/Overpass 的南宁生态文化相关公共空间。",
        "greenScore": 86,
        "quietScore": 70
      },
      "geometry": {
        "type": "Point",
        "coordinates": [
          108.3718687,
          22.7424215
        ]
      }
    },
    {
      "type": "Feature",
      "id": "node/13625331929",
      "properties": {
        "name": "崇左园",
        "category": "绿城生态文化点",
        "tags": [
          "leisure:park"
        ],
        "osmType": "node",
        "osmId": 13625331929,
        "osmSource": "overpass",
        "cultureText": "来自 OSM/Overpass 的南宁生态文化相关公共空间。",
        "greenScore": 86,
        "quietScore": 70
      },
      "geometry": {
        "type": "Point",
        "coordinates": [
          108.3711765,
          22.7422936
        ]
      }
    },
    {
      "type": "Feature",
      "id": "node/13625331933",
      "properties": {
        "name": "百草鸣芳",
        "category": "绿城生态文化点",
        "tags": [
          "leisure:park"
        ],
        "osmType": "node",
        "osmId": 13625331933,
        "osmSource": "overpass",
        "cultureText": "来自 OSM/Overpass 的南宁生态文化相关公共空间。",
        "greenScore": 86,
        "quietScore": 70
      },
      "geometry": {
        "type": "Point",
        "coordinates": [
          108.3674555,
          22.7366589
        ]
      }
    },
    {
      "type": "Feature",
      "id": "node/13625331935",
      "properties": {
        "name": "玉林园",
        "category": "绿城生态文化点",
        "tags": [
          "leisure:park"
        ],
        "osmType": "node",
        "osmId": 13625331935,
        "osmSource": "overpass",
        "cultureText": "来自 OSM/Overpass 的南宁生态文化相关公共空间。",
        "greenScore": 86,
        "quietScore": 70
      },
      "geometry": {
        "type": "Point",
        "coordinates": [
          108.3734534,
          22.7426266
        ]
      }
    },
    {
      "type": "Feature",
      "id": "node/13625331948",
      "properties": {
        "name": "壮乡金花",
        "category": "绿城生态文化点",
        "tags": [
          "leisure:park"
        ],
        "osmType": "node",
        "osmId": 13625331948,
        "osmSource": "overpass",
        "cultureText": "来自 OSM/Overpass 的南宁生态文化相关公共空间。",
        "greenScore": 86,
        "quietScore": 70
      },
      "geometry": {
        "type": "Point",
        "coordinates": [
          108.3775123,
          22.7455146
        ]
      }
    },
    {
      "type": "Feature",
      "id": "node/13625331969",
      "properties": {
        "name": "影像花径",
        "category": "绿城生态文化点",
        "tags": [
          "leisure:park"
        ],
        "osmType": "node",
        "osmId": 13625331969,
        "osmSource": "overpass",
        "cultureText": "来自 OSM/Overpass 的南宁生态文化相关公共空间。",
        "greenScore": 86,
        "quietScore": 70
      },
      "geometry": {
        "type": "Point",
        "coordinates": [
          108.3704558,
          22.742149
        ]
      }
    },
    {
      "type": "Feature",
      "id": "node/13625331970",
      "properties": {
        "name": "友园",
        "category": "绿城生态文化点",
        "tags": [
          "leisure:park"
        ],
        "osmType": "node",
        "osmId": 13625331970,
        "osmSource": "overpass",
        "cultureText": "来自 OSM/Overpass 的南宁生态文化相关公共空间。",
        "greenScore": 86,
        "quietScore": 70
      },
      "geometry": {
        "type": "Point",
        "coordinates": [
          108.3743065,
          22.7456064
        ]
      }
    },
    {
      "type": "Feature",
      "id": "node/13625331971",
      "properties": {
        "name": "街巷情长",
        "category": "绿城生态文化点",
        "tags": [
          "leisure:park"
        ],
        "osmType": "node",
        "osmId": 13625331971,
        "osmSource": "overpass",
        "cultureText": "来自 OSM/Overpass 的南宁生态文化相关公共空间。",
        "greenScore": 86,
        "quietScore": 70
      },
      "geometry": {
        "type": "Point",
        "coordinates": [
          108.3744874,
          22.7458745
        ]
      }
    },
    {
      "type": "Feature",
      "id": "node/13625331972",
      "properties": {
        "name": "象足跳泉",
        "category": "绿城生态文化点",
        "tags": [
          "leisure:park"
        ],
        "osmType": "node",
        "osmId": 13625331972,
        "osmSource": "overpass",
        "cultureText": "来自 OSM/Overpass 的南宁生态文化相关公共空间。",
        "greenScore": 86,
        "quietScore": 70
      },
      "geometry": {
        "type": "Point",
        "coordinates": [
          108.3745558,
          22.7454186
        ]
      }
    },
    {
      "type": "Feature",
      "id": "node/13625331973",
      "properties": {
        "name": "白羽丛杉",
        "category": "绿城生态文化点",
        "tags": [
          "leisure:park"
        ],
        "osmType": "node",
        "osmId": 13625331973,
        "osmSource": "overpass",
        "cultureText": "来自 OSM/Overpass 的南宁生态文化相关公共空间。",
        "greenScore": 86,
        "quietScore": 70
      },
      "geometry": {
        "type": "Point",
        "coordinates": [
          108.3643661,
          22.7373676
        ]
      }
    },
    {
      "type": "Feature",
      "id": "node/13626983301",
      "properties": {
        "name": "Flower field",
        "category": "景观点",
        "tags": [
          "tourism:attraction"
        ],
        "osmType": "node",
        "osmId": 13626983301,
        "osmSource": "overpass",
        "cultureText": "来自 OSM/Overpass 的南宁生态文化相关公共空间。",
        "greenScore": 74,
        "quietScore": 70
      },
      "geometry": {
        "type": "Point",
        "coordinates": [
          108.3297703,
          22.8343867
        ]
      }
    },
    {
      "type": "Feature",
      "id": "node/13658562030",
      "properties": {
        "name": "雨水花园",
        "category": "绿城生态文化点",
        "tags": [
          "leisure:garden"
        ],
        "osmType": "node",
        "osmId": 13658562030,
        "osmSource": "overpass",
        "cultureText": "来自 OSM/Overpass 的南宁生态文化相关公共空间。",
        "greenScore": 86,
        "quietScore": 70
      },
      "geometry": {
        "type": "Point",
        "coordinates": [
          108.3837455,
          22.8076337
        ]
      }
    },
    {
      "type": "Feature",
      "id": "node/13658562031",
      "properties": {
        "name": "雨水花园",
        "category": "绿城生态文化点",
        "tags": [
          "leisure:garden"
        ],
        "osmType": "node",
        "osmId": 13658562031,
        "osmSource": "overpass",
        "cultureText": "来自 OSM/Overpass 的南宁生态文化相关公共空间。",
        "greenScore": 86,
        "quietScore": 70
      },
      "geometry": {
        "type": "Point",
        "coordinates": [
          108.3849888,
          22.8064646
        ]
      }
    },
    {
      "type": "Feature",
      "id": "node/13742003380",
      "properties": {
        "name": "要塞巨炮",
        "category": "景观点",
        "tags": [
          "tourism:attraction"
        ],
        "osmType": "node",
        "osmId": 13742003380,
        "osmSource": "overpass",
        "cultureText": "来自 OSM/Overpass 的南宁生态文化相关公共空间。",
        "greenScore": 74,
        "quietScore": 70
      },
      "geometry": {
        "type": "Point",
        "coordinates": [
          108.3310793,
          22.8143471
        ]
      }
    },
    {
      "type": "Feature",
      "id": "node/13752207155",
      "properties": {
        "name": "花眷秘境",
        "category": "景观点",
        "tags": [
          "tourism:attraction"
        ],
        "osmType": "node",
        "osmId": 13752207155,
        "osmSource": "overpass",
        "cultureText": "来自 OSM/Overpass 的南宁生态文化相关公共空间。",
        "greenScore": 74,
        "quietScore": 70
      },
      "geometry": {
        "type": "Point",
        "coordinates": [
          108.404236,
          22.779019
        ]
      }
    },
    {
      "type": "Feature",
      "id": "node/13752207165",
      "properties": {
        "name": "玉兰魅惑",
        "category": "景观点",
        "tags": [
          "tourism:attraction"
        ],
        "osmType": "node",
        "osmId": 13752207165,
        "osmSource": "overpass",
        "cultureText": "来自 OSM/Overpass 的南宁生态文化相关公共空间。",
        "greenScore": 74,
        "quietScore": 70
      },
      "geometry": {
        "type": "Point",
        "coordinates": [
          108.4043683,
          22.7793495
        ]
      }
    },
    {
      "type": "Feature",
      "id": "node/13752207166",
      "properties": {
        "name": "岩岩台地",
        "category": "景观点",
        "tags": [
          "tourism:attraction"
        ],
        "osmType": "node",
        "osmId": 13752207166,
        "osmSource": "overpass",
        "cultureText": "来自 OSM/Overpass 的南宁生态文化相关公共空间。",
        "greenScore": 74,
        "quietScore": 70
      },
      "geometry": {
        "type": "Point",
        "coordinates": [
          108.406401,
          22.7796231
        ]
      }
    },
    {
      "type": "Feature",
      "id": "node/13752207174",
      "properties": {
        "name": "塔塔花园",
        "category": "景观点",
        "tags": [
          "tourism:attraction"
        ],
        "osmType": "node",
        "osmId": 13752207174,
        "osmSource": "overpass",
        "cultureText": "来自 OSM/Overpass 的南宁生态文化相关公共空间。",
        "greenScore": 74,
        "quietScore": 70
      },
      "geometry": {
        "type": "Point",
        "coordinates": [
          108.4068439,
          22.7785035
        ]
      }
    },
    {
      "type": "Feature",
      "id": "node/13812515239",
      "properties": {
        "name": "绿城生态文化点 park",
        "category": "绿城生态文化点",
        "tags": [
          "leisure:park"
        ],
        "osmType": "node",
        "osmId": 13812515239,
        "osmSource": "overpass",
        "cultureText": "来自 OSM/Overpass 的南宁生态文化相关公共空间。",
        "greenScore": 86,
        "quietScore": 70
      },
      "geometry": {
        "type": "Point",
        "coordinates": [
          108.3784335,
          22.7519727
        ]
      }
    },
    {
      "type": "Feature",
      "id": "way/136058562",
      "properties": {
        "name": "狮山公园",
        "category": "绿城生态文化点",
        "tags": [
          "leisure:park"
        ],
        "osmType": "way",
        "osmId": 136058562,
        "osmSource": "overpass",
        "cultureText": "来自 OSM/Overpass 的南宁生态文化相关公共空间。",
        "greenScore": 86,
        "quietScore": 70
      },
      "geometry": {
        "type": "Polygon",
        "coordinates": [
          [
            [
              108.3341296,
              22.8655659
            ],
            [
              108.3347332,
              22.8654702
            ],
            [
              108.3351191,
              22.8654504
            ],
            [
              108.3361561,
              22.8655771
            ],
            [
              108.3391941,
              22.8655267
            ],
            [
              108.3416671,
              22.8655564
            ],
            [
              108.3426402,
              22.8644806
            ],
            [
              108.3432517,
              22.8635612
            ],
            [
              108.3431283,
              22.863052
            ],
            [
              108.3418784,
              22.8632102
            ],
            [
              108.3417604,
              22.8623551
            ],
            [
              108.3414306,
              22.8610266
            ],
            [
              108.3410716,
              22.8611275
            ],
            [
              108.3409075,
              22.8604125
            ],
            [
              108.3407358,
              22.8596809
            ],
            [
              108.3403657,
              22.8589493
            ],
            [
              108.3389816,
              22.8576344
            ],
            [
              108.338692,
              22.8575158
            ],
            [
              108.3372811,
              22.8568238
            ],
            [
              108.3369593,
              22.8569029
            ],
            [
              108.3367286,
              22.8575109
            ],
            [
              108.3364657,
              22.857847
            ],
            [
              108.3363423,
              22.8583809
            ],
            [
              108.3362297,
              22.8586231
            ],
            [
              108.3364925,
              22.8588307
            ],
            [
              108.3350066,
              22.8609167
            ],
            [
              108.3348886,
              22.8610304
            ],
            [
              108.3345774,
              22.8608821
            ],
            [
              108.3343682,
              22.8614011
            ],
            [
              108.3339981,
              22.8624342
            ],
            [
              108.3333758,
              22.8640999
            ],
            [
              108.3341296,
              22.8655659
            ]
          ]
        ]
      }
    },
    {
      "type": "Feature",
      "id": "way/243076845",
      "properties": {
        "name": "九拱桥",
        "category": "景观点",
        "tags": [
          "highway:steps",
          "tourism:attraction"
        ],
        "osmType": "way",
        "osmId": 243076845,
        "osmSource": "overpass",
        "cultureText": "来自 OSM/Overpass 的南宁生态文化相关公共空间。",
        "greenScore": 74,
        "quietScore": 70
      },
      "geometry": {
        "type": "LineString",
        "coordinates": [
          [
            108.3450549,
            22.8083326
          ],
          [
            108.3454279,
            22.807884
          ]
        ]
      }
    },
    {
      "type": "Feature",
      "id": "way/271462475",
      "properties": {
        "name": "民族广场",
        "category": "绿城生态文化点",
        "tags": [
          "leisure:park"
        ],
        "osmType": "way",
        "osmId": 271462475,
        "osmSource": "overpass",
        "cultureText": "来自 OSM/Overpass 的南宁生态文化相关公共空间。",
        "greenScore": 86,
        "quietScore": 70
      },
      "geometry": {
        "type": "Polygon",
        "coordinates": [
          [
            [
              108.3272267,
              22.8171305
            ],
            [
              108.329231,
              22.8171309
            ],
            [
              108.3292313,
              22.8160503
            ],
            [
              108.3272268,
              22.8160501
            ],
            [
              108.3272267,
              22.8171305
            ]
          ]
        ]
      }
    },
    {
      "type": "Feature",
      "id": "way/318359690",
      "properties": {
        "name": "广西民族艺术宫",
        "category": "文化艺术点",
        "tags": [
          "amenity:arts_centre"
        ],
        "osmType": "way",
        "osmId": 318359690,
        "osmSource": "overpass",
        "cultureText": "来自 OSM/Overpass 的南宁生态文化相关公共空间。",
        "greenScore": 74,
        "quietScore": 70
      },
      "geometry": {
        "type": "Polygon",
        "coordinates": [
          [
            [
              108.329524,
              22.816764
            ],
            [
              108.3307846,
              22.8167726
            ],
            [
              108.3307913,
              22.816602
            ],
            [
              108.3305432,
              22.8166033
            ],
            [
              108.3305459,
              22.816335
            ],
            [
              108.3306304,
              22.816335
            ],
            [
              108.3306317,
              22.8162411
            ],
            [
              108.329524,
              22.8162312
            ],
            [
              108.329524,
              22.816764
            ]
          ]
        ]
      }
    },
    {
      "type": "Feature",
      "id": "way/318664174",
      "properties": {
        "name": "金花茶公园",
        "category": "绿城生态文化点",
        "tags": [
          "leisure:park"
        ],
        "osmType": "way",
        "osmId": 318664174,
        "osmSource": "overpass",
        "cultureText": "来自 OSM/Overpass 的南宁生态文化相关公共空间。",
        "greenScore": 86,
        "quietScore": 70
      },
      "geometry": {
        "type": "Polygon",
        "coordinates": [
          [
            [
              108.348159,
              22.8216439
            ],
            [
              108.3481537,
              22.819676
            ],
            [
              108.3502941,
              22.819404
            ],
            [
              108.3503477,
              22.819943
            ],
            [
              108.351662,
              22.8199084
            ],
            [
              108.3530729,
              22.8189738
            ],
            [
              108.3559184,
              22.8234117
            ],
            [
              108.3549713,
              22.8236014
            ],
            [
              108.3548485,
              22.8232063
            ],
            [
              108.3527885,
              22.8229937
            ],
            [
              108.3526276,
              22.8238689
            ],
            [
              108.3513509,
              22.8237057
            ],
            [
              108.3514313,
              22.8231964
            ],
            [
              108.3506052,
              22.8230481
            ],
            [
              108.3507501,
              22.8221927
            ],
            [
              108.3500044,
              22.8220741
            ],
            [
              108.3500312,
              22.8219208
            ],
            [
              108.348159,
              22.8216439
            ]
          ]
        ]
      }
    },
    {
      "type": "Feature",
      "id": "way/319867575",
      "properties": {
        "name": "环山秀坪",
        "category": "景观点",
        "tags": [
          "tourism:attraction"
        ],
        "osmType": "way",
        "osmId": 319867575,
        "osmSource": "overpass",
        "cultureText": "来自 OSM/Overpass 的南宁生态文化相关公共空间。",
        "greenScore": 74,
        "quietScore": 70
      },
      "geometry": {
        "type": "Polygon",
        "coordinates": [
          [
            [
              108.388573,
              22.7873371
            ],
            [
              108.3885381,
              22.7869068
            ],
            [
              108.388455,
              22.7868697
            ],
            [
              108.388396,
              22.7867139
            ],
            [
              108.3882458,
              22.7866274
            ],
            [
              108.3881707,
              22.7864889
            ],
            [
              108.3880205,
              22.7863751
            ],
            [
              108.3879319,
              22.7861773
            ],
            [
              108.3879266,
              22.7860462
            ],
            [
              108.3878515,
              22.7858731
            ],
            [
              108.3878381,
              22.7857
            ],
            [
              108.3877576,
              22.7854626
            ],
            [
              108.3878381,
              22.7854701
            ],
            [
              108.3879105,
              22.7855121
            ],
            [
              108.3880178,
              22.7855541
            ],
            [
              108.3881197,
              22.7855492
            ],
            [
              108.3882109,
              22.7855541
            ],
            [
              108.388396,
              22.7855987
            ],
            [
              108.3885864,
              22.7857001
            ],
            [
              108.388758,
              22.7859325
            ],
            [
              108.3888546,
              22.7860636
            ],
            [
              108.388927,
              22.7862515
            ],
            [
              108.3889565,
              22.786526
            ],
            [
              108.3890343,
              22.7869414
            ],
            [
              108.3889807,
              22.7870428
            ],
            [
              108.3889753,
              22.7873494
            ],
            [
              108.388573,
              22.7873371
            ]
          ]
        ]
      }
    },
    {
      "type": "Feature",
      "id": "way/388690530",
      "properties": {
        "name": "人民公园",
        "category": "绿城生态文化点",
        "tags": [
          "leisure:park"
        ],
        "osmType": "way",
        "osmId": 388690530,
        "osmSource": "overpass",
        "cultureText": "来自 OSM/Overpass 的南宁生态文化相关公共空间。",
        "greenScore": 86,
        "quietScore": 70
      },
      "geometry": {
        "type": "Polygon",
        "coordinates": [
          [
            [
              108.3230789,
              22.8289219
            ],
            [
              108.3243469,
              22.8290212
            ],
            [
              108.3243661,
              22.8283596
            ],
            [
              108.32372,
              22.82827
            ],
            [
              108.3237522,
              22.827649
            ],
            [
              108.3235906,
              22.8275697
            ],
            [
              108.3237356,
              22.8271822
            ],
            [
              108.323779,
              22.8268751
            ],
            [
              108.3233519,
              22.8267574
            ],
            [
              108.3234163,
              22.826599
            ],
            [
              108.3234696,
              22.8264679
            ],
            [
              108.3241072,
              22.8266778
            ],
            [
              108.3243661,
              22.8267005
            ],
            [
              108.3248713,
              22.8268596
            ],
            [
              108.3252164,
              22.8269277
            ],
            [
              108.3255492,
              22.8269391
            ],
            [
              108.325808,
              22.8269731
            ],
            [
              108.3269911,
              22.8277115
            ],
            [
              108.3273115,
              22.8278819
            ],
            [
              108.3277429,
              22.8280409
            ],
            [
              108.3282975,
              22.8283703
            ],
            [
              108.328537,
              22.8285153
            ],
            [
              108.3286549,
              22.828836
            ],
            [
              108.32847,
              22.8291768
            ],
            [
              108.3284823,
              22.8293926
            ],
            [
              108.3287904,
              22.8296084
            ],
            [
              108.3289907,
              22.8299368
            ],
            [
              108.3286345,
              22.8303446
            ],
            [
              108.328975,
              22.8306508
            ],
            [
              108.328676,
              22.8309589
            ],
            [
              108.3295915,
              22.8315507
            ],
            [
              108.329963,
              22.8310732
            ],
            [
              108.3309499,
              22.8318262
            ],
            [
              108.3305898,
              22.8321755
            ],
            [
              108.3314894,
              22.8326752
            ],
            [
              108.3316127,
              22.8328115
            ],
            [
              108.3290123,
              22.8354439
            ],
            [
              108.3280202,
              22.8358357
            ],
            [
              108.327142,
              22.8360117
            ],
            [
              108.3270458,
              22.8351418
            ],
            [
              108.3262701,
              22.835174
            ],
            [
              108.325731,
              22.8347908
            ],
            [
              108.3249514,
              22.8334334
            ],
            [
              108.3252867,
              22.8332789
            ],
            [
              108.325604,
              22.8330914
            ],
            [
              108.3256743,
              22.8329442
            ],
            [
              108.3256954,
              22.8319386
            ],
            [
              108.3255973,
              22.8317565
            ],
            [
              108.3250634,
              22.8315232
            ],
            [
              108.3249188,
              22.831472
            ],
            [
              108.3247886,
              22.8314414
            ],
            [
              108.3246292,
              22.8314314
            ],
            [
              108.3245089,
              22.8314378
            ],
            [
              108.324387,
              22.8314901
            ],
            [
              108.3242491,
              22.8315761
            ],
            [
              108.3241402,
              22.831667
            ],
            [
              108.324034,
              22.8318044
            ],
            [
              108.3239554,
              22.8319373
            ],
            [
              108.3238806,
              22.8320664
            ],
            [
              108.3235869,
              22.83164
            ],
            [
              108.323146,
              22.8303126
            ],
            [
              108.3228037,
              22.8293308
            ],
            [
              108.3228935,
              22.8291751
            ],
            [
              108.3230789,
              22.8289219
            ]
          ]
        ]
      }
    },
    {
      "type": "Feature",
      "id": "way/476027539",
      "properties": {
        "name": "绿城生态文化点 park",
        "category": "绿城生态文化点",
        "tags": [
          "leisure:park"
        ],
        "osmType": "way",
        "osmId": 476027539,
        "osmSource": "overpass",
        "cultureText": "来自 OSM/Overpass 的南宁生态文化相关公共空间。",
        "greenScore": 86,
        "quietScore": 70
      },
      "geometry": {
        "type": "Polygon",
        "coordinates": [
          [
            [
              108.2870303,
              22.8025418
            ],
            [
              108.2873178,
              22.8030181
            ],
            [
              108.2892061,
              22.8024307
            ],
            [
              108.2889691,
              22.8015568
            ],
            [
              108.2877374,
              22.8021442
            ],
            [
              108.2870303,
              22.8025418
            ]
          ]
        ]
      }
    },
    {
      "type": "Feature",
      "id": "way/476362121",
      "properties": {
        "name": "绿城生态文化点 park",
        "category": "绿城生态文化点",
        "tags": [
          "leisure:park"
        ],
        "osmType": "way",
        "osmId": 476362121,
        "osmSource": "overpass",
        "cultureText": "来自 OSM/Overpass 的南宁生态文化相关公共空间。",
        "greenScore": 86,
        "quietScore": 70
      },
      "geometry": {
        "type": "Polygon",
        "coordinates": [
          [
            [
              108.2665489,
              22.8286991
            ],
            [
              108.2658735,
              22.8298001
            ],
            [
              108.2664434,
              22.8308196
            ],
            [
              108.2671137,
              22.8314143
            ],
            [
              108.2685718,
              22.8324723
            ],
            [
              108.2683733,
              22.832686
            ],
            [
              108.2677152,
              22.8329703
            ],
            [
              108.2688254,
              22.8330471
            ],
            [
              108.2705656,
              22.8330857
            ],
            [
              108.2714683,
              22.833051
            ],
            [
              108.2710504,
              22.832821
            ],
            [
              108.2709152,
              22.8327401
            ],
            [
              108.2707155,
              22.8325507
            ],
            [
              108.2705094,
              22.8323147
            ],
            [
              108.2705176,
              22.8321388
            ],
            [
              108.2698036,
              22.8312212
            ],
            [
              108.2697736,
              22.8306533
            ],
            [
              108.2698642,
              22.8301861
            ],
            [
              108.2700479,
              22.8295615
            ],
            [
              108.270111,
              22.8292581
            ],
            [
              108.2701046,
              22.8288695
            ],
            [
              108.2699648,
              22.8284439
            ],
            [
              108.2694303,
              22.8278094
            ],
            [
              108.2690578,
              22.8275372
            ],
            [
              108.2681997,
              22.8269089
            ],
            [
              108.2679862,
              22.8271418
            ],
            [
              108.2673739,
              22.8266652
            ],
            [
              108.2675876,
              22.8264321
            ],
            [
              108.2672796,
              22.826207
            ],
            [
              108.2661281,
              22.827437
            ],
            [
              108.2656365,
              22.8279628
            ],
            [
              108.2665489,
              22.8286991
            ]
          ]
        ]
      }
    },
    {
      "type": "Feature",
      "id": "way/476548515",
      "properties": {
        "name": "朝阳广场",
        "category": "绿城生态文化点",
        "tags": [
          "leisure:park"
        ],
        "osmType": "way",
        "osmId": 476548515,
        "osmSource": "overpass",
        "cultureText": "来自 OSM/Overpass 的南宁生态文化相关公共空间。",
        "greenScore": 86,
        "quietScore": 70
      },
      "geometry": {
        "type": "Polygon",
        "coordinates": [
          [
            [
              108.316653,
              22.8208764
            ],
            [
              108.3166941,
              22.8208404
            ],
            [
              108.3167408,
              22.8208278
            ],
            [
              108.3167837,
              22.8208246
            ],
            [
              108.3168015,
              22.8208274
            ],
            [
              108.3168231,
              22.8208308
            ],
            [
              108.3177025,
              22.8217231
            ],
            [
              108.3177948,
              22.8218621
            ],
            [
              108.3180556,
              22.8224048
            ],
            [
              108.3180688,
              22.8224674
            ],
            [
              108.3180692,
              22.8225162
            ],
            [
              108.3180581,
              22.8225523
            ],
            [
              108.3180482,
              22.8225991
            ],
            [
              108.3179839,
              22.8226454
            ],
            [
              108.31789,
              22.8227129
            ],
            [
              108.317391,
              22.8229351
            ],
            [
              108.3172905,
              22.8229516
            ],
            [
              108.3171978,
              22.8229084
            ],
            [
              108.3167046,
              22.822187
            ],
            [
              108.3165889,
              22.8220882
            ],
            [
              108.3163634,
              22.8217979
            ],
            [
              108.3163308,
              22.8217144
            ],
            [
              108.316341,
              22.8215893
            ],
            [
              108.3163389,
              22.8215162
            ],
            [
              108.3163464,
              22.8214467
            ],
            [
              108.3163624,
              22.8213679
            ],
            [
              108.3164007,
              22.8212799
            ],
            [
              108.316653,
              22.8208764
            ]
          ]
        ]
      }
    },
    {
      "type": "Feature",
      "id": "way/476559327",
      "properties": {
        "name": "广西壮族自治区博物馆",
        "category": "博物馆",
        "tags": [
          "tourism:museum"
        ],
        "osmType": "way",
        "osmId": 476559327,
        "osmSource": "overpass",
        "cultureText": "来自 OSM/Overpass 的南宁生态文化相关公共空间。",
        "greenScore": 74,
        "quietScore": 70
      },
      "geometry": {
        "type": "Polygon",
        "coordinates": [
          [
            [
              108.3305041,
              22.8148372
            ],
            [
              108.3305045,
              22.8148935
            ],
            [
              108.3305047,
              22.8149192
            ],
            [
              108.330507,
              22.8152755
            ],
            [
              108.3320054,
              22.815267
            ],
            [
              108.3320025,
              22.8148251
            ],
            [
              108.3318654,
              22.8148259
            ],
            [
              108.3318643,
              22.8146471
            ],
            [
              108.3306223,
              22.814654
            ],
            [
              108.3306235,
              22.8148365
            ],
            [
              108.3305041,
              22.8148372
            ]
          ]
        ]
      }
    },
    {
      "type": "Feature",
      "id": "way/476559337",
      "properties": {
        "name": "广西科技馆",
        "category": "博物馆",
        "tags": [
          "tourism:museum"
        ],
        "osmType": "way",
        "osmId": 476559337,
        "osmSource": "overpass",
        "cultureText": "来自 OSM/Overpass 的南宁生态文化相关公共空间。",
        "greenScore": 74,
        "quietScore": 70
      },
      "geometry": {
        "type": "Polygon",
        "coordinates": [
          [
            [
              108.3264278,
              22.815279
            ],
            [
              108.3260727,
              22.8151868
            ],
            [
              108.3258595,
              22.8152097
            ],
            [
              108.3255275,
              22.8152427
            ],
            [
              108.3255268,
              22.815139
            ],
            [
              108.3255369,
              22.8150045
            ],
            [
              108.3254997,
              22.8149308
            ],
            [
              108.3255359,
              22.8146101
            ],
            [
              108.3266831,
              22.8146669
            ],
            [
              108.326641,
              22.814727
            ],
            [
              108.3268392,
              22.8147738
            ],
            [
              108.3266875,
              22.8150435
            ],
            [
              108.3266651,
              22.8152574
            ],
            [
              108.3264278,
              22.815279
            ]
          ]
        ]
      }
    },
    {
      "type": "Feature",
      "id": "way/476889357",
      "properties": {
        "name": "花卉公园",
        "category": "绿城生态文化点",
        "tags": [
          "leisure:park"
        ],
        "osmType": "way",
        "osmId": 476889357,
        "osmSource": "overpass",
        "cultureText": "来自 OSM/Overpass 的南宁生态文化相关公共空间。",
        "greenScore": 86,
        "quietScore": 70
      },
      "geometry": {
        "type": "Polygon",
        "coordinates": [
          [
            [
              108.2882271,
              22.8638175
            ],
            [
              108.2902899,
              22.8627984
            ],
            [
              108.2908575,
              22.8628109
            ],
            [
              108.2907359,
              22.8622131
            ],
            [
              108.2912765,
              22.8617274
            ],
            [
              108.2916279,
              22.8611047
            ],
            [
              108.2919792,
              22.8608936
            ],
            [
              108.2922496,
              22.8607311
            ],
            [
              108.2921009,
              22.86037
            ],
            [
              108.2914387,
              22.8600088
            ],
            [
              108.2902223,
              22.8585393
            ],
            [
              108.2888303,
              22.8590499
            ],
            [
              108.2886275,
              22.8586888
            ],
            [
              108.2860945,
              22.858888
            ],
            [
              108.2862995,
              22.859735
            ],
            [
              108.2859245,
              22.8598099
            ],
            [
              108.2859705,
              22.8633476
            ],
            [
              108.2867008,
              22.8635493
            ],
            [
              108.2869273,
              22.8651706
            ],
            [
              108.2860123,
              22.8651039
            ],
            [
              108.2860914,
              22.8656474
            ],
            [
              108.28713,
              22.8659063
            ],
            [
              108.2893801,
              22.8665585
            ],
            [
              108.2905946,
              22.8668471
            ],
            [
              108.2909104,
              22.8666308
            ],
            [
              108.29121,
              22.8656054
            ],
            [
              108.2895162,
              22.8662517
            ],
            [
              108.2882271,
              22.8638175
            ]
          ]
        ]
      }
    },
    {
      "type": "Feature",
      "id": "way/476889361",
      "properties": {
        "name": "北投体育公园",
        "category": "绿城生态文化点",
        "tags": [
          "leisure:park"
        ],
        "osmType": "way",
        "osmId": 476889361,
        "osmSource": "overpass",
        "cultureText": "来自 OSM/Overpass 的南宁生态文化相关公共空间。",
        "greenScore": 86,
        "quietScore": 70
      },
      "geometry": {
        "type": "Polygon",
        "coordinates": [
          [
            [
              108.2715586,
              22.8646555
            ],
            [
              108.2726645,
              22.8645231
            ],
            [
              108.2733251,
              22.8643246
            ],
            [
              108.2752496,
              22.8642188
            ],
            [
              108.2760682,
              22.8643511
            ],
            [
              108.2757204,
              22.866043
            ],
            [
              108.2756299,
              22.8664832
            ],
            [
              108.2747326,
              22.8708485
            ],
            [
              108.2715299,
              22.8703457
            ],
            [
              108.2715586,
              22.8646555
            ]
          ]
        ]
      }
    },
    {
      "type": "Feature",
      "id": "way/477508898",
      "properties": {
        "name": "绿城生态文化点 park",
        "category": "绿城生态文化点",
        "tags": [
          "leisure:park"
        ],
        "osmType": "way",
        "osmId": 477508898,
        "osmSource": "overpass",
        "cultureText": "来自 OSM/Overpass 的南宁生态文化相关公共空间。",
        "greenScore": 86,
        "quietScore": 70
      },
      "geometry": {
        "type": "Polygon",
        "coordinates": [
          [
            [
              108.3163189,
              22.8149425
            ],
            [
              108.3156654,
              22.81545
            ],
            [
              108.315716,
              22.8155348
            ],
            [
              108.3168804,
              22.8155332
            ],
            [
              108.3172756,
              22.815461
            ],
            [
              108.3173767,
              22.8153633
            ],
            [
              108.3173082,
              22.8152536
            ],
            [
              108.3170771,
              22.8150523
            ],
            [
              108.3168226,
              22.815212
            ],
            [
              108.3163189,
              22.8149425
            ]
          ]
        ]
      }
    },
    {
      "type": "Feature",
      "id": "way/477509094",
      "properties": {
        "name": "绿城生态文化点 park",
        "category": "绿城生态文化点",
        "tags": [
          "leisure:park"
        ],
        "osmType": "way",
        "osmId": 477509094,
        "osmSource": "overpass",
        "cultureText": "来自 OSM/Overpass 的南宁生态文化相关公共空间。",
        "greenScore": 86,
        "quietScore": 70
      },
      "geometry": {
        "type": "Polygon",
        "coordinates": [
          [
            [
              108.3120051,
              22.8093603
            ],
            [
              108.3122813,
              22.8091217
            ],
            [
              108.3126955,
              22.8091575
            ],
            [
              108.3134203,
              22.8086325
            ],
            [
              108.3141883,
              22.8089546
            ],
            [
              108.3130924,
              22.8100126
            ],
            [
              108.312881,
              22.8101677
            ],
            [
              108.3127127,
              22.8101757
            ],
            [
              108.3121907,
              22.8097262
            ],
            [
              108.3120051,
              22.8093603
            ]
          ]
        ]
      }
    },
    {
      "type": "Feature",
      "id": "way/526785377",
      "properties": {
        "name": "绿城生态文化点 garden",
        "category": "绿城生态文化点",
        "tags": [
          "leisure:garden"
        ],
        "osmType": "way",
        "osmId": 526785377,
        "osmSource": "overpass",
        "cultureText": "来自 OSM/Overpass 的南宁生态文化相关公共空间。",
        "greenScore": 86,
        "quietScore": 70
      },
      "geometry": {
        "type": "Polygon",
        "coordinates": [
          [
            [
              108.3137429,
              22.8314599
            ],
            [
              108.313287,
              22.8312696
            ],
            [
              108.3133078,
              22.8312325
            ],
            [
              108.313586,
              22.8313691
            ],
            [
              108.3137429,
              22.8314599
            ]
          ]
        ]
      }
    },
    {
      "type": "Feature",
      "id": "way/541877600",
      "properties": {
        "name": "五象饮江",
        "category": "景观点",
        "tags": [
          "tourism:attraction"
        ],
        "osmType": "way",
        "osmId": 541877600,
        "osmSource": "overpass",
        "cultureText": "来自 OSM/Overpass 的南宁生态文化相关公共空间。",
        "greenScore": 74,
        "quietScore": 70
      },
      "geometry": {
        "type": "Polygon",
        "coordinates": [
          [
            [
              108.3494533,
              22.7711015
            ],
            [
              108.3495612,
              22.7710986
            ],
            [
              108.3495987,
              22.7710842
            ],
            [
              108.3496351,
              22.7710702
            ],
            [
              108.3497522,
              22.7709964
            ],
            [
              108.3498724,
              22.7710163
            ],
            [
              108.3499217,
              22.7710986
            ],
            [
              108.3498878,
              22.771218
            ],
            [
              108.3500387,
              22.7712066
            ],
            [
              108.3500695,
              22.7713373
            ],
            [
              108.3500326,
              22.7714765
            ],
            [
              108.3498878,
              22.7714935
            ],
            [
              108.3497923,
              22.7715901
            ],
            [
              108.3496382,
              22.7716555
            ],
            [
              108.3495334,
              22.7716214
            ],
            [
              108.3494256,
              22.7714736
            ],
            [
              108.34925,
              22.7714736
            ],
            [
              108.3491914,
              22.7713685
            ],
            [
              108.3493054,
              22.7712691
            ],
            [
              108.3492562,
              22.77111
            ],
            [
              108.3493671,
              22.7710248
            ],
            [
              108.3494533,
              22.7711015
            ]
          ]
        ]
      }
    },
    {
      "type": "Feature",
      "id": "way/541877603",
      "properties": {
        "name": "马",
        "category": "绿城生态文化点",
        "tags": [
          "leisure:park"
        ],
        "osmType": "way",
        "osmId": 541877603,
        "osmSource": "overpass",
        "cultureText": "来自 OSM/Overpass 的南宁生态文化相关公共空间。",
        "greenScore": 86,
        "quietScore": 70
      },
      "geometry": {
        "type": "Polygon",
        "coordinates": [
          [
            [
              108.3563401,
              22.7760143
            ],
            [
              108.3564921,
              22.7757678
            ],
            [
              108.3568397,
              22.7758879
            ],
            [
              108.3569946,
              22.7762728
            ],
            [
              108.3572562,
              22.7764408
            ],
            [
              108.3570471,
              22.7765296
            ],
            [
              108.3567421,
              22.7761605
            ],
            [
              108.3563401,
              22.7760143
            ]
          ]
        ]
      }
    },
    {
      "type": "Feature",
      "id": "way/541877604",
      "properties": {
        "name": "秀台情久",
        "category": "绿城生态文化点",
        "tags": [
          "leisure:park"
        ],
        "osmType": "way",
        "osmId": 541877604,
        "osmSource": "overpass",
        "cultureText": "来自 OSM/Overpass 的南宁生态文化相关公共空间。",
        "greenScore": 86,
        "quietScore": 70
      },
      "geometry": {
        "type": "Polygon",
        "coordinates": [
          [
            [
              108.357996,
              22.7772926
            ],
            [
              108.3580226,
              22.7774189
            ],
            [
              108.358081,
              22.7775265
            ],
            [
              108.3581814,
              22.7776062
            ],
            [
              108.3583238,
              22.7776751
            ],
            [
              108.3584849,
              22.7777031
            ],
            [
              108.358632,
              22.7776557
            ],
            [
              108.3581343,
              22.7773318
            ],
            [
              108.357996,
              22.7772926
            ]
          ]
        ]
      }
    },
    {
      "type": "Feature",
      "id": "way/541877605",
      "properties": {
        "name": "梯景耀江",
        "category": "绿城生态文化点",
        "tags": [
          "leisure:park"
        ],
        "osmType": "way",
        "osmId": 541877605,
        "osmSource": "overpass",
        "cultureText": "来自 OSM/Overpass 的南宁生态文化相关公共空间。",
        "greenScore": 86,
        "quietScore": 70
      },
      "geometry": {
        "type": "Polygon",
        "coordinates": [
          [
            [
              108.3627054,
              22.7803846
            ],
            [
              108.3629886,
              22.7805739
            ],
            [
              108.3633,
              22.7807566
            ],
            [
              108.3634628,
              22.7806783
            ],
            [
              108.3634335,
              22.7805061
            ],
            [
              108.3631862,
              22.7803065
            ],
            [
              108.3627833,
              22.780228
            ],
            [
              108.3627054,
              22.7803846
            ]
          ]
        ]
      }
    },
    {
      "type": "Feature",
      "id": "way/541877606",
      "properties": {
        "name": "江洲晓月",
        "category": "绿城生态文化点",
        "tags": [
          "leisure:park"
        ],
        "osmType": "way",
        "osmId": 541877606,
        "osmSource": "overpass",
        "cultureText": "来自 OSM/Overpass 的南宁生态文化相关公共空间。",
        "greenScore": 86,
        "quietScore": 70
      },
      "geometry": {
        "type": "Polygon",
        "coordinates": [
          [
            [
              108.351712,
              22.7735119
            ],
            [
              108.3518478,
              22.77334
            ],
            [
              108.3518729,
              22.7733359
            ],
            [
              108.3519693,
              22.7733203
            ],
            [
              108.3520113,
              22.7733302
            ],
            [
              108.3522248,
              22.7733809
            ],
            [
              108.3522731,
              22.7734792
            ],
            [
              108.3523683,
              22.773578
            ],
            [
              108.3524649,
              22.773653
            ],
            [
              108.3524587,
              22.7738341
            ],
            [
              108.3523202,
              22.7738776
            ],
            [
              108.3520114,
              22.773723
            ],
            [
              108.351712,
              22.7735119
            ]
          ]
        ]
      }
    },
    {
      "type": "Feature",
      "id": "way/544013162",
      "properties": {
        "name": "蒲津公园",
        "category": "绿城生态文化点",
        "tags": [
          "leisure:park"
        ],
        "osmType": "way",
        "osmId": 544013162,
        "osmSource": "overpass",
        "cultureText": "来自 OSM/Overpass 的南宁生态文化相关公共空间。",
        "greenScore": 86,
        "quietScore": 70
      },
      "geometry": {
        "type": "Polygon",
        "coordinates": [
          [
            [
              108.4869738,
              22.7568597
            ],
            [
              108.4868909,
              22.7568097
            ],
            [
              108.4868167,
              22.756702
            ],
            [
              108.486779,
              22.7566051
            ],
            [
              108.486776,
              22.7564744
            ],
            [
              108.4868036,
              22.756285
            ],
            [
              108.4868596,
              22.7560787
            ],
            [
              108.4870112,
              22.7557831
            ],
            [
              108.4870742,
              22.7557126
            ],
            [
              108.4871753,
              22.755614
            ],
            [
              108.4872849,
              22.7555065
            ],
            [
              108.4873364,
              22.7554419
            ],
            [
              108.4873636,
              22.7553952
            ],
            [
              108.4873708,
              22.755352
            ],
            [
              108.4873679,
              22.7553151
            ],
            [
              108.4873395,
              22.75529
            ],
            [
              108.4870796,
              22.7551718
            ],
            [
              108.4870587,
              22.7551569
            ],
            [
              108.4870467,
              22.7551307
            ],
            [
              108.4870474,
              22.7551066
            ],
            [
              108.487127,
              22.7547668
            ],
            [
              108.4871171,
              22.7547245
            ],
            [
              108.4870366,
              22.7545308
            ],
            [
              108.4869156,
              22.7542957
            ],
            [
              108.4868633,
              22.7542002
            ],
            [
              108.48686,
              22.7540994
            ],
            [
              108.4868999,
              22.7539796
            ],
            [
              108.4870341,
              22.7536338
            ],
            [
              108.4871154,
              22.7534885
            ],
            [
              108.4872912,
              22.7532662
            ],
            [
              108.4874631,
              22.7530998
            ],
            [
              108.4875103,
              22.7530001
            ],
            [
              108.4876589,
              22.7523982
            ],
            [
              108.4877113,
              22.7519809
            ],
            [
              108.487776,
              22.7516744
            ],
            [
              108.487919,
              22.7511355
            ],
            [
              108.4881556,
              22.7511654
            ],
            [
              108.4881189,
              22.7513395
            ],
            [
              108.4884144,
              22.7513633
            ],
            [
              108.4885272,
              22.7513108
            ],
            [
              108.4886478,
              22.7512829
            ],
            [
              108.4887706,
              22.751281
            ],
            [
              108.4889244,
              22.751315
            ],
            [
              108.4891028,
              22.7513939
            ],
            [
              108.489403,
              22.7516144
            ],
            [
              108.4895983,
              22.751488
            ],
            [
              108.4896545,
              22.7514825
            ],
            [
              108.4896887,
              22.7515206
            ],
            [
              108.4897127,
              22.7517553
            ],
            [
              108.4897768,
              22.7518355
            ],
            [
              108.4902648,
              22.7520994
            ],
            [
              108.4904914,
              22.7522183
            ],
            [
              108.4905248,
              22.7522431
            ],
            [
              108.4905456,
              22.7522859
            ],
            [
              108.4905414,
              22.7523342
            ],
            [
              108.4905181,
              22.7523883
            ],
            [
              108.4904764,
              22.7524146
            ],
            [
              108.4904202,
              22.7524278
            ],
            [
              108.4902947,
              22.7524331
            ],
            [
              108.4902079,
              22.7524498
            ],
            [
              108.4901352,
              22.7525001
            ],
            [
              108.4900675,
              22.7525911
            ],
            [
              108.4899173,
              22.7528978
            ],
            [
              108.4898534,
              22.7530107
            ],
            [
              108.4897604,
              22.7530969
            ],
            [
              108.4896483,
              22.7531492
            ],
            [
              108.4895378,
              22.7531686
            ],
            [
              108.4894525,
              22.7531418
            ],
            [
              108.4892902,
              22.7530218
            ],
            [
              108.4891328,
              22.7529435
            ],
            [
              108.4889774,
              22.7529049
            ],
            [
              108.4887999,
              22.7528889
            ],
            [
              108.4886819,
              22.7528977
            ],
            [
              108.4886094,
              22.7529369
            ],
            [
              108.4885762,
              22.7529985
            ],
            [
              108.4885772,
              22.7531174
            ],
            [
              108.4886754,
              22.7534578
            ],
            [
              108.4888272,
              22.753979
            ],
            [
              108.4888785,
              22.7541467
            ],
            [
              108.4888798,
              22.7542177
            ],
            [
              108.4888597,
              22.7542622
            ],
            [
              108.488803,
              22.7543014
            ],
            [
              108.4887264,
              22.754317
            ],
            [
              108.4881154,
              22.7543245
            ],
            [
              108.4880383,
              22.7543426
            ],
            [
              108.4879785,
              22.7543748
            ],
            [
              108.4879511,
              22.7544249
            ],
            [
              108.4879398,
              22.7544927
            ],
            [
              108.4879377,
              22.7545566
            ],
            [
              108.4879682,
              22.7546435
            ],
            [
              108.4880228,
              22.754718
            ],
            [
              108.4880714,
              22.7547657
            ],
            [
              108.4882222,
              22.7548935
            ],
            [
              108.488319,
              22.7549505
            ],
            [
              108.4886532,
              22.7551137
            ],
            [
              108.4886996,
              22.7551519
            ],
            [
              108.4887239,
              22.755184
            ],
            [
              108.4887372,
              22.7552137
            ],
            [
              108.4887358,
              22.7552439
            ],
            [
              108.4887258,
              22.7552596
            ],
            [
              108.4887083,
              22.755271
            ],
            [
              108.4886817,
              22.7552758
            ],
            [
              108.4886425,
              22.7552716
            ],
            [
              108.4885325,
              22.7552362
            ],
            [
              108.4884661,
              22.7552213
            ],
            [
              108.4884271,
              22.7552199
            ],
            [
              108.488391,
              22.75523
            ],
            [
              108.4883675,
              22.755251
            ],
            [
              108.4883531,
              22.7552933
            ],
            [
              108.4883564,
              22.7553627
            ],
            [
              108.4883745,
              22.7554366
            ],
            [
              108.4883626,
              22.7555487
            ],
            [
              108.4883294,
              22.7556631
            ],
            [
              108.4882382,
              22.7558857
            ],
            [
              108.4881824,
              22.7559838
            ],
            [
              108.4881288,
              22.7560555
            ],
            [
              108.4880558,
              22.7561182
            ],
            [
              108.4880935,
              22.7562185
            ],
            [
              108.4879776,
              22.7562797
            ],
            [
              108.4876927,
              22.7564789
            ],
            [
              108.4875795,
              22.7565713
            ],
            [
              108.4874294,
              22.7566749
            ],
            [
              108.487219,
              22.7568059
            ],
            [
              108.4870644,
              22.7568613
            ],
            [
              108.4870179,
              22.7568656
            ],
            [
              108.4869738,
              22.7568597
            ]
          ]
        ]
      }
    },
    {
      "type": "Feature",
      "id": "way/544577310",
      "properties": {
        "name": "新兴广场",
        "category": "绿城生态文化点",
        "tags": [
          "leisure:park"
        ],
        "osmType": "way",
        "osmId": 544577310,
        "osmSource": "overpass",
        "cultureText": "来自 OSM/Overpass 的南宁生态文化相关公共空间。",
        "greenScore": 86,
        "quietScore": 70
      },
      "geometry": {
        "type": "Polygon",
        "coordinates": [
          [
            [
              108.4789129,
              22.7603138
            ],
            [
              108.4787581,
              22.760293
            ],
            [
              108.4785944,
              22.7602486
            ],
            [
              108.4784621,
              22.760192
            ],
            [
              108.4783331,
              22.7601155
            ],
            [
              108.4782307,
              22.7600375
            ],
            [
              108.4781337,
              22.7599411
            ],
            [
              108.4780289,
              22.7598094
            ],
            [
              108.4779691,
              22.7596789
            ],
            [
              108.4779453,
              22.7596043
            ],
            [
              108.4779373,
              22.7595193
            ],
            [
              108.4779396,
              22.759455
            ],
            [
              108.4779444,
              22.759403
            ],
            [
              108.4779597,
              22.7593294
            ],
            [
              108.4780259,
              22.759175
            ],
            [
              108.4781139,
              22.7590234
            ],
            [
              108.4782019,
              22.7588708
            ],
            [
              108.4782547,
              22.7587796
            ],
            [
              108.4782743,
              22.7587416
            ],
            [
              108.478297,
              22.7587176
            ],
            [
              108.4783357,
              22.7586983
            ],
            [
              108.4783912,
              22.7586943
            ],
            [
              108.4784661,
              22.758704
            ],
            [
              108.4789722,
              22.7587695
            ],
            [
              108.4789129,
              22.7603138
            ]
          ]
        ]
      }
    },
    {
      "type": "Feature",
      "id": "way/549941025",
      "properties": {
        "name": "民歌湖公园",
        "category": "绿城生态文化点",
        "tags": [
          "leisure:park"
        ],
        "osmType": "way",
        "osmId": 549941025,
        "osmSource": "overpass",
        "cultureText": "来自 OSM/Overpass 的南宁生态文化相关公共空间。",
        "greenScore": 86,
        "quietScore": 70
      },
      "geometry": {
        "type": "Polygon",
        "coordinates": [
          [
            [
              108.370065,
              22.8154224
            ],
            [
              108.3719699,
              22.8153732
            ],
            [
              108.3722118,
              22.8153402
            ],
            [
              108.3724216,
              22.8153127
            ],
            [
              108.3726128,
              22.8152336
            ],
            [
              108.3728652,
              22.8151309
            ],
            [
              108.3731229,
              22.8149558
            ],
            [
              108.3738471,
              22.8140864
            ],
            [
              108.3739246,
              22.8138891
            ],
            [
              108.3739576,
              22.8138124
            ],
            [
              108.3739126,
              22.8133883
            ],
            [
              108.3737113,
              22.8128727
            ],
            [
              108.3731416,
              22.811865
            ],
            [
              108.3726171,
              22.8111528
            ],
            [
              108.3708041,
              22.8094437
            ],
            [
              108.3707285,
              22.809403
            ],
            [
              108.3706401,
              22.8093849
            ],
            [
              108.3705646,
              22.809403
            ],
            [
              108.369524,
              22.810326
            ],
            [
              108.3694087,
              22.8104283
            ],
            [
              108.3689073,
              22.8108731
            ],
            [
              108.3688088,
              22.8109605
            ],
            [
              108.3687376,
              22.8111521
            ],
            [
              108.3693575,
              22.8124462
            ],
            [
              108.3695792,
              22.8129716
            ],
            [
              108.3696194,
              22.8133801
            ],
            [
              108.3696135,
              22.8139932
            ],
            [
              108.3696483,
              22.8151676
            ],
            [
              108.3698292,
              22.8153812
            ],
            [
              108.370065,
              22.8154224
            ]
          ]
        ]
      }
    },
    {
      "type": "Feature",
      "id": "way/617349409",
      "properties": {
        "name": "石门森林公园",
        "category": "绿城生态文化点",
        "tags": [
          "leisure:park"
        ],
        "osmType": "way",
        "osmId": 617349409,
        "osmSource": "overpass",
        "cultureText": "来自 OSM/Overpass 的南宁生态文化相关公共空间。",
        "greenScore": 86,
        "quietScore": 70
      },
      "geometry": {
        "type": "Polygon",
        "coordinates": [
          [
            [
              108.3839964,
              22.8126537
            ],
            [
              108.3833312,
              22.8126339
            ],
            [
              108.3830308,
              22.8127131
            ],
            [
              108.3826998,
              22.8131168
            ],
            [
              108.3826841,
              22.8132232
            ],
            [
              108.3826731,
              22.8135898
            ],
            [
              108.3824887,
              22.8135629
            ],
            [
              108.3822176,
              22.8135106
            ],
            [
              108.3818352,
              22.8134019
            ],
            [
              108.3810148,
              22.8133621
            ],
            [
              108.3802608,
              22.8134437
            ],
            [
              108.379797,
              22.8134771
            ],
            [
              108.37961,
              22.813453
            ],
            [
              108.3796093,
              22.8129542
            ],
            [
              108.3796347,
              22.812385
            ],
            [
              108.3795332,
              22.8117834
            ],
            [
              108.3788465,
              22.8107945
            ],
            [
              108.3779668,
              22.8101022
            ],
            [
              108.3775376,
              22.8098648
            ],
            [
              108.3767437,
              22.8093901
            ],
            [
              108.376057,
              22.8088956
            ],
            [
              108.3756279,
              22.8085396
            ],
            [
              108.3751397,
              22.8078892
            ],
            [
              108.3751114,
              22.8078515
            ],
            [
              108.3749402,
              22.8076233
            ],
            [
              108.3763882,
              22.8075288
            ],
            [
              108.3809811,
              22.8072291
            ],
            [
              108.382178,
              22.807151
            ],
            [
              108.3817938,
              22.8058393
            ],
            [
              108.3821423,
              22.805717
            ],
            [
              108.3825423,
              22.8055873
            ],
            [
              108.3825648,
              22.8056427
            ],
            [
              108.3827588,
              22.8061199
            ],
            [
              108.3828625,
              22.8064041
            ],
            [
              108.3829641,
              22.8066793
            ],
            [
              108.3835674,
              22.8065364
            ],
            [
              108.3839902,
              22.8063076
            ],
            [
              108.3843407,
              22.8061287
            ],
            [
              108.3848677,
              22.8058704
            ],
            [
              108.3856428,
              22.8055878
            ],
            [
              108.3862991,
              22.8054546
            ],
            [
              108.386347,
              22.8073493
            ],
            [
              108.386282,
              22.8100239
            ],
            [
              108.3862928,
              22.8136132
            ],
            [
              108.3844597,
              22.813608
            ],
            [
              108.3844583,
              22.8132781
            ],
            [
              108.3844891,
              22.813158
            ],
            [
              108.3847364,
              22.8126481
            ],
            [
              108.384174,
              22.8126524
            ],
            [
              108.3839964,
              22.8126537
            ]
          ]
        ]
      }
    },
    {
      "type": "Feature",
      "id": "way/617349412",
      "properties": {
        "name": "青秀湖公园",
        "category": "绿城生态文化点",
        "tags": [
          "leisure:park"
        ],
        "osmType": "way",
        "osmId": 617349412,
        "osmSource": "overpass",
        "cultureText": "来自 OSM/Overpass 的南宁生态文化相关公共空间。",
        "greenScore": 86,
        "quietScore": 70
      },
      "geometry": {
        "type": "Polygon",
        "coordinates": [
          [
            [
              108.3647703,
              22.8018143
            ],
            [
              108.3635901,
              22.8006077
            ],
            [
              108.3634828,
              22.8003505
            ],
            [
              108.3639764,
              22.7996977
            ],
            [
              108.3638047,
              22.7993812
            ],
            [
              108.3633541,
              22.7989065
            ],
            [
              108.363161,
              22.7986098
            ],
            [
              108.3645128,
              22.7975732
            ],
            [
              108.3654355,
              22.7974625
            ],
            [
              108.3666972,
              22.7972884
            ],
            [
              108.367474,
              22.7972844
            ],
            [
              108.3729457,
              22.7971064
            ],
            [
              108.373525,
              22.7983328
            ],
            [
              108.3733748,
              22.7991043
            ],
            [
              108.3734606,
              22.7997966
            ],
            [
              108.3736634,
              22.8001417
            ],
            [
              108.3737396,
              22.8002714
            ],
            [
              108.3734687,
              22.8002812
            ],
            [
              108.3729671,
              22.7996779
            ],
            [
              108.3726238,
              22.7991636
            ],
            [
              108.3721088,
              22.7992428
            ],
            [
              108.3717869,
              22.7995593
            ],
            [
              108.3711687,
              22.7996226
            ],
            [
              108.3707319,
              22.7996673
            ],
            [
              108.3698558,
              22.7997571
            ],
            [
              108.3688258,
              22.7996186
            ],
            [
              108.3685683,
              22.799579
            ],
            [
              108.3667873,
              22.8002516
            ],
            [
              108.3659505,
              22.8009835
            ],
            [
              108.364942,
              22.8019132
            ],
            [
              108.3647703,
              22.8018143
            ]
          ]
        ]
      }
    },
    {
      "type": "Feature",
      "id": "way/617350577",
      "properties": {
        "name": "体育休闲公园",
        "category": "绿城生态文化点",
        "tags": [
          "leisure:park"
        ],
        "osmType": "way",
        "osmId": 617350577,
        "osmSource": "overpass",
        "cultureText": "来自 OSM/Overpass 的南宁生态文化相关公共空间。",
        "greenScore": 86,
        "quietScore": 70
      },
      "geometry": {
        "type": "Polygon",
        "coordinates": [
          [
            [
              108.4051468,
              22.8074656
            ],
            [
              108.404314,
              22.8083539
            ],
            [
              108.4038763,
              22.8081541
            ],
            [
              108.4036262,
              22.8080985
            ],
            [
              108.4031549,
              22.8080444
            ],
            [
              108.4020399,
              22.8079163
            ],
            [
              108.4017526,
              22.807877
            ],
            [
              108.4015831,
              22.807809
            ],
            [
              108.4015368,
              22.8076984
            ],
            [
              108.4015784,
              22.8075972
            ],
            [
              108.4018216,
              22.8069568
            ],
            [
              108.4018995,
              22.8065682
            ],
            [
              108.4018469,
              22.8062246
            ],
            [
              108.4018809,
              22.8059307
            ],
            [
              108.4019634,
              22.805508
            ],
            [
              108.4019511,
              22.8053155
            ],
            [
              108.4017586,
              22.8050107
            ],
            [
              108.4015565,
              22.8047949
            ],
            [
              108.4011209,
              22.8045712
            ],
            [
              108.4007787,
              22.8044071
            ],
            [
              108.4005295,
              22.8042163
            ],
            [
              108.4003653,
              22.803978
            ],
            [
              108.400214,
              22.8036322
            ],
            [
              108.4000208,
              22.8033103
            ],
            [
              108.3998159,
              22.8031247
            ],
            [
              108.3993145,
              22.8028454
            ],
            [
              108.3991344,
              22.8027631
            ],
            [
              108.3990113,
              22.8026451
            ],
            [
              108.3989297,
              22.802489
            ],
            [
              108.3989387,
              22.8023073
            ],
            [
              108.3989834,
              22.8021882
            ],
            [
              108.3990738,
              22.8020652
            ],
            [
              108.3991677,
              22.8019929
            ],
            [
              108.3991654,
              22.8019101
            ],
            [
              108.3990872,
              22.8018015
            ],
            [
              108.3990094,
              22.8016797
            ],
            [
              108.3988797,
              22.8014804
            ],
            [
              108.3988287,
              22.8014318
            ],
            [
              108.3986877,
              22.8013062
            ],
            [
              108.3984864,
              22.8011728
            ],
            [
              108.3983439,
              22.801086
            ],
            [
              108.3981645,
              22.801017
            ],
            [
              108.3978925,
              22.8009042
            ],
            [
              108.3978269,
              22.8008772
            ],
            [
              108.3977221,
              22.8008341
            ],
            [
              108.3976049,
              22.800754
            ],
            [
              108.3974915,
              22.8006739
            ],
            [
              108.3973946,
              22.8005783
            ],
            [
              108.397323,
              22.8005082
            ],
            [
              108.3972992,
              22.8004371
            ],
            [
              108.3972785,
              22.8003459
            ],
            [
              108.3978337,
              22.8002567
            ],
            [
              108.3984426,
              22.8002016
            ],
            [
              108.3989012,
              22.8001814
            ],
            [
              108.399556,
              22.8002027
            ],
            [
              108.40023,
              22.8002895
            ],
            [
              108.4006292,
              22.8003584
            ],
            [
              108.4007694,
              22.8003826
            ],
            [
              108.4009301,
              22.8004103
            ],
            [
              108.4015917,
              22.8005245
            ],
            [
              108.4039162,
              22.8009435
            ],
            [
              108.4039538,
              22.800968
            ],
            [
              108.4039942,
              22.8010012
            ],
            [
              108.4039664,
              22.8010713
            ],
            [
              108.4039102,
              22.801129
            ],
            [
              108.4037672,
              22.8012079
            ],
            [
              108.4034846,
              22.8012793
            ],
            [
              108.4034322,
              22.801297
            ],
            [
              108.4026104,
              22.8014126
            ],
            [
              108.4024205,
              22.8014518
            ],
            [
              108.4023504,
              22.8015075
            ],
            [
              108.4023208,
              22.801531
            ],
            [
              108.4021794,
              22.8016887
            ],
            [
              108.4021659,
              22.8017153
            ],
            [
              108.4021053,
              22.8018349
            ],
            [
              108.4021049,
              22.8019298
            ],
            [
              108.4023548,
              22.8019255
            ],
            [
              108.4027219,
              22.801927
            ],
            [
              108.4041863,
              22.8019332
            ],
            [
              108.4046257,
              22.801949
            ],
            [
              108.4048807,
              22.8019835
            ],
            [
              108.4050957,
              22.8020774
            ],
            [
              108.4053224,
              22.8022767
            ],
            [
              108.4054376,
              22.8024657
            ],
            [
              108.4057812,
              22.8037047
            ],
            [
              108.4060203,
              22.8047309
            ],
            [
              108.4060631,
              22.8050523
            ],
            [
              108.4060215,
              22.8053424
            ],
            [
              108.4059302,
              22.8054794
            ],
            [
              108.4058974,
              22.8055086
            ],
            [
              108.4058129,
              22.8055838
            ],
            [
              108.4055488,
              22.8057123
            ],
            [
              108.4053179,
              22.8057636
            ],
            [
              108.4051516,
              22.8058214
            ],
            [
              108.4050531,
              22.8058895
            ],
            [
              108.4049715,
              22.8059869
            ],
            [
              108.404766,
              22.8062324
            ],
            [
              108.4046824,
              22.8065427
            ],
            [
              108.4046795,
              22.8068203
            ],
            [
              108.4047436,
              22.8070472
            ],
            [
              108.4049027,
              22.8072562
            ],
            [
              108.4051468,
              22.8074656
            ]
          ]
        ]
      }
    },
    {
      "type": "Feature",
      "id": "way/617350578",
      "properties": {
        "name": "南宁市规划展览馆",
        "category": "博物馆",
        "tags": [
          "tourism:museum"
        ],
        "osmType": "way",
        "osmId": 617350578,
        "osmSource": "overpass",
        "cultureText": "来自 OSM/Overpass 的南宁生态文化相关公共空间。",
        "greenScore": 74,
        "quietScore": 70
      },
      "geometry": {
        "type": "Polygon",
        "coordinates": [
          [
            [
              108.3949916,
              22.8018267
            ],
            [
              108.3948442,
              22.8016723
            ],
            [
              108.3947696,
              22.8015489
            ],
            [
              108.3947276,
              22.8013868
            ],
            [
              108.3947143,
              22.8012563
            ],
            [
              108.3947359,
              22.8011472
            ],
            [
              108.3947875,
              22.8010419
            ],
            [
              108.3948806,
              22.800966
            ],
            [
              108.395018,
              22.8009209
            ],
            [
              108.3953423,
              22.8008758
            ],
            [
              108.3954359,
              22.8008411
            ],
            [
              108.3954673,
              22.8007581
            ],
            [
              108.3955552,
              22.8007209
            ],
            [
              108.3958888,
              22.8007842
            ],
            [
              108.395944,
              22.8008279
            ],
            [
              108.3961003,
              22.8012683
            ],
            [
              108.3960769,
              22.8012891
            ],
            [
              108.3958258,
              22.8013092
            ],
            [
              108.3957498,
              22.8013306
            ],
            [
              108.3956947,
              22.8013775
            ],
            [
              108.3956419,
              22.8014954
            ],
            [
              108.3955737,
              22.8016301
            ],
            [
              108.3954683,
              22.8017734
            ],
            [
              108.3953549,
              22.8018795
            ],
            [
              108.3952368,
              22.8019038
            ],
            [
              108.3951025,
              22.8018911
            ],
            [
              108.3949916,
              22.8018267
            ]
          ]
        ]
      }
    },
    {
      "type": "Feature",
      "id": "way/652002454",
      "properties": {
        "name": "东盟园",
        "category": "绿城生态文化点",
        "tags": [
          "leisure:park"
        ],
        "osmType": "way",
        "osmId": 652002454,
        "osmSource": "overpass",
        "cultureText": "来自 OSM/Overpass 的南宁生态文化相关公共空间。",
        "greenScore": 86,
        "quietScore": 70
      },
      "geometry": {
        "type": "Polygon",
        "coordinates": [
          [
            [
              108.3722863,
              22.7958092
            ],
            [
              108.3730773,
              22.7958327
            ],
            [
              108.3738683,
              22.7958092
            ],
            [
              108.3744935,
              22.7957857
            ],
            [
              108.3753866,
              22.7954563
            ],
            [
              108.3756163,
              22.7950564
            ],
            [
              108.375527,
              22.7943977
            ],
            [
              108.3755015,
              22.793986
            ],
            [
              108.3753228,
              22.7938331
            ],
            [
              108.3741088,
              22.7936934
            ],
            [
              108.3737502,
              22.7933943
            ],
            [
              108.3734452,
              22.7929281
            ],
            [
              108.3730605,
              22.7927665
            ],
            [
              108.3728706,
              22.7928924
            ],
            [
              108.3728148,
              22.79316
            ],
            [
              108.3728156,
              22.7938445
            ],
            [
              108.3727121,
              22.7947258
            ],
            [
              108.3724138,
              22.795127
            ],
            [
              108.3722735,
              22.7953152
            ],
            [
              108.3722863,
              22.7958092
            ]
          ]
        ]
      }
    },
    {
      "type": "Feature",
      "id": "way/652168411",
      "properties": {
        "name": "广西民族文物苑",
        "category": "绿城生态文化点",
        "tags": [
          "leisure:park"
        ],
        "osmType": "way",
        "osmId": 652168411,
        "osmSource": "overpass",
        "cultureText": "来自 OSM/Overpass 的南宁生态文化相关公共空间。",
        "greenScore": 86,
        "quietScore": 70
      },
      "geometry": {
        "type": "Polygon",
        "coordinates": [
          [
            [
              108.3318798,
              22.8144894
            ],
            [
              108.3318483,
              22.8143102
            ],
            [
              108.3318275,
              22.8140043
            ],
            [
              108.3318989,
              22.8139934
            ],
            [
              108.3318929,
              22.8137211
            ],
            [
              108.3313951,
              22.8137258
            ],
            [
              108.3309938,
              22.8137104
            ],
            [
              108.3307038,
              22.8137031
            ],
            [
              108.3306156,
              22.8137028
            ],
            [
              108.3305755,
              22.8138068
            ],
            [
              108.3305312,
              22.8141028
            ],
            [
              108.3305493,
              22.8142986
            ],
            [
              108.3305177,
              22.8144524
            ],
            [
              108.330515,
              22.8144996
            ],
            [
              108.3318798,
              22.8144894
            ]
          ]
        ]
      }
    },
    {
      "type": "Feature",
      "id": "way/652174557",
      "properties": {
        "name": "新秀公园",
        "category": "绿城生态文化点",
        "tags": [
          "leisure:park"
        ],
        "osmType": "way",
        "osmId": 652174557,
        "osmSource": "overpass",
        "cultureText": "来自 OSM/Overpass 的南宁生态文化相关公共空间。",
        "greenScore": 86,
        "quietScore": 70
      },
      "geometry": {
        "type": "Polygon",
        "coordinates": [
          [
            [
              108.2841241,
              22.8243192
            ],
            [
              108.284304,
              22.8240165
            ],
            [
              108.2846605,
              22.8237718
            ],
            [
              108.2848502,
              22.8237629
            ],
            [
              108.285297,
              22.8241339
            ],
            [
              108.2854712,
              22.8242955
            ],
            [
              108.2855577,
              22.824331
            ],
            [
              108.2856559,
              22.8243449
            ],
            [
              108.2858566,
              22.8246072
            ],
            [
              108.2859765,
              22.8247596
            ],
            [
              108.2861124,
              22.8246328
            ],
            [
              108.2865074,
              22.8240765
            ],
            [
              108.287087,
              22.8245143
            ],
            [
              108.2872891,
              22.8243835
            ],
            [
              108.2875649,
              22.8243784
            ],
            [
              108.2876763,
              22.8243846
            ],
            [
              108.2875395,
              22.8242072
            ],
            [
              108.2874357,
              22.8241083
            ],
            [
              108.2869713,
              22.8238168
            ],
            [
              108.2869732,
              22.823631
            ],
            [
              108.2871789,
              22.8234225
            ],
            [
              108.2870311,
              22.8230963
            ],
            [
              108.286998,
              22.8226948
            ],
            [
              108.2866461,
              22.8220604
            ],
            [
              108.2862975,
              22.8216944
            ],
            [
              108.2857065,
              22.8216946
            ],
            [
              108.285055,
              22.8214083
            ],
            [
              108.2850541,
              22.8209703
            ],
            [
              108.2846413,
              22.8209708
            ],
            [
              108.2844068,
              22.8209726
            ],
            [
              108.2836392,
              22.820966
            ],
            [
              108.2834142,
              22.8209635
            ],
            [
              108.2825225,
              22.8209657
            ],
            [
              108.2826605,
              22.8214759
            ],
            [
              108.2828303,
              22.822121
            ],
            [
              108.2829255,
              22.8221124
            ],
            [
              108.2829834,
              22.8222999
            ],
            [
              108.2829276,
              22.8222984
            ],
            [
              108.2828813,
              22.822317
            ],
            [
              108.2828992,
              22.8223932
            ],
            [
              108.282931,
              22.8223985
            ],
            [
              108.283,
              22.8223185
            ],
            [
              108.2832313,
              22.8220428
            ],
            [
              108.2833005,
              22.8220956
            ],
            [
              108.2834251,
              22.8219458
            ],
            [
              108.2835134,
              22.8220046
            ],
            [
              108.2834186,
              22.8221186
            ],
            [
              108.2834049,
              22.8221118
            ],
            [
              108.2831766,
              22.8223807
            ],
            [
              108.2830904,
              22.8223283
            ],
            [
              108.282931,
              22.8225124
            ],
            [
              108.2831685,
              22.8233103
            ],
            [
              108.2834958,
              22.8232221
            ],
            [
              108.2835082,
              22.8232677
            ],
            [
              108.2835823,
              22.8235212
            ],
            [
              108.2835115,
              22.8235388
            ],
            [
              108.2835846,
              22.8238705
            ],
            [
              108.2836751,
              22.8238765
            ],
            [
              108.2837043,
              22.8242924
            ],
            [
              108.2841241,
              22.8243192
            ]
          ]
        ]
      }
    },
    {
      "type": "Feature",
      "id": "way/657317359",
      "properties": {
        "name": "天池山广场",
        "category": "绿城生态文化点",
        "tags": [
          "leisure:park"
        ],
        "osmType": "way",
        "osmId": 657317359,
        "osmSource": "overpass",
        "cultureText": "来自 OSM/Overpass 的南宁生态文化相关公共空间。",
        "greenScore": 86,
        "quietScore": 70
      },
      "geometry": {
        "type": "Polygon",
        "coordinates": [
          [
            [
              108.4535674,
              22.8127124
            ],
            [
              108.4532627,
              22.81184
            ],
            [
              108.4532556,
              22.8118046
            ],
            [
              108.4532563,
              22.8117708
            ],
            [
              108.453293,
              22.8117138
            ],
            [
              108.4533849,
              22.8116957
            ],
            [
              108.4534409,
              22.8116722
            ],
            [
              108.4536344,
              22.8116314
            ],
            [
              108.4537036,
              22.8116244
            ],
            [
              108.4542211,
              22.8114866
            ],
            [
              108.4543452,
              22.811435
            ],
            [
              108.4546327,
              22.8113936
            ],
            [
              108.4546773,
              22.8113873
            ],
            [
              108.4547456,
              22.8113329
            ],
            [
              108.4551957,
              22.8112226
            ],
            [
              108.4552003,
              22.8112738
            ],
            [
              108.4551999,
              22.8114451
            ],
            [
              108.4551319,
              22.811641
            ],
            [
              108.4549658,
              22.8118143
            ],
            [
              108.454659,
              22.811964
            ],
            [
              108.4543523,
              22.8122135
            ],
            [
              108.4540095,
              22.8125206
            ],
            [
              108.4539046,
              22.8126606
            ],
            [
              108.4537478,
              22.8126542
            ],
            [
              108.4535674,
              22.8127124
            ]
          ]
        ]
      }
    },
    {
      "type": "Feature",
      "id": "way/660696827",
      "properties": {
        "name": "那考河湿地公园",
        "category": "绿城生态文化点",
        "tags": [
          "leisure:park"
        ],
        "osmType": "way",
        "osmId": 660696827,
        "osmSource": "overpass",
        "cultureText": "来自 OSM/Overpass 的南宁生态文化相关公共空间。",
        "greenScore": 86,
        "quietScore": 70
      },
      "geometry": {
        "type": "Polygon",
        "coordinates": [
          [
            [
              108.3707525,
              22.8767282
            ],
            [
              108.3704536,
              22.8769863
            ],
            [
              108.3704443,
              22.8772531
            ],
            [
              108.3710628,
              22.8779704
            ],
            [
              108.3719301,
              22.8791745
            ],
            [
              108.3751158,
              22.8767935
            ],
            [
              108.3766194,
              22.8756429
            ],
            [
              108.3769608,
              22.8753493
            ],
            [
              108.3771959,
              22.875086
            ],
            [
              108.3774467,
              22.8747677
            ],
            [
              108.3775887,
              22.8745307
            ],
            [
              108.3776838,
              22.8742877
            ],
            [
              108.3777764,
              22.8739585
            ],
            [
              108.3777868,
              22.8735954
            ],
            [
              108.3777746,
              22.8733836
            ],
            [
              108.3777255,
              22.8731264
            ],
            [
              108.3776754,
              22.8729231
            ],
            [
              108.3775842,
              22.8726896
            ],
            [
              108.3774654,
              22.8725101
            ],
            [
              108.3771992,
              22.8721248
            ],
            [
              108.3756093,
              22.8706183
            ],
            [
              108.3751983,
              22.8703945
            ],
            [
              108.3738814,
              22.8692155
            ],
            [
              108.3733023,
              22.869947
            ],
            [
              108.3745819,
              22.8710658
            ],
            [
              108.37475,
              22.871496
            ],
            [
              108.3746753,
              22.8724427
            ],
            [
              108.3745632,
              22.8732344
            ],
            [
              108.3740028,
              22.8740691
            ],
            [
              108.3726485,
              22.8751104
            ],
            [
              108.3724617,
              22.8751964
            ],
            [
              108.3719854,
              22.8758418
            ],
            [
              108.3707525,
              22.8767282
            ]
          ]
        ]
      }
    },
    {
      "type": "Feature",
      "id": "way/685353962",
      "properties": {
        "name": "绿城生态文化点 garden",
        "category": "绿城生态文化点",
        "tags": [
          "leisure:garden"
        ],
        "osmType": "way",
        "osmId": 685353962,
        "osmSource": "overpass",
        "cultureText": "来自 OSM/Overpass 的南宁生态文化相关公共空间。",
        "greenScore": 86,
        "quietScore": 70
      },
      "geometry": {
        "type": "Polygon",
        "coordinates": [
          [
            [
              108.3132119,
              22.8313882
            ],
            [
              108.3129952,
              22.8312698
            ],
            [
              108.3129991,
              22.8312661
            ],
            [
              108.3131801,
              22.8313496
            ],
            [
              108.3132801,
              22.8313934
            ],
            [
              108.3135456,
              22.8314824
            ],
            [
              108.3137926,
              22.8315817
            ],
            [
              108.3140874,
              22.8317098
            ],
            [
              108.314361,
              22.8318532
            ],
            [
              108.3145541,
              22.8319694
            ],
            [
              108.3147602,
              22.8320798
            ],
            [
              108.3149634,
              22.8321954
            ],
            [
              108.3149506,
              22.8322176
            ],
            [
              108.314726,
              22.8321323
            ],
            [
              108.3144423,
              22.8320186
            ],
            [
              108.3142331,
              22.8319469
            ],
            [
              108.3140185,
              22.8318585
            ],
            [
              108.3136886,
              22.8317034
            ],
            [
              108.3131931,
              22.8314235
            ],
            [
              108.3132119,
              22.8313882
            ]
          ]
        ]
      }
    },
    {
      "type": "Feature",
      "id": "way/685353965",
      "properties": {
        "name": "绿城生态文化点 garden",
        "category": "绿城生态文化点",
        "tags": [
          "leisure:garden"
        ],
        "osmType": "way",
        "osmId": 685353965,
        "osmSource": "overpass",
        "cultureText": "来自 OSM/Overpass 的南宁生态文化相关公共空间。",
        "greenScore": 86,
        "quietScore": 70
      },
      "geometry": {
        "type": "Polygon",
        "coordinates": [
          [
            [
              108.305865,
              22.8274934
            ],
            [
              108.3054143,
              22.8271577
            ],
            [
              108.3051178,
              22.8269339
            ],
            [
              108.3047769,
              22.8266928
            ],
            [
              108.3051154,
              22.8268714
            ],
            [
              108.3056455,
              22.8271684
            ],
            [
              108.3059584,
              22.8273363
            ],
            [
              108.3059257,
              22.8273901
            ],
            [
              108.3060237,
              22.8274461
            ],
            [
              108.3063997,
              22.8276441
            ],
            [
              108.3066822,
              22.8277947
            ],
            [
              108.306848,
              22.8278959
            ],
            [
              108.3070395,
              22.8280228
            ],
            [
              108.3072099,
              22.828152
            ],
            [
              108.3073477,
              22.8282553
            ],
            [
              108.3074878,
              22.8283693
            ],
            [
              108.3076442,
              22.8284597
            ],
            [
              108.3078146,
              22.8285515
            ],
            [
              108.3077824,
              22.8286059
            ],
            [
              108.3073057,
              22.8283629
            ],
            [
              108.306897,
              22.8281476
            ],
            [
              108.3066355,
              22.8279948
            ],
            [
              108.3063156,
              22.8277753
            ],
            [
              108.3060588,
              22.827558
            ],
            [
              108.3058206,
              22.8273707
            ],
            [
              108.3057816,
              22.82741
            ],
            [
              108.305865,
              22.8274934
            ]
          ]
        ]
      }
    },
    {
      "type": "Feature",
      "id": "way/685553520",
      "properties": {
        "name": "绿城生态文化点 garden",
        "category": "绿城生态文化点",
        "tags": [
          "leisure:garden"
        ],
        "osmType": "way",
        "osmId": 685553520,
        "osmSource": "overpass",
        "cultureText": "来自 OSM/Overpass 的南宁生态文化相关公共空间。",
        "greenScore": 86,
        "quietScore": 70
      },
      "geometry": {
        "type": "Polygon",
        "coordinates": [
          [
            [
              108.3073909,
              22.8290633
            ],
            [
              108.3072351,
              22.8289785
            ],
            [
              108.3070688,
              22.8288611
            ],
            [
              108.3068989,
              22.8287273
            ],
            [
              108.3062972,
              22.8282217
            ],
            [
              108.3059575,
              22.8279445
            ],
            [
              108.3055894,
              22.8276378
            ],
            [
              108.3052603,
              22.8273377
            ],
            [
              108.3049028,
              22.8270376
            ],
            [
              108.3046444,
              22.8268386
            ],
            [
              108.3043648,
              22.826656
            ],
            [
              108.3035331,
              22.8262123
            ],
            [
              108.3031367,
              22.8260036
            ],
            [
              108.3028621,
              22.8258273
            ],
            [
              108.3026958,
              22.8257051
            ],
            [
              108.3031548,
              22.8259465
            ],
            [
              108.3037341,
              22.8262362
            ],
            [
              108.304224,
              22.826506
            ],
            [
              108.3044766,
              22.8266451
            ],
            [
              108.304757,
              22.8268212
            ],
            [
              108.3049449,
              22.8269546
            ],
            [
              108.3052623,
              22.8271847
            ],
            [
              108.3052191,
              22.8272471
            ],
            [
              108.3055272,
              22.8274544
            ],
            [
              108.3058754,
              22.8277015
            ],
            [
              108.3060664,
              22.8278775
            ],
            [
              108.3062852,
              22.8280905
            ],
            [
              108.3064577,
              22.8282751
            ],
            [
              108.3066149,
              22.8284398
            ],
            [
              108.3068028,
              22.8286074
            ],
            [
              108.3069815,
              22.8287664
            ],
            [
              108.3071294,
              22.8288771
            ],
            [
              108.3073909,
              22.8290633
            ]
          ]
        ]
      }
    },
    {
      "type": "Feature",
      "id": "way/686098134",
      "properties": {
        "name": "绿城生态文化点 garden",
        "category": "绿城生态文化点",
        "tags": [
          "leisure:garden"
        ],
        "osmType": "way",
        "osmId": 686098134,
        "osmSource": "overpass",
        "cultureText": "来自 OSM/Overpass 的南宁生态文化相关公共空间。",
        "greenScore": 86,
        "quietScore": 70
      },
      "geometry": {
        "type": "Polygon",
        "coordinates": [
          [
            [
              108.4123333,
              22.8450138
            ],
            [
              108.4123374,
              22.8449276
            ],
            [
              108.4128456,
              22.8449164
            ],
            [
              108.4132562,
              22.8448902
            ],
            [
              108.4136546,
              22.8448602
            ],
            [
              108.414301,
              22.8448227
            ],
            [
              108.415232,
              22.8447665
            ],
            [
              108.4150328,
              22.8448227
            ],
            [
              108.4146953,
              22.8448976
            ],
            [
              108.4143986,
              22.8449426
            ],
            [
              108.4140977,
              22.8449651
            ],
            [
              108.4123333,
              22.8450138
            ]
          ]
        ]
      }
    },
    {
      "type": "Feature",
      "id": "way/686098135",
      "properties": {
        "name": "绿城生态文化点 garden",
        "category": "绿城生态文化点",
        "tags": [
          "leisure:garden"
        ],
        "osmType": "way",
        "osmId": 686098135,
        "osmSource": "overpass",
        "cultureText": "来自 OSM/Overpass 的南宁生态文化相关公共空间。",
        "greenScore": 86,
        "quietScore": 70
      },
      "geometry": {
        "type": "Polygon",
        "coordinates": [
          [
            [
              108.4123411,
              22.8452076
            ],
            [
              108.4123375,
              22.8451131
            ],
            [
              108.412741,
              22.8451228
            ],
            [
              108.4135231,
              22.8451163
            ],
            [
              108.4140717,
              22.8451065
            ],
            [
              108.4143336,
              22.8451033
            ],
            [
              108.4145637,
              22.8451098
            ],
            [
              108.4148362,
              22.8451326
            ],
            [
              108.4151052,
              22.8451718
            ],
            [
              108.4153281,
              22.8452142
            ],
            [
              108.415544,
              22.8452696
            ],
            [
              108.4157387,
              22.8453088
            ],
            [
              108.4157139,
              22.8453544
            ],
            [
              108.4147335,
              22.8453381
            ],
            [
              108.4142947,
              22.8453153
            ],
            [
              108.4138346,
              22.8452892
            ],
            [
              108.4134878,
              22.84525
            ],
            [
              108.4131692,
              22.8452174
            ],
            [
              108.4127728,
              22.8452076
            ],
            [
              108.4123411,
              22.8452076
            ]
          ]
        ]
      }
    },
    {
      "type": "Feature",
      "id": "way/686098136",
      "properties": {
        "name": "绿城生态文化点 garden",
        "category": "绿城生态文化点",
        "tags": [
          "leisure:garden"
        ],
        "osmType": "way",
        "osmId": 686098136,
        "osmSource": "overpass",
        "cultureText": "来自 OSM/Overpass 的南宁生态文化相关公共空间。",
        "greenScore": 86,
        "quietScore": 70
      },
      "geometry": {
        "type": "Polygon",
        "coordinates": [
          [
            [
              108.4128649,
              22.8447836
            ],
            [
              108.4128649,
              22.8447249
            ],
            [
              108.4139797,
              22.8447054
            ],
            [
              108.4147937,
              22.8446988
            ],
            [
              108.4142593,
              22.8447478
            ],
            [
              108.413778,
              22.8447706
            ],
            [
              108.4128649,
              22.8447836
            ]
          ]
        ]
      }
    },
    {
      "type": "Feature",
      "id": "way/686098137",
      "properties": {
        "name": "绿城生态文化点 garden",
        "category": "绿城生态文化点",
        "tags": [
          "leisure:garden"
        ],
        "osmType": "way",
        "osmId": 686098137,
        "osmSource": "overpass",
        "cultureText": "来自 OSM/Overpass 的南宁生态文化相关公共空间。",
        "greenScore": 86,
        "quietScore": 70
      },
      "geometry": {
        "type": "Polygon",
        "coordinates": [
          [
            [
              108.412334,
              22.8443107
            ],
            [
              108.412334,
              22.8442226
            ],
            [
              108.4127445,
              22.8442259
            ],
            [
              108.4134276,
              22.8442585
            ],
            [
              108.4138346,
              22.8442879
            ],
            [
              108.4142664,
              22.8443303
            ],
            [
              108.4142628,
              22.8443564
            ],
            [
              108.4137673,
              22.844327
            ],
            [
              108.4132011,
              22.8443009
            ],
            [
              108.4127551,
              22.8443009
            ],
            [
              108.412334,
              22.8443107
            ]
          ]
        ]
      }
    },
    {
      "type": "Feature",
      "id": "way/690989107",
      "properties": {
        "name": "绿城生态文化点 garden",
        "category": "绿城生态文化点",
        "tags": [
          "leisure:garden"
        ],
        "osmType": "way",
        "osmId": 690989107,
        "osmSource": "overpass",
        "cultureText": "来自 OSM/Overpass 的南宁生态文化相关公共空间。",
        "greenScore": 86,
        "quietScore": 70
      },
      "geometry": {
        "type": "Polygon",
        "coordinates": [
          [
            [
              108.4142988,
              22.8440454
            ],
            [
              108.414159,
              22.8441831
            ],
            [
              108.413795,
              22.8441461
            ],
            [
              108.4134212,
              22.844122
            ],
            [
              108.4132308,
              22.844109
            ],
            [
              108.4130136,
              22.8441031
            ],
            [
              108.4127397,
              22.8440969
            ],
            [
              108.4127397,
              22.8441149
            ],
            [
              108.4123293,
              22.844122
            ],
            [
              108.4123274,
              22.8440248
            ],
            [
              108.4127186,
              22.8440142
            ],
            [
              108.4127206,
              22.8440389
            ],
            [
              108.4133439,
              22.8440318
            ],
            [
              108.4142988,
              22.8440454
            ]
          ]
        ]
      }
    },
    {
      "type": "Feature",
      "id": "way/695833873",
      "properties": {
        "name": "广西药用植物园",
        "category": "绿城生态文化点",
        "tags": [
          "leisure:garden"
        ],
        "osmType": "way",
        "osmId": 695833873,
        "osmSource": "overpass",
        "cultureText": "来自 OSM/Overpass 的南宁生态文化相关公共空间。",
        "greenScore": 86,
        "quietScore": 70
      },
      "geometry": {
        "type": "Polygon",
        "coordinates": [
          [
            [
              108.3693992,
              22.8485674
            ],
            [
              108.36922,
              22.8488253
            ],
            [
              108.3686155,
              22.8508539
            ],
            [
              108.3682817,
              22.8517102
            ],
            [
              108.367172,
              22.854462
            ],
            [
              108.3667194,
              22.8555018
            ],
            [
              108.36711,
              22.8558074
            ],
            [
              108.3666956,
              22.8565583
            ],
            [
              108.3679452,
              22.8571782
            ],
            [
              108.3671284,
              22.8585098
            ],
            [
              108.3675509,
              22.8589097
            ],
            [
              108.3676897,
              22.8591116
            ],
            [
              108.3675221,
              22.8592074
            ],
            [
              108.367905,
              22.8600634
            ],
            [
              108.3681543,
              22.8601247
            ],
            [
              108.3682637,
              22.8602648
            ],
            [
              108.3682907,
              22.8604144
            ],
            [
              108.3684351,
              22.8605308
            ],
            [
              108.3689042,
              22.8606306
            ],
            [
              108.3694455,
              22.8607719
            ],
            [
              108.3698966,
              22.8608883
            ],
            [
              108.3703387,
              22.8609049
            ],
            [
              108.3706635,
              22.86088
            ],
            [
              108.3709792,
              22.8611709
            ],
            [
              108.3712319,
              22.8613289
            ],
            [
              108.3714213,
              22.8615533
            ],
            [
              108.3714845,
              22.8619856
            ],
            [
              108.3720077,
              22.8625177
            ],
            [
              108.3722333,
              22.8625842
            ],
            [
              108.3723866,
              22.8625842
            ],
            [
              108.3725581,
              22.8625842
            ],
            [
              108.3727081,
              22.8630128
            ],
            [
              108.3732108,
              22.862991
            ],
            [
              108.3729618,
              22.8659329
            ],
            [
              108.373981,
              22.8661389
            ],
            [
              108.374221,
              22.8660068
            ],
            [
              108.3748161,
              22.8634386
            ],
            [
              108.3749151,
              22.8630979
            ],
            [
              108.3750616,
              22.8627085
            ],
            [
              108.3752207,
              22.8623543
            ],
            [
              108.3754602,
              22.8619817
            ],
            [
              108.3756886,
              22.8616697
            ],
            [
              108.3760608,
              22.8612886
            ],
            [
              108.3764984,
              22.8609399
            ],
            [
              108.3771264,
              22.8605272
            ],
            [
              108.3779253,
              22.8602117
            ],
            [
              108.3793064,
              22.859608
            ],
            [
              108.3796763,
              22.8593337
            ],
            [
              108.380786,
              22.8585523
            ],
            [
              108.38121,
              22.8582613
            ],
            [
              108.3807499,
              22.8578124
            ],
            [
              108.379956,
              22.8568813
            ],
            [
              108.3785847,
              22.8552103
            ],
            [
              108.37789,
              22.8530404
            ],
            [
              108.3768344,
              22.8526746
            ],
            [
              108.3758059,
              22.8524418
            ],
            [
              108.3734151,
              22.8514608
            ],
            [
              108.372522,
              22.8504382
            ],
            [
              108.3706815,
              22.8499643
            ],
            [
              108.3703206,
              22.8495569
            ],
            [
              108.3700794,
              22.8486155
            ],
            [
              108.3697361,
              22.8488009
            ],
            [
              108.3693992,
              22.8485674
            ]
          ]
        ]
      }
    },
    {
      "type": "Feature",
      "id": "way/695836059",
      "properties": {
        "name": "广西国防教育馆",
        "category": "博物馆",
        "tags": [
          "tourism:museum"
        ],
        "osmType": "way",
        "osmId": 695836059,
        "osmSource": "overpass",
        "cultureText": "来自 OSM/Overpass 的南宁生态文化相关公共空间。",
        "greenScore": 74,
        "quietScore": 70
      },
      "geometry": {
        "type": "Polygon",
        "coordinates": [
          [
            [
              108.3813972,
              22.8527899
            ],
            [
              108.3817798,
              22.8529104
            ],
            [
              108.3818444,
              22.8529388
            ],
            [
              108.3820827,
              22.8524792
            ],
            [
              108.3820188,
              22.8524511
            ],
            [
              108.3820418,
              22.8524067
            ],
            [
              108.3816863,
              22.8522502
            ],
            [
              108.3816595,
              22.8523019
            ],
            [
              108.3816071,
              22.8522788
            ],
            [
              108.3815272,
              22.8524329
            ],
            [
              108.3814717,
              22.8524085
            ],
            [
              108.3813814,
              22.8525829
            ],
            [
              108.3814427,
              22.8526098
            ],
            [
              108.3813863,
              22.8527188
            ],
            [
              108.3814252,
              22.8527359
            ],
            [
              108.3813972,
              22.8527899
            ]
          ]
        ]
      }
    },
    {
      "type": "Feature",
      "id": "way/808395948",
      "properties": {
        "name": "南宁东站北广场",
        "category": "绿城生态文化点",
        "tags": [
          "leisure:park"
        ],
        "osmType": "way",
        "osmId": 808395948,
        "osmSource": "overpass",
        "cultureText": "来自 OSM/Overpass 的南宁生态文化相关公共空间。",
        "greenScore": 86,
        "quietScore": 70
      },
      "geometry": {
        "type": "Polygon",
        "coordinates": [
          [
            [
              108.4082931,
              22.8491527
            ],
            [
              108.408304,
              22.8491984
            ],
            [
              108.4083384,
              22.8492491
            ],
            [
              108.4084049,
              22.8492688
            ],
            [
              108.4115569,
              22.8492348
            ],
            [
              108.4116118,
              22.8492179
            ],
            [
              108.4116608,
              22.8491853
            ],
            [
              108.4116867,
              22.8491371
            ],
            [
              108.4117014,
              22.8470967
            ],
            [
              108.4116855,
              22.8470129
            ],
            [
              108.4116389,
              22.8469631
            ],
            [
              108.4115519,
              22.8469464
            ],
            [
              108.4085003,
              22.8469951
            ],
            [
              108.408413,
              22.8470263
            ],
            [
              108.4083351,
              22.8470833
            ],
            [
              108.4082931,
              22.8471942
            ],
            [
              108.4082931,
              22.8491527
            ]
          ]
        ]
      }
    },
    {
      "type": "Feature",
      "id": "way/808395949",
      "properties": {
        "name": "南宁东站南广场",
        "category": "绿城生态文化点",
        "tags": [
          "leisure:park"
        ],
        "osmType": "way",
        "osmId": 808395949,
        "osmSource": "overpass",
        "cultureText": "来自 OSM/Overpass 的南宁生态文化相关公共空间。",
        "greenScore": 86,
        "quietScore": 70
      },
      "geometry": {
        "type": "Polygon",
        "coordinates": [
          [
            [
              108.4082079,
              22.8424779
            ],
            [
              108.4095231,
              22.8424715
            ],
            [
              108.4102659,
              22.8424637
            ],
            [
              108.4116293,
              22.8424593
            ],
            [
              108.4116294,
              22.8412009
            ],
            [
              108.4116294,
              22.8400312
            ],
            [
              108.4115318,
              22.8399433
            ],
            [
              108.4114936,
              22.8399107
            ],
            [
              108.411449,
              22.8398825
            ],
            [
              108.4083099,
              22.8399155
            ],
            [
              108.4082594,
              22.8399295
            ],
            [
              108.4082159,
              22.8399687
            ],
            [
              108.4081968,
              22.8400126
            ],
            [
              108.4082024,
              22.8412467
            ],
            [
              108.4082079,
              22.8424779
            ]
          ]
        ]
      }
    },
    {
      "type": "Feature",
      "id": "way/808502329",
      "properties": {
        "name": "畅游阁",
        "category": "景观点",
        "tags": [
          "tourism:attraction"
        ],
        "osmType": "way",
        "osmId": 808502329,
        "osmSource": "overpass",
        "cultureText": "来自 OSM/Overpass 的南宁生态文化相关公共空间。",
        "greenScore": 74,
        "quietScore": 70
      },
      "geometry": {
        "type": "Polygon",
        "coordinates": [
          [
            [
              108.3145612,
              22.8151955
            ],
            [
              108.3145775,
              22.8152274
            ],
            [
              108.3146486,
              22.8151964
            ],
            [
              108.3147862,
              22.8154649
            ],
            [
              108.3147161,
              22.8154955
            ],
            [
              108.3147294,
              22.8155214
            ],
            [
              108.3144312,
              22.8156512
            ],
            [
              108.3144174,
              22.8156244
            ],
            [
              108.3143468,
              22.8156551
            ],
            [
              108.3142092,
              22.8153866
            ],
            [
              108.3142787,
              22.8153564
            ],
            [
              108.3142628,
              22.8153254
            ],
            [
              108.3145612,
              22.8151955
            ]
          ]
        ]
      }
    },
    {
      "type": "Feature",
      "id": "way/810351970",
      "properties": {
        "name": "绿城生态文化点 park",
        "category": "绿城生态文化点",
        "tags": [
          "leisure:park"
        ],
        "osmType": "way",
        "osmId": 810351970,
        "osmSource": "overpass",
        "cultureText": "来自 OSM/Overpass 的南宁生态文化相关公共空间。",
        "greenScore": 86,
        "quietScore": 70
      },
      "geometry": {
        "type": "Polygon",
        "coordinates": [
          [
            [
              108.4114633,
              22.7576325
            ],
            [
              108.4114397,
              22.757215
            ],
            [
              108.4130014,
              22.7571599
            ],
            [
              108.4145336,
              22.7570733
            ],
            [
              108.4151161,
              22.7570867
            ],
            [
              108.4158692,
              22.7571897
            ],
            [
              108.4163636,
              22.7572993
            ],
            [
              108.4167178,
              22.7574135
            ],
            [
              108.417311,
              22.7576475
            ],
            [
              108.4178297,
              22.7578802
            ],
            [
              108.4197612,
              22.7589966
            ],
            [
              108.4205908,
              22.7595022
            ],
            [
              108.4216114,
              22.760068
            ],
            [
              108.4223154,
              22.7605039
            ],
            [
              108.4225327,
              22.7606102
            ],
            [
              108.4228903,
              22.7607209
            ],
            [
              108.4233265,
              22.7608775
            ],
            [
              108.4235862,
              22.7610299
            ],
            [
              108.4237928,
              22.7612258
            ],
            [
              108.4238784,
              22.761419
            ],
            [
              108.4240141,
              22.761898
            ],
            [
              108.4243033,
              22.7624477
            ],
            [
              108.4245158,
              22.7630354
            ],
            [
              108.4248148,
              22.7640745
            ],
            [
              108.4255242,
              22.7659867
            ],
            [
              108.4253039,
              22.7660429
            ],
            [
              108.4254102,
              22.7663968
            ],
            [
              108.4254805,
              22.7663789
            ],
            [
              108.4256303,
              22.7663407
            ],
            [
              108.4257102,
              22.7666187
            ],
            [
              108.4257916,
              22.7670138
            ],
            [
              108.4258773,
              22.7676103
            ],
            [
              108.425903,
              22.7682226
            ],
            [
              108.4259758,
              22.7699964
            ],
            [
              108.42597,
              22.770626
            ],
            [
              108.4259978,
              22.7711747
            ],
            [
              108.4260663,
              22.7717308
            ],
            [
              108.4261267,
              22.7719418
            ],
            [
              108.426229,
              22.7723639
            ],
            [
              108.4265142,
              22.7730971
            ],
            [
              108.4271931,
              22.7748342
            ],
            [
              108.4272974,
              22.775111
            ],
            [
              108.4274155,
              22.7755295
            ],
            [
              108.427514,
              22.7760302
            ],
            [
              108.4275842,
              22.7769255
            ],
            [
              108.4276868,
              22.7773972
            ],
            [
              108.4277132,
              22.7782582
            ],
            [
              108.4277551,
              22.7790113
            ],
            [
              108.4278116,
              22.7800256
            ],
            [
              108.4278952,
              22.7810927
            ],
            [
              108.427968,
              22.7815351
            ],
            [
              108.4280923,
              22.7820005
            ],
            [
              108.4281051,
              22.7820486
            ],
            [
              108.4282979,
              22.7825266
            ],
            [
              108.4285721,
              22.7829848
            ],
            [
              108.4287949,
              22.7833443
            ],
            [
              108.4288387,
              22.7834031
            ],
            [
              108.4290777,
              22.7837235
            ],
            [
              108.4292943,
              22.7839602
            ],
            [
              108.4295694,
              22.7841948
            ],
            [
              108.4303919,
              22.7847973
            ],
            [
              108.4307314,
              22.7849875
            ],
            [
              108.4312284,
              22.7852087
            ],
            [
              108.4312097,
              22.7872739
            ],
            [
              108.4310641,
              22.7871795
            ],
            [
              108.430641,
              22.7867928
            ],
            [
              108.4300145,
              22.7861796
            ],
            [
              108.4292678,
              22.7854393
            ],
            [
              108.4290486,
              22.78516
            ],
            [
              108.4287952,
              22.7850229
            ],
            [
              108.4277819,
              22.7842504
            ],
            [
              108.4270299,
              22.7835174
            ],
            [
              108.4268354,
              22.7833713
            ],
            [
              108.4266924,
              22.7830277
            ],
            [
              108.4266033,
              22.7827394
            ],
            [
              108.4263996,
              22.7824552
            ],
            [
              108.4262958,
              22.7819445
            ],
            [
              108.4261627,
              22.7797646
            ],
            [
              108.4262654,
              22.7787092
            ],
            [
              108.4263553,
              22.7779325
            ],
            [
              108.4263749,
              22.7777843
            ],
            [
              108.4264565,
              22.7777096
            ],
            [
              108.4266139,
              22.7772935
            ],
            [
              108.4266578,
              22.7769202
            ],
            [
              108.4266547,
              22.7765448
            ],
            [
              108.4266111,
              22.7762058
            ],
            [
              108.426441,
              22.7757806
            ],
            [
              108.426265,
              22.7754451
            ],
            [
              108.4261372,
              22.7751345
            ],
            [
              108.4260094,
              22.77496
            ],
            [
              108.4256061,
              22.7745946
            ],
            [
              108.4251013,
              22.7740516
            ],
            [
              108.4241981,
              22.7731902
            ],
            [
              108.4240546,
              22.7729679
            ],
            [
              108.4239613,
              22.7727543
            ],
            [
              108.4238621,
              22.7724427
            ],
            [
              108.4238357,
              22.7722734
            ],
            [
              108.4238743,
              22.7720878
            ],
            [
              108.4239834,
              22.7718725
            ],
            [
              108.4240139,
              22.7717495
            ],
            [
              108.4239947,
              22.771622
            ],
            [
              108.423927,
              22.7714752
            ],
            [
              108.423839,
              22.7713316
            ],
            [
              108.4238127,
              22.7712113
            ],
            [
              108.4238273,
              22.7710536
            ],
            [
              108.4239461,
              22.7707371
            ],
            [
              108.4241094,
              22.7700243
            ],
            [
              108.424255,
              22.7696844
            ],
            [
              108.4243981,
              22.769489
            ],
            [
              108.4244979,
              22.7692217
            ],
            [
              108.4245348,
              22.768822
            ],
            [
              108.4245136,
              22.7684327
            ],
            [
              108.4244252,
              22.7682032
            ],
            [
              108.4243733,
              22.7677669
            ],
            [
              108.4243967,
              22.7677014
            ],
            [
              108.424498,
              22.7675375
            ],
            [
              108.4245003,
              22.767328
            ],
            [
              108.4244698,
              22.7671755
            ],
            [
              108.4243426,
              22.7670203
            ],
            [
              108.4240937,
              22.7661745
            ],
            [
              108.423841,
              22.7655311
            ],
            [
              108.423452,
              22.7641355
            ],
            [
              108.4232597,
              22.7638357
            ],
            [
              108.422926,
              22.7631627
            ],
            [
              108.4228427,
              22.7628428
            ],
            [
              108.4228632,
              22.7626998
            ],
            [
              108.4220996,
              22.7617732
            ],
            [
              108.4212611,
              22.7610129
            ],
            [
              108.4197944,
              22.7599666
            ],
            [
              108.4185744,
              22.7592482
            ],
            [
              108.4170516,
              22.7586415
            ],
            [
              108.4155802,
              22.7580073
            ],
            [
              108.4150009,
              22.7577717
            ],
            [
              108.4143762,
              22.7575781
            ],
            [
              108.4125512,
              22.7574978
            ],
            [
              108.412041,
              22.7575303
            ],
            [
              108.4114633,
              22.7576325
            ]
          ]
        ]
      }
    },
    {
      "type": "Feature",
      "id": "way/810363341",
      "properties": {
        "name": "休闲广场",
        "category": "绿城生态文化点",
        "tags": [
          "leisure:garden"
        ],
        "osmType": "way",
        "osmId": 810363341,
        "osmSource": "overpass",
        "cultureText": "来自 OSM/Overpass 的南宁生态文化相关公共空间。",
        "greenScore": 86,
        "quietScore": 70
      },
      "geometry": {
        "type": "Polygon",
        "coordinates": [
          [
            [
              108.4388737,
              22.8132076
            ],
            [
              108.439551,
              22.81321
            ],
            [
              108.4395536,
              22.8137003
            ],
            [
              108.4394783,
              22.8137793
            ],
            [
              108.4389412,
              22.8137793
            ],
            [
              108.4388685,
              22.8136908
            ],
            [
              108.4388737,
              22.8132076
            ]
          ]
        ]
      }
    },
    {
      "type": "Feature",
      "id": "way/819253415",
      "properties": {
        "name": "中央公园",
        "category": "绿城生态文化点",
        "tags": [
          "leisure:park"
        ],
        "osmType": "way",
        "osmId": 819253415,
        "osmSource": "overpass",
        "cultureText": "来自 OSM/Overpass 的南宁生态文化相关公共空间。",
        "greenScore": 86,
        "quietScore": 70
      },
      "geometry": {
        "type": "Polygon",
        "coordinates": [
          [
            [
              108.3675186,
              22.7470425
            ],
            [
              108.3701967,
              22.7476964
            ],
            [
              108.3702686,
              22.7477538
            ],
            [
              108.3702925,
              22.7478554
            ],
            [
              108.3702207,
              22.7482089
            ],
            [
              108.3702063,
              22.7484386
            ],
            [
              108.3698853,
              22.7498834
            ],
            [
              108.369756,
              22.7506257
            ],
            [
              108.3696601,
              22.7508775
            ],
            [
              108.3696026,
              22.7513458
            ],
            [
              108.3696458,
              22.7515844
            ],
            [
              108.3695739,
              22.7519334
            ],
            [
              108.3694877,
              22.7523487
            ],
            [
              108.3692769,
              22.7529319
            ],
            [
              108.3690325,
              22.7533958
            ],
            [
              108.3687547,
              22.7538686
            ],
            [
              108.3686684,
              22.7539172
            ],
            [
              108.368563,
              22.7539348
            ],
            [
              108.3684576,
              22.7539039
            ],
            [
              108.3681462,
              22.7537316
            ],
            [
              108.3678108,
              22.7536167
            ],
            [
              108.3674515,
              22.7534223
            ],
            [
              108.3662586,
              22.7530777
            ],
            [
              108.365837,
              22.7529982
            ],
            [
              108.3657268,
              22.752954
            ],
            [
              108.3656594,
              22.7528665
            ],
            [
              108.3657584,
              22.7512556
            ],
            [
              108.3658315,
              22.7511075
            ],
            [
              108.3658754,
              22.7506589
            ],
            [
              108.3662481,
              22.7506781
            ],
            [
              108.3663676,
              22.7497915
            ],
            [
              108.3659711,
              22.7497111
            ],
            [
              108.3660909,
              22.749309
            ],
            [
              108.3662298,
              22.7489246
            ],
            [
              108.3664295,
              22.7485767
            ],
            [
              108.3668369,
              22.7477672
            ],
            [
              108.3671559,
              22.747139
            ],
            [
              108.36734,
              22.7470324
            ],
            [
              108.3675186,
              22.7470425
            ]
          ]
        ]
      }
    },
    {
      "type": "Feature",
      "id": "way/819620330",
      "properties": {
        "name": "广西文化艺术中心",
        "category": "文化艺术点",
        "tags": [
          "amenity:arts_centre"
        ],
        "osmType": "way",
        "osmId": 819620330,
        "osmSource": "overpass",
        "cultureText": "来自 OSM/Overpass 的南宁生态文化相关公共空间。",
        "greenScore": 74,
        "quietScore": 70
      },
      "geometry": {
        "type": "Polygon",
        "coordinates": [
          [
            [
              108.3656436,
              22.7795688
            ],
            [
              108.3657918,
              22.7795457
            ],
            [
              108.3662531,
              22.7793577
            ],
            [
              108.3664194,
              22.7793379
            ],
            [
              108.3666018,
              22.7793923
            ],
            [
              108.3667091,
              22.7794814
            ],
            [
              108.3668484,
              22.7797272
            ],
            [
              108.3668653,
              22.7798318
            ],
            [
              108.3668539,
              22.7799364
            ],
            [
              108.3667411,
              22.7802385
            ],
            [
              108.3667036,
              22.7803621
            ],
            [
              108.3666999,
              22.7805143
            ],
            [
              108.3667252,
              22.7809256
            ],
            [
              108.3666769,
              22.7810245
            ],
            [
              108.3665857,
              22.7810938
            ],
            [
              108.3662585,
              22.7811927
            ],
            [
              108.3661512,
              22.7811729
            ],
            [
              108.3660707,
              22.7811333
            ],
            [
              108.3658991,
              22.7809454
            ],
            [
              108.3657864,
              22.7808761
            ],
            [
              108.3656308,
              22.7808415
            ],
            [
              108.3652607,
              22.7807871
            ],
            [
              108.3651159,
              22.7807078
            ],
            [
              108.3650193,
              22.7805829
            ],
            [
              108.3648476,
              22.7802084
            ],
            [
              108.3648423,
              22.7800749
            ],
            [
              108.3648604,
              22.7799364
            ],
            [
              108.3649281,
              22.7797979
            ],
            [
              108.3650032,
              22.7797089
            ],
            [
              108.3651212,
              22.7796347
            ],
            [
              108.3653304,
              22.7795704
            ],
            [
              108.365486,
              22.7795556
            ],
            [
              108.3656436,
              22.7795688
            ]
          ]
        ]
      }
    },
    {
      "type": "Feature",
      "id": "way/819620331",
      "properties": {
        "name": "绿城生态文化点 park",
        "category": "绿城生态文化点",
        "tags": [
          "leisure:park"
        ],
        "osmType": "way",
        "osmId": 819620331,
        "osmSource": "overpass",
        "cultureText": "来自 OSM/Overpass 的南宁生态文化相关公共空间。",
        "greenScore": 86,
        "quietScore": 70
      },
      "geometry": {
        "type": "Polygon",
        "coordinates": [
          [
            [
              108.3662589,
              22.7816614
            ],
            [
              108.3663518,
              22.7816775
            ],
            [
              108.3664287,
              22.7816748
            ],
            [
              108.3665009,
              22.7816352
            ],
            [
              108.3667886,
              22.7813987
            ],
            [
              108.3670591,
              22.7812284
            ],
            [
              108.3673833,
              22.7810737
            ],
            [
              108.3674375,
              22.7810215
            ],
            [
              108.3674714,
              22.7809393
            ],
            [
              108.3674802,
              22.7808677
            ],
            [
              108.3674819,
              22.7808157
            ],
            [
              108.3669235,
              22.7779979
            ],
            [
              108.3667903,
              22.7778098
            ],
            [
              108.3666769,
              22.7777395
            ],
            [
              108.3665188,
              22.7776702
            ],
            [
              108.3662968,
              22.7776056
            ],
            [
              108.3662163,
              22.7777966
            ],
            [
              108.3660776,
              22.778041
            ],
            [
              108.3658999,
              22.7782092
            ],
            [
              108.3656233,
              22.7783686
            ],
            [
              108.3648031,
              22.7785675
            ],
            [
              108.3647152,
              22.7786119
            ],
            [
              108.3645664,
              22.7787288
            ],
            [
              108.3642416,
              22.7790175
            ],
            [
              108.3637637,
              22.77932
            ],
            [
              108.3634435,
              22.7794687
            ],
            [
              108.3630555,
              22.7795537
            ],
            [
              108.3662589,
              22.7816614
            ]
          ]
        ]
      }
    },
    {
      "type": "Feature",
      "id": "way/822812173",
      "properties": {
        "name": "汇学堂",
        "category": "文化艺术点",
        "tags": [
          "amenity:arts_centre"
        ],
        "osmType": "way",
        "osmId": 822812173,
        "osmSource": "overpass",
        "cultureText": "来自 OSM/Overpass 的南宁生态文化相关公共空间。",
        "greenScore": 74,
        "quietScore": 70
      },
      "geometry": {
        "type": "Polygon",
        "coordinates": [
          [
            [
              108.2853827,
              22.8429291
            ],
            [
              108.286497,
              22.8429342
            ],
            [
              108.286501,
              22.8421951
            ],
            [
              108.2853867,
              22.84219
            ],
            [
              108.2853827,
              22.8429291
            ]
          ]
        ]
      }
    },
    {
      "type": "Feature",
      "id": "way/837920636",
      "properties": {
        "name": "绿城生态文化点 park",
        "category": "绿城生态文化点",
        "tags": [
          "leisure:park"
        ],
        "osmType": "way",
        "osmId": 837920636,
        "osmSource": "overpass",
        "cultureText": "来自 OSM/Overpass 的南宁生态文化相关公共空间。",
        "greenScore": 86,
        "quietScore": 70
      },
      "geometry": {
        "type": "Polygon",
        "coordinates": [
          [
            [
              108.3394165,
              22.7319663
            ],
            [
              108.3436128,
              22.7343363
            ],
            [
              108.3444201,
              22.7330973
            ],
            [
              108.3436252,
              22.7326597
            ],
            [
              108.3433047,
              22.730983
            ],
            [
              108.3411172,
              22.7299486
            ],
            [
              108.3407783,
              22.7308523
            ],
            [
              108.3401497,
              22.7305738
            ],
            [
              108.3394165,
              22.7319663
            ]
          ]
        ]
      }
    },
    {
      "type": "Feature",
      "id": "way/837920644",
      "properties": {
        "name": "绿城生态文化点 park",
        "category": "绿城生态文化点",
        "tags": [
          "leisure:park"
        ],
        "osmType": "way",
        "osmId": 837920644,
        "osmSource": "overpass",
        "cultureText": "来自 OSM/Overpass 的南宁生态文化相关公共空间。",
        "greenScore": 86,
        "quietScore": 70
      },
      "geometry": {
        "type": "Polygon",
        "coordinates": [
          [
            [
              108.3441859,
              22.7346204
            ],
            [
              108.3468603,
              22.7360242
            ],
            [
              108.3493929,
              22.7369392
            ],
            [
              108.3520488,
              22.7375303
            ],
            [
              108.3523692,
              22.7372006
            ],
            [
              108.3530963,
              22.7345693
            ],
            [
              108.3529669,
              22.7341714
            ],
            [
              108.3504096,
              22.7336429
            ],
            [
              108.3477661,
              22.7328472
            ],
            [
              108.346281,
              22.7338589
            ],
            [
              108.3449562,
              22.7333417
            ],
            [
              108.3441859,
              22.7346204
            ]
          ]
        ]
      }
    },
    {
      "type": "Feature",
      "id": "way/837932972",
      "properties": {
        "name": "绿城生态文化点 park",
        "category": "绿城生态文化点",
        "tags": [
          "leisure:park"
        ],
        "osmType": "way",
        "osmId": 837932972,
        "osmSource": "overpass",
        "cultureText": "来自 OSM/Overpass 的南宁生态文化相关公共空间。",
        "greenScore": 86,
        "quietScore": 70
      },
      "geometry": {
        "type": "Polygon",
        "coordinates": [
          [
            [
              108.3745039,
              22.7800468
            ],
            [
              108.3745886,
              22.7785149
            ],
            [
              108.3746134,
              22.778274
            ],
            [
              108.3746626,
              22.7781006
            ],
            [
              108.3747626,
              22.7779779
            ],
            [
              108.3748809,
              22.7778949
            ],
            [
              108.3750345,
              22.777825
            ],
            [
              108.3761785,
              22.7775118
            ],
            [
              108.3763081,
              22.7775189
            ],
            [
              108.3764118,
              22.7775812
            ],
            [
              108.3764943,
              22.7776925
            ],
            [
              108.3767966,
              22.7781509
            ],
            [
              108.3767721,
              22.7782522
            ],
            [
              108.3764311,
              22.7784506
            ],
            [
              108.3762974,
              22.7786077
            ],
            [
              108.3762653,
              22.7787428
            ],
            [
              108.3761871,
              22.7789595
            ],
            [
              108.3760591,
              22.7791253
            ],
            [
              108.3759163,
              22.7792286
            ],
            [
              108.3756025,
              22.7793502
            ],
            [
              108.3753672,
              22.7794181
            ],
            [
              108.3752172,
              22.7795535
            ],
            [
              108.3750976,
              22.7797258
            ],
            [
              108.3748873,
              22.7799371
            ],
            [
              108.3747843,
              22.7800343
            ],
            [
              108.3746816,
              22.7800859
            ],
            [
              108.3745864,
              22.7800962
            ],
            [
              108.3745284,
              22.780079
            ],
            [
              108.3745039,
              22.7800468
            ]
          ]
        ]
      }
    },
    {
      "type": "Feature",
      "id": "way/837946555",
      "properties": {
        "name": "五象新区总部休闲公园",
        "category": "绿城生态文化点",
        "tags": [
          "leisure:park"
        ],
        "osmType": "way",
        "osmId": 837946555,
        "osmSource": "overpass",
        "cultureText": "来自 OSM/Overpass 的南宁生态文化相关公共空间。",
        "greenScore": 86,
        "quietScore": 70
      },
      "geometry": {
        "type": "Polygon",
        "coordinates": [
          [
            [
              108.374736,
              22.7635278
            ],
            [
              108.3747974,
              22.7636606
            ],
            [
              108.3748455,
              22.7638503
            ],
            [
              108.3748504,
              22.7641505
            ],
            [
              108.3748415,
              22.764282
            ],
            [
              108.3747843,
              22.7643763
            ],
            [
              108.3747075,
              22.7644314
            ],
            [
              108.37383,
              22.7648929
            ],
            [
              108.3733505,
              22.7652437
            ],
            [
              108.3728922,
              22.7657186
            ],
            [
              108.3726161,
              22.766169
            ],
            [
              108.3720375,
              22.7660049
            ],
            [
              108.3717302,
              22.7660032
            ],
            [
              108.3714276,
              22.766079
            ],
            [
              108.3710046,
              22.7661059
            ],
            [
              108.3706499,
              22.7661128
            ],
            [
              108.3703662,
              22.766362
            ],
            [
              108.3702678,
              22.7664176
            ],
            [
              108.3701415,
              22.7664603
            ],
            [
              108.3699823,
              22.7664768
            ],
            [
              108.3697671,
              22.7665364
            ],
            [
              108.3695223,
              22.7666437
            ],
            [
              108.3692845,
              22.7668844
            ],
            [
              108.3689693,
              22.7673164
            ],
            [
              108.3687812,
              22.7677193
            ],
            [
              108.3687109,
              22.7679647
            ],
            [
              108.3686265,
              22.7683265
            ],
            [
              108.3685848,
              22.7683963
            ],
            [
              108.3685228,
              22.7684585
            ],
            [
              108.3684191,
              22.7684915
            ],
            [
              108.3673604,
              22.7685219
            ],
            [
              108.3676011,
              22.767706
            ],
            [
              108.3679293,
              22.7666962
            ],
            [
              108.3684362,
              22.7656808
            ],
            [
              108.3694282,
              22.7642906
            ],
            [
              108.370139,
              22.7634214
            ],
            [
              108.3708005,
              22.7627455
            ],
            [
              108.3723719,
              22.7614466
            ],
            [
              108.3728998,
              22.7620381
            ],
            [
              108.3731197,
              22.7621574
            ],
            [
              108.3736178,
              22.7622309
            ],
            [
              108.374736,
              22.7635278
            ]
          ]
        ]
      }
    },
    {
      "type": "Feature",
      "id": "way/837956790",
      "properties": {
        "name": "艺术中心楼",
        "category": "文化艺术点",
        "tags": [
          "amenity:arts_centre"
        ],
        "osmType": "way",
        "osmId": 837956790,
        "osmSource": "overpass",
        "cultureText": "来自 OSM/Overpass 的南宁生态文化相关公共空间。",
        "greenScore": 74,
        "quietScore": 70
      },
      "geometry": {
        "type": "Polygon",
        "coordinates": [
          [
            [
              108.3881638,
              22.7280787
            ],
            [
              108.3881365,
              22.7281603
            ],
            [
              108.3880866,
              22.7282336
            ],
            [
              108.3880121,
              22.7282914
            ],
            [
              108.3878996,
              22.7283177
            ],
            [
              108.3877838,
              22.7283101
            ],
            [
              108.3876797,
              22.7282602
            ],
            [
              108.3876175,
              22.7281954
            ],
            [
              108.3875759,
              22.7280929
            ],
            [
              108.3875679,
              22.7279758
            ],
            [
              108.3875827,
              22.72786
            ],
            [
              108.387616,
              22.7277737
            ],
            [
              108.3876545,
              22.7277122
            ],
            [
              108.3876083,
              22.7276764
            ],
            [
              108.3876684,
              22.7276409
            ],
            [
              108.3877488,
              22.7276088
            ],
            [
              108.3878251,
              22.7275991
            ],
            [
              108.3879457,
              22.7276059
            ],
            [
              108.3880453,
              22.7276349
            ],
            [
              108.3881456,
              22.7276827
            ],
            [
              108.3881052,
              22.7277348
            ],
            [
              108.3881495,
              22.7278241
            ],
            [
              108.3881761,
              22.7279073
            ],
            [
              108.3881783,
              22.7279904
            ],
            [
              108.3881638,
              22.7280787
            ]
          ]
        ]
      }
    },
    {
      "type": "Feature",
      "id": "way/837956818",
      "properties": {
        "name": "绿城生态文化点 garden",
        "category": "绿城生态文化点",
        "tags": [
          "leisure:garden"
        ],
        "osmType": "way",
        "osmId": 837956818,
        "osmSource": "overpass",
        "cultureText": "来自 OSM/Overpass 的南宁生态文化相关公共空间。",
        "greenScore": 86,
        "quietScore": 70
      },
      "geometry": {
        "type": "Polygon",
        "coordinates": [
          [
            [
              108.3855204,
              22.7248446
            ],
            [
              108.3848374,
              22.7248221
            ],
            [
              108.3855082,
              22.7246384
            ],
            [
              108.3855204,
              22.7248446
            ]
          ]
        ]
      }
    },
    {
      "type": "Feature",
      "id": "way/838498739",
      "properties": {
        "name": "绿城生态文化点 park",
        "category": "绿城生态文化点",
        "tags": [
          "leisure:park"
        ],
        "osmType": "way",
        "osmId": 838498739,
        "osmSource": "overpass",
        "cultureText": "来自 OSM/Overpass 的南宁生态文化相关公共空间。",
        "greenScore": 86,
        "quietScore": 70
      },
      "geometry": {
        "type": "Polygon",
        "coordinates": [
          [
            [
              108.2371882,
              22.7877013
            ],
            [
              108.2371476,
              22.7895379
            ],
            [
              108.2398796,
              22.7895679
            ],
            [
              108.2400178,
              22.7885259
            ],
            [
              108.2371882,
              22.7877013
            ]
          ]
        ]
      }
    },
    {
      "type": "Feature",
      "id": "way/838498754",
      "properties": {
        "name": "绿城生态文化点 park",
        "category": "绿城生态文化点",
        "tags": [
          "leisure:park"
        ],
        "osmType": "way",
        "osmId": 838498754,
        "osmSource": "overpass",
        "cultureText": "来自 OSM/Overpass 的南宁生态文化相关公共空间。",
        "greenScore": 86,
        "quietScore": 70
      },
      "geometry": {
        "type": "Polygon",
        "coordinates": [
          [
            [
              108.2286477,
              22.7846537
            ],
            [
              108.228916,
              22.7841214
            ],
            [
              108.229599,
              22.7843388
            ],
            [
              108.2293794,
              22.7847511
            ],
            [
              108.2286477,
              22.7846537
            ]
          ]
        ]
      }
    },
    {
      "type": "Feature",
      "id": "way/838541894",
      "properties": {
        "name": "绿城生态文化点 park",
        "category": "绿城生态文化点",
        "tags": [
          "leisure:park"
        ],
        "osmType": "way",
        "osmId": 838541894,
        "osmSource": "overpass",
        "cultureText": "来自 OSM/Overpass 的南宁生态文化相关公共空间。",
        "greenScore": 86,
        "quietScore": 70
      },
      "geometry": {
        "type": "Polygon",
        "coordinates": [
          [
            [
              108.4389561,
              22.9133926
            ],
            [
              108.4381023,
              22.9136248
            ],
            [
              108.4381105,
              22.9130406
            ],
            [
              108.4389317,
              22.9132428
            ],
            [
              108.4389561,
              22.9133926
            ]
          ]
        ]
      }
    },
    {
      "type": "Feature",
      "id": "way/838558127",
      "properties": {
        "name": "绿城生态文化点 park",
        "category": "绿城生态文化点",
        "tags": [
          "leisure:park"
        ],
        "osmType": "way",
        "osmId": 838558127,
        "osmSource": "overpass",
        "cultureText": "来自 OSM/Overpass 的南宁生态文化相关公共空间。",
        "greenScore": 86,
        "quietScore": 70
      },
      "geometry": {
        "type": "Polygon",
        "coordinates": [
          [
            [
              108.4213924,
              22.8302447
            ],
            [
              108.4214904,
              22.8292677
            ],
            [
              108.4204864,
              22.8292375
            ],
            [
              108.4205144,
              22.8295776
            ],
            [
              108.4209721,
              22.8295862
            ],
            [
              108.4209814,
              22.8302189
            ],
            [
              108.4213924,
              22.8302447
            ]
          ]
        ]
      }
    },
    {
      "type": "Feature",
      "id": "way/838558128",
      "properties": {
        "name": "绿城生态文化点 park",
        "category": "绿城生态文化点",
        "tags": [
          "leisure:park"
        ],
        "osmType": "way",
        "osmId": 838558128,
        "osmSource": "overpass",
        "cultureText": "来自 OSM/Overpass 的南宁生态文化相关公共空间。",
        "greenScore": 86,
        "quietScore": 70
      },
      "geometry": {
        "type": "Polygon",
        "coordinates": [
          [
            [
              108.420016,
              22.8302821
            ],
            [
              108.4200109,
              22.8299959
            ],
            [
              108.4204032,
              22.8299899
            ],
            [
              108.4204084,
              22.8302761
            ],
            [
              108.420016,
              22.8302821
            ]
          ]
        ]
      }
    },
    {
      "type": "Feature",
      "id": "way/838823146",
      "properties": {
        "name": "南宁园博园",
        "category": "绿城生态文化点",
        "tags": [
          "leisure:park"
        ],
        "osmType": "way",
        "osmId": 838823146,
        "osmSource": "overpass",
        "cultureText": "来自 OSM/Overpass 的南宁生态文化相关公共空间。",
        "greenScore": 86,
        "quietScore": 70
      },
      "geometry": {
        "type": "Polygon",
        "coordinates": [
          [
            [
              108.4805672,
              22.7165853
            ],
            [
              108.4806847,
              22.7166075
            ],
            [
              108.4807778,
              22.7166753
            ],
            [
              108.4808149,
              22.7167819
            ],
            [
              108.4808217,
              22.7168971
            ],
            [
              108.4808508,
              22.7205478
            ],
            [
              108.4808526,
              22.7207733
            ],
            [
              108.4808176,
              22.7234339
            ],
            [
              108.4808217,
              22.7236517
            ],
            [
              108.4808202,
              22.7238518
            ],
            [
              108.4808049,
              22.7258639
            ],
            [
              108.4808127,
              22.7262801
            ],
            [
              108.4808386,
              22.7276472
            ],
            [
              108.4808482,
              22.7283263
            ],
            [
              108.4808466,
              22.7291418
            ],
            [
              108.4808463,
              22.7291626
            ],
            [
              108.4808219,
              22.7302735
            ],
            [
              108.4808008,
              22.7330807
            ],
            [
              108.480804,
              22.7332227
            ],
            [
              108.4808076,
              22.7333783
            ],
            [
              108.4808216,
              22.7336149
            ],
            [
              108.4808404,
              22.7341013
            ],
            [
              108.480925,
              22.7362929
            ],
            [
              108.4809094,
              22.7364492
            ],
            [
              108.480815,
              22.7366066
            ],
            [
              108.4806591,
              22.7367185
            ],
            [
              108.4804272,
              22.7368059
            ],
            [
              108.4801421,
              22.7368442
            ],
            [
              108.4747714,
              22.7372884
            ],
            [
              108.4743101,
              22.7373254
            ],
            [
              108.4737698,
              22.73737
            ],
            [
              108.4704674,
              22.7376425
            ],
            [
              108.4600188,
              22.7386348
            ],
            [
              108.4596881,
              22.7376919
            ],
            [
              108.4596632,
              22.7374578
            ],
            [
              108.4597134,
              22.7371742
            ],
            [
              108.4599511,
              22.7368901
            ],
            [
              108.4603818,
              22.7366604
            ],
            [
              108.4612595,
              22.7363992
            ],
            [
              108.4619036,
              22.7363927
            ],
            [
              108.463383,
              22.7366539
            ],
            [
              108.4653811,
              22.7368957
            ],
            [
              108.4657459,
              22.7369891
            ],
            [
              108.4660164,
              22.7371841
            ],
            [
              108.4661981,
              22.7373027
            ],
            [
              108.4664023,
              22.7374306
            ],
            [
              108.4666441,
              22.7375119
            ],
            [
              108.4669186,
              22.7375263
            ],
            [
              108.4672224,
              22.7375028
            ],
            [
              108.4678791,
              22.7374756
            ],
            [
              108.4695147,
              22.7373297
            ],
            [
              108.4697663,
              22.7373044
            ],
            [
              108.4700632,
              22.737264
            ],
            [
              108.4703261,
              22.7371913
            ],
            [
              108.470506,
              22.7371273
            ],
            [
              108.4708034,
              22.7369742
            ],
            [
              108.4710165,
              22.7368315
            ],
            [
              108.4710912,
              22.7367713
            ],
            [
              108.4711074,
              22.7367311
            ],
            [
              108.4711079,
              22.73667
            ],
            [
              108.4711205,
              22.7366076
            ],
            [
              108.4711697,
              22.7365616
            ],
            [
              108.4712774,
              22.7365238
            ],
            [
              108.4713637,
              22.7365156
            ],
            [
              108.4713983,
              22.7365005
            ],
            [
              108.4715038,
              22.7363604
            ],
            [
              108.4716079,
              22.7362024
            ],
            [
              108.4717896,
              22.7358145
            ],
            [
              108.471929,
              22.7355367
            ],
            [
              108.4719552,
              22.7354668
            ],
            [
              108.4719697,
              22.7353862
            ],
            [
              108.4719775,
              22.7353022
            ],
            [
              108.4720015,
              22.7349763
            ],
            [
              108.4720424,
              22.7348904
            ],
            [
              108.4721091,
              22.734809
            ],
            [
              108.4721909,
              22.7347386
            ],
            [
              108.4723236,
              22.7346723
            ],
            [
              108.4724026,
              22.7346718
            ],
            [
              108.4724858,
              22.7346958
            ],
            [
              108.4725446,
              22.7347359
            ],
            [
              108.4728216,
              22.7350353
            ],
            [
              108.472868,
              22.7350269
            ],
            [
              108.4728025,
              22.7349187
            ],
            [
              108.4729515,
              22.734693
            ],
            [
              108.47281,
              22.7345998
            ],
            [
              108.4729278,
              22.7343587
            ],
            [
              108.4722903,
              22.7341136
            ],
            [
              108.4721803,
              22.7340793
            ],
            [
              108.4720461,
              22.734042
            ],
            [
              108.4718604,
              22.7340285
            ],
            [
              108.4717067,
              22.7340002
            ],
            [
              108.4715496,
              22.7339267
            ],
            [
              108.4714419,
              22.7338604
            ],
            [
              108.4713818,
              22.733775
            ],
            [
              108.4713428,
              22.7336444
            ],
            [
              108.4712647,
              22.7335319
            ],
            [
              108.4710874,
              22.7333583
            ],
            [
              108.470929,
              22.733289
            ],
            [
              108.4707741,
              22.7332262
            ],
            [
              108.4706893,
              22.7331634
            ],
            [
              108.4703702,
              22.7326993
            ],
            [
              108.470153,
              22.7322994
            ],
            [
              108.4698906,
              22.7318955
            ],
            [
              108.4697352,
              22.7315748
            ],
            [
              108.4696066,
              22.7310809
            ],
            [
              108.4695487,
              22.7307831
            ],
            [
              108.4694707,
              22.730394
            ],
            [
              108.4693344,
              22.7299934
            ],
            [
              108.4691305,
              22.7295962
            ],
            [
              108.4689141,
              22.7293044
            ],
            [
              108.4688153,
              22.7291592
            ],
            [
              108.4684707,
              22.7287513
            ],
            [
              108.4683048,
              22.7284033
            ],
            [
              108.4682388,
              22.7278819
            ],
            [
              108.4679557,
              22.7274943
            ],
            [
              108.4674647,
              22.7272505
            ],
            [
              108.4667623,
              22.7271717
            ],
            [
              108.4657319,
              22.7275397
            ],
            [
              108.4646527,
              22.7281477
            ],
            [
              108.4638285,
              22.7288806
            ],
            [
              108.4634223,
              22.7290231
            ],
            [
              108.4629143,
              22.7289256
            ],
            [
              108.4626422,
              22.7285806
            ],
            [
              108.4624641,
              22.7282356
            ],
            [
              108.4624062,
              22.7262407
            ],
            [
              108.4621939,
              22.7253267
            ],
            [
              108.4618895,
              22.7246151
            ],
            [
              108.4614152,
              22.7241711
            ],
            [
              108.4600774,
              22.7236292
            ],
            [
              108.458668,
              22.7231662
            ],
            [
              108.457982,
              22.7230103
            ],
            [
              108.4587436,
              22.7220062
            ],
            [
              108.4592559,
              22.7223763
            ],
            [
              108.4611908,
              22.7190228
            ],
            [
              108.4615798,
              22.7184604
            ],
            [
              108.4622622,
              22.7178792
            ],
            [
              108.4627822,
              22.7175436
            ],
            [
              108.4633485,
              22.7173373
            ],
            [
              108.4639698,
              22.7171995
            ],
            [
              108.4647321,
              22.7170616
            ],
            [
              108.4655955,
              22.7169681
            ],
            [
              108.4659698,
              22.7173
            ],
            [
              108.466403,
              22.7170584
            ],
            [
              108.4666551,
              22.7170009
            ],
            [
              108.4670053,
              22.7169636
            ],
            [
              108.4703977,
              22.7168584
            ],
            [
              108.4708444,
              22.7168446
            ],
            [
              108.4721367,
              22.7168101
            ],
            [
              108.4724867,
              22.7168006
            ],
            [
              108.4764409,
              22.7166931
            ],
            [
              108.4770134,
              22.7166801
            ],
            [
              108.4775361,
              22.7166661
            ],
            [
              108.4805672,
              22.7165853
            ]
          ]
        ]
      }
    },
    {
      "type": "Feature",
      "id": "way/838851588",
      "properties": {
        "name": "龙门水都景区",
        "category": "绿城生态文化点",
        "tags": [
          "leisure:park"
        ],
        "osmType": "way",
        "osmId": 838851588,
        "osmSource": "overpass",
        "cultureText": "来自 OSM/Overpass 的南宁生态文化相关公共空间。",
        "greenScore": 86,
        "quietScore": 70
      },
      "geometry": {
        "type": "Polygon",
        "coordinates": [
          [
            [
              108.2585575,
              22.8935477
            ],
            [
              108.2572638,
              22.8928616
            ],
            [
              108.2564381,
              22.8924078
            ],
            [
              108.2548958,
              22.8908772
            ],
            [
              108.249314,
              22.8933651
            ],
            [
              108.2520133,
              22.8978435
            ],
            [
              108.2508416,
              22.899289
            ],
            [
              108.2470983,
              22.899133
            ],
            [
              108.2445085,
              22.898237
            ],
            [
              108.2418538,
              22.8943054
            ],
            [
              108.2408452,
              22.8953715
            ],
            [
              108.2404762,
              22.896983
            ],
            [
              108.2424141,
              22.899641
            ],
            [
              108.2424326,
              22.9003867
            ],
            [
              108.2381659,
              22.9006048
            ],
            [
              108.2354585,
              22.9037989
            ],
            [
              108.2385644,
              22.904621
            ],
            [
              108.2391419,
              22.9059653
            ],
            [
              108.2358442,
              22.9051216
            ],
            [
              108.2340157,
              22.906232
            ],
            [
              108.2324089,
              22.9092552
            ],
            [
              108.2330678,
              22.9103857
            ],
            [
              108.2340827,
              22.9095525
            ],
            [
              108.234969,
              22.9110248
            ],
            [
              108.234848,
              22.9114154
            ],
            [
              108.2343901,
              22.9128943
            ],
            [
              108.2348801,
              22.9138863
            ],
            [
              108.2373617,
              22.9132538
            ],
            [
              108.239258,
              22.9116586
            ],
            [
              108.2356001,
              22.9082307
            ],
            [
              108.2366949,
              22.9070018
            ],
            [
              108.2406068,
              22.9084666
            ],
            [
              108.2429619,
              22.9080602
            ],
            [
              108.2444755,
              22.9043308
            ],
            [
              108.2461353,
              22.9042192
            ],
            [
              108.246008,
              22.9058015
            ],
            [
              108.2454015,
              22.9072197
            ],
            [
              108.24607,
              22.9094732
            ],
            [
              108.2472726,
              22.9086037
            ],
            [
              108.2473192,
              22.9076402
            ],
            [
              108.2479507,
              22.9073278
            ],
            [
              108.2492542,
              22.9078924
            ],
            [
              108.2512063,
              22.907658
            ],
            [
              108.2535179,
              22.9079452
            ],
            [
              108.2541928,
              22.9071825
            ],
            [
              108.253305,
              22.905616
            ],
            [
              108.2537774,
              22.9045734
            ],
            [
              108.2558438,
              22.9049584
            ],
            [
              108.2569338,
              22.905751
            ],
            [
              108.2589415,
              22.9052563
            ],
            [
              108.2614623,
              22.9027774
            ],
            [
              108.2619075,
              22.9002028
            ],
            [
              108.2602255,
              22.8978693
            ],
            [
              108.2606401,
              22.8945215
            ],
            [
              108.2585575,
              22.8935477
            ]
          ]
        ]
      }
    },
    {
      "type": "Feature",
      "id": "way/838861233",
      "properties": {
        "name": "水上乐园",
        "category": "绿城生态文化点",
        "tags": [
          "leisure:water_park"
        ],
        "osmType": "way",
        "osmId": 838861233,
        "osmSource": "overpass",
        "cultureText": "来自 OSM/Overpass 的南宁生态文化相关公共空间。",
        "greenScore": 86,
        "quietScore": 70
      },
      "geometry": {
        "type": "Polygon",
        "coordinates": [
          [
            [
              108.3981488,
              22.8271347
            ],
            [
              108.3981433,
              22.8271501
            ],
            [
              108.3981332,
              22.8271612
            ],
            [
              108.3981153,
              22.8271672
            ],
            [
              108.3978827,
              22.8271848
            ],
            [
              108.3977916,
              22.8272002
            ],
            [
              108.3976998,
              22.8272298
            ],
            [
              108.3973571,
              22.8273441
            ],
            [
              108.3973304,
              22.8273443
            ],
            [
              108.3973119,
              22.8273351
            ],
            [
              108.397291,
              22.8273148
            ],
            [
              108.3972376,
              22.8272147
            ],
            [
              108.3971967,
              22.8270841
            ],
            [
              108.397172,
              22.8269534
            ],
            [
              108.3971626,
              22.8268623
            ],
            [
              108.3971716,
              22.8267683
            ],
            [
              108.3971927,
              22.8266711
            ],
            [
              108.3972385,
              22.8265596
            ],
            [
              108.3972557,
              22.8265344
            ],
            [
              108.3972896,
              22.8265237
            ],
            [
              108.3973277,
              22.8265261
            ],
            [
              108.3980621,
              22.8266473
            ],
            [
              108.398076,
              22.8266552
            ],
            [
              108.3980826,
              22.826663
            ],
            [
              108.3980863,
              22.8266793
            ],
            [
              108.3981488,
              22.8271347
            ]
          ]
        ]
      }
    },
    {
      "type": "Feature",
      "id": "way/838861236",
      "properties": {
        "name": "绿城生态文化点 park",
        "category": "绿城生态文化点",
        "tags": [
          "leisure:park"
        ],
        "osmType": "way",
        "osmId": 838861236,
        "osmSource": "overpass",
        "cultureText": "来自 OSM/Overpass 的南宁生态文化相关公共空间。",
        "greenScore": 86,
        "quietScore": 70
      },
      "geometry": {
        "type": "Polygon",
        "coordinates": [
          [
            [
              108.4069656,
              22.8271588
            ],
            [
              108.4035934,
              22.8257878
            ],
            [
              108.4039317,
              22.8248969
            ],
            [
              108.4072824,
              22.8261095
            ],
            [
              108.4069656,
              22.8271588
            ]
          ]
        ]
      }
    },
    {
      "type": "Feature",
      "id": "way/838861237",
      "properties": {
        "name": "绿城生态文化点 park",
        "category": "绿城生态文化点",
        "tags": [
          "leisure:park"
        ],
        "osmType": "way",
        "osmId": 838861237,
        "osmSource": "overpass",
        "cultureText": "来自 OSM/Overpass 的南宁生态文化相关公共空间。",
        "greenScore": 86,
        "quietScore": 70
      },
      "geometry": {
        "type": "Polygon",
        "coordinates": [
          [
            [
              108.4030081,
              22.8254958
            ],
            [
              108.4034484,
              22.8246049
            ],
            [
              108.4014992,
              22.8236547
            ],
            [
              108.4013488,
              22.8239615
            ],
            [
              108.4011179,
              22.8238823
            ],
            [
              108.4012092,
              22.8236942
            ],
            [
              108.399464,
              22.823328
            ],
            [
              108.3988841,
              22.8233676
            ],
            [
              108.3979658,
              22.8228875
            ],
            [
              108.398186,
              22.8226153
            ],
            [
              108.3974235,
              22.8217986
            ],
            [
              108.3965482,
              22.8206949
            ],
            [
              108.3960327,
              22.820977
            ],
            [
              108.3958716,
              22.8207493
            ],
            [
              108.3963065,
              22.8204969
            ],
            [
              108.3950393,
              22.8195268
            ],
            [
              108.3921557,
              22.8177153
            ],
            [
              108.3922147,
              22.8189675
            ],
            [
              108.3932457,
              22.8194922
            ],
            [
              108.3946419,
              22.8205118
            ],
            [
              108.3953239,
              22.8210859
            ],
            [
              108.395485,
              22.820982
            ],
            [
              108.3956246,
              22.8211601
            ],
            [
              108.3954635,
              22.821269
            ],
            [
              108.3966824,
              22.8229172
            ],
            [
              108.3971979,
              22.8234022
            ],
            [
              108.3977457,
              22.8236695
            ],
            [
              108.3987767,
              22.8240654
            ],
            [
              108.4007957,
              22.8245901
            ],
            [
              108.4008763,
              22.8244169
            ],
            [
              108.4011125,
              22.8244861
            ],
            [
              108.4010481,
              22.8246841
            ],
            [
              108.4019502,
              22.8250306
            ],
            [
              108.4030081,
              22.8254958
            ]
          ]
        ]
      }
    },
    {
      "type": "Feature",
      "id": "way/838861268",
      "properties": {
        "name": "冲浪区",
        "category": "绿城生态文化点",
        "tags": [
          "leisure:water_park"
        ],
        "osmType": "way",
        "osmId": 838861268,
        "osmSource": "overpass",
        "cultureText": "来自 OSM/Overpass 的南宁生态文化相关公共空间。",
        "greenScore": 86,
        "quietScore": 70
      },
      "geometry": {
        "type": "Polygon",
        "coordinates": [
          [
            [
              108.407731,
              22.8023234
            ],
            [
              108.4078981,
              22.8023762
            ],
            [
              108.4079235,
              22.8023945
            ],
            [
              108.4079419,
              22.8024128
            ],
            [
              108.4079682,
              22.8024591
            ],
            [
              108.4079927,
              22.8024871
            ],
            [
              108.4080371,
              22.8025119
            ],
            [
              108.4080909,
              22.8025173
            ],
            [
              108.4081411,
              22.8025109
            ],
            [
              108.4081867,
              22.8024958
            ],
            [
              108.4082265,
              22.8024667
            ],
            [
              108.4082522,
              22.8024311
            ],
            [
              108.4082598,
              22.8023869
            ],
            [
              108.4082545,
              22.8023406
            ],
            [
              108.4082289,
              22.8022921
            ],
            [
              108.4081809,
              22.8022588
            ],
            [
              108.4081236,
              22.8022437
            ],
            [
              108.4080676,
              22.8022437
            ],
            [
              108.4079803,
              22.802258
            ],
            [
              108.4079486,
              22.8022609
            ],
            [
              108.4079183,
              22.8022567
            ],
            [
              108.4077777,
              22.802207
            ],
            [
              108.407731,
              22.8023234
            ]
          ]
        ]
      }
    },
    {
      "type": "Feature",
      "id": "way/839607657",
      "properties": {
        "name": "绿城生态文化点 park",
        "category": "绿城生态文化点",
        "tags": [
          "leisure:park"
        ],
        "osmType": "way",
        "osmId": 839607657,
        "osmSource": "overpass",
        "cultureText": "来自 OSM/Overpass 的南宁生态文化相关公共空间。",
        "greenScore": 86,
        "quietScore": 70
      },
      "geometry": {
        "type": "Polygon",
        "coordinates": [
          [
            [
              108.2447627,
              22.8451152
            ],
            [
              108.2449144,
              22.8442079
            ],
            [
              108.245609,
              22.8441582
            ],
            [
              108.2456831,
              22.8450375
            ],
            [
              108.2447627,
              22.8451152
            ]
          ]
        ]
      }
    },
    {
      "type": "Feature",
      "id": "way/839634324",
      "properties": {
        "name": "广西革命纪念馆",
        "category": "景观点",
        "tags": [
          "leisure:nature_reserve",
          "tourism:attraction"
        ],
        "osmType": "way",
        "osmId": 839634324,
        "osmSource": "overpass",
        "cultureText": "来自 OSM/Overpass 的南宁生态文化相关公共空间。",
        "greenScore": 86,
        "quietScore": 70
      },
      "geometry": {
        "type": "Polygon",
        "coordinates": [
          [
            [
              108.3851972,
              22.8604056
            ],
            [
              108.3847884,
              22.8600176
            ],
            [
              108.3837223,
              22.8594725
            ],
            [
              108.3836607,
              22.8589956
            ],
            [
              108.382798,
              22.8584107
            ],
            [
              108.3821017,
              22.8580757
            ],
            [
              108.3815227,
              22.8550531
            ],
            [
              108.3800362,
              22.8543226
            ],
            [
              108.3787196,
              22.8528223
            ],
            [
              108.3781746,
              22.8521505
            ],
            [
              108.3773252,
              22.8516939
            ],
            [
              108.3758247,
              22.852024
            ],
            [
              108.3735287,
              22.8511145
            ],
            [
              108.3727026,
              22.8501456
            ],
            [
              108.3706373,
              22.8493645
            ],
            [
              108.3703101,
              22.8484796
            ],
            [
              108.3695805,
              22.8477529
            ],
            [
              108.3700687,
              22.8462797
            ],
            [
              108.3734429,
              22.8475552
            ],
            [
              108.3736054,
              22.847988
            ],
            [
              108.3740413,
              22.8484695
            ],
            [
              108.3749958,
              22.8491047
            ],
            [
              108.3757258,
              22.8492407
            ],
            [
              108.3766656,
              22.848923
            ],
            [
              108.3770715,
              22.8491534
            ],
            [
              108.3778888,
              22.8496777
            ],
            [
              108.3789108,
              22.8502849
            ],
            [
              108.381154,
              22.8507992
            ],
            [
              108.3827685,
              22.8507937
            ],
            [
              108.3837028,
              22.8499784
            ],
            [
              108.3860458,
              22.8502784
            ],
            [
              108.3879074,
              22.8519613
            ],
            [
              108.388302,
              22.8523301
            ],
            [
              108.3897832,
              22.8526527
            ],
            [
              108.3902291,
              22.853592
            ],
            [
              108.3889975,
              22.8560445
            ],
            [
              108.3888134,
              22.8562206
            ],
            [
              108.3888064,
              22.8564489
            ],
            [
              108.3886789,
              22.8568142
            ],
            [
              108.3888134,
              22.8575578
            ],
            [
              108.3887851,
              22.8580339
            ],
            [
              108.3883887,
              22.8588101
            ],
            [
              108.3884383,
              22.8591688
            ],
            [
              108.3887002,
              22.8596058
            ],
            [
              108.388863,
              22.8597559
            ],
            [
              108.3890612,
              22.8604929
            ],
            [
              108.3892806,
              22.8609755
            ],
            [
              108.388771,
              22.8619996
            ],
            [
              108.3879499,
              22.8624496
            ],
            [
              108.3868881,
              22.8630431
            ],
            [
              108.3867961,
              22.8622474
            ],
            [
              108.3868952,
              22.8620126
            ],
            [
              108.386789,
              22.8615104
            ],
            [
              108.3866333,
              22.8610799
            ],
            [
              108.3860882,
              22.8606364
            ],
            [
              108.3853158,
              22.8605339
            ],
            [
              108.3851972,
              22.8604056
            ]
          ]
        ]
      }
    },
    {
      "type": "Feature",
      "id": "way/839655965",
      "properties": {
        "name": "绿城生态文化点 park",
        "category": "绿城生态文化点",
        "tags": [
          "leisure:park"
        ],
        "osmType": "way",
        "osmId": 839655965,
        "osmSource": "overpass",
        "cultureText": "来自 OSM/Overpass 的南宁生态文化相关公共空间。",
        "greenScore": 86,
        "quietScore": 70
      },
      "geometry": {
        "type": "Polygon",
        "coordinates": [
          [
            [
              108.3750843,
              22.8646641
            ],
            [
              108.3747714,
              22.8660798
            ],
            [
              108.3748928,
              22.8663251
            ],
            [
              108.3761292,
              22.8666131
            ],
            [
              108.3762157,
              22.8662941
            ],
            [
              108.3768954,
              22.8664504
            ],
            [
              108.3768089,
              22.8667696
            ],
            [
              108.3771017,
              22.8668415
            ],
            [
              108.3772792,
              22.8663466
            ],
            [
              108.3775127,
              22.865968
            ],
            [
              108.3776808,
              22.8657399
            ],
            [
              108.3754345,
              22.8643285
            ],
            [
              108.3751543,
              22.8643801
            ],
            [
              108.3750843,
              22.8646641
            ]
          ]
        ]
      }
    },
    {
      "type": "Feature",
      "id": "way/839655966",
      "properties": {
        "name": "绿城生态文化点 park",
        "category": "绿城生态文化点",
        "tags": [
          "leisure:park"
        ],
        "osmType": "way",
        "osmId": 839655966,
        "osmSource": "overpass",
        "cultureText": "来自 OSM/Overpass 的南宁生态文化相关公共空间。",
        "greenScore": 86,
        "quietScore": 70
      },
      "geometry": {
        "type": "Polygon",
        "coordinates": [
          [
            [
              108.3775173,
              22.8669232
            ],
            [
              108.3775127,
              22.8666866
            ],
            [
              108.3777789,
              22.866196
            ],
            [
              108.378031,
              22.8659378
            ],
            [
              108.37932,
              22.8666694
            ],
            [
              108.3786475,
              22.8672072
            ],
            [
              108.3775173,
              22.8669232
            ]
          ]
        ]
      }
    },
    {
      "type": "Feature",
      "id": "way/839655967",
      "properties": {
        "name": "绿城生态文化点 park",
        "category": "绿城生态文化点",
        "tags": [
          "leisure:park"
        ],
        "osmType": "way",
        "osmId": 839655967,
        "osmSource": "overpass",
        "cultureText": "来自 OSM/Overpass 的南宁生态文化相关公共空间。",
        "greenScore": 86,
        "quietScore": 70
      },
      "geometry": {
        "type": "Polygon",
        "coordinates": [
          [
            [
              108.3789715,
              22.8672101
            ],
            [
              108.3790021,
              22.8671019
            ],
            [
              108.3795303,
              22.8666952
            ],
            [
              108.3819753,
              22.8677418
            ],
            [
              108.3815535,
              22.8680749
            ],
            [
              108.3806469,
              22.8677117
            ],
            [
              108.3802635,
              22.8676546
            ],
            [
              108.3790629,
              22.8673094
            ],
            [
              108.3789715,
              22.8672101
            ]
          ]
        ]
      }
    },
    {
      "type": "Feature",
      "id": "way/839655969",
      "properties": {
        "name": "绿城生态文化点 park",
        "category": "绿城生态文化点",
        "tags": [
          "leisure:park"
        ],
        "osmType": "way",
        "osmId": 839655969,
        "osmSource": "overpass",
        "cultureText": "来自 OSM/Overpass 的南宁生态文化相关公共空间。",
        "greenScore": 86,
        "quietScore": 70
      },
      "geometry": {
        "type": "Polygon",
        "coordinates": [
          [
            [
              108.3537751,
              22.8503816
            ],
            [
              108.3533548,
              22.850657
            ],
            [
              108.3531493,
              22.851139
            ],
            [
              108.3532427,
              22.8511734
            ],
            [
              108.3530933,
              22.8515349
            ],
            [
              108.3520612,
              22.8526495
            ],
            [
              108.351328,
              22.8526968
            ],
            [
              108.3511599,
              22.8529335
            ],
            [
              108.3507723,
              22.8530798
            ],
            [
              108.3501185,
              22.8536135
            ],
            [
              108.3495861,
              22.8540911
            ],
            [
              108.3489696,
              22.8547711
            ],
            [
              108.3487268,
              22.8548184
            ],
            [
              108.3479609,
              22.8556963
            ],
            [
              108.3474099,
              22.8574649
            ],
            [
              108.3473235,
              22.8582782
            ],
            [
              108.3473025,
              22.8587731
            ],
            [
              108.3471671,
              22.8588118
            ],
            [
              108.3482318,
              22.858786
            ],
            [
              108.3484046,
              22.8574477
            ],
            [
              108.3487268,
              22.8562385
            ],
            [
              108.3490537,
              22.855791
            ],
            [
              108.3495207,
              22.8558426
            ],
            [
              108.3497215,
              22.8556317
            ],
            [
              108.3499784,
              22.8556231
            ],
            [
              108.3504127,
              22.8549088
            ],
            [
              108.350931,
              22.8543579
            ],
            [
              108.3515568,
              22.8540309
            ],
            [
              108.3527897,
              22.8540223
            ],
            [
              108.3528738,
              22.8537167
            ],
            [
              108.3538218,
              22.8525247
            ],
            [
              108.3543635,
              22.8509367
            ],
            [
              108.3546997,
              22.8507431
            ],
            [
              108.3548865,
              22.848389
            ],
            [
              108.3549659,
              22.8479759
            ],
            [
              108.3551294,
              22.8472141
            ],
            [
              108.3553769,
              22.8465772
            ],
            [
              108.3550593,
              22.8464223
            ],
            [
              108.3553255,
              22.8457681
            ],
            [
              108.3557832,
              22.84588
            ],
            [
              108.3562081,
              22.8450838
            ],
            [
              108.3566845,
              22.8438874
            ],
            [
              108.3568666,
              22.8433451
            ],
            [
              108.3572169,
              22.8427383
            ],
            [
              108.3577072,
              22.8415505
            ],
            [
              108.3572402,
              22.8413697
            ],
            [
              108.3572262,
              22.8410642
            ],
            [
              108.3574317,
              22.8406467
            ],
            [
              108.3564323,
              22.840212
            ],
            [
              108.3554703,
              22.8416495
            ],
            [
              108.3555263,
              22.8422778
            ],
            [
              108.355545,
              22.8432806
            ],
            [
              108.3553255,
              22.8438143
            ],
            [
              108.3554796,
              22.8445416
            ],
            [
              108.3551527,
              22.8446147
            ],
            [
              108.354158,
              22.8457896
            ],
            [
              108.3541253,
              22.8460565
            ],
            [
              108.3542187,
              22.8469344
            ],
            [
              108.3537984,
              22.8472615
            ],
            [
              108.3540599,
              22.847765
            ],
            [
              108.3538078,
              22.8490389
            ],
            [
              108.3539152,
              22.8495854
            ],
            [
              108.3537751,
              22.8503816
            ]
          ]
        ]
      }
    },
    {
      "type": "Feature",
      "id": "way/839669575",
      "properties": {
        "name": "绿城生态文化点 park",
        "category": "绿城生态文化点",
        "tags": [
          "leisure:park"
        ],
        "osmType": "way",
        "osmId": 839669575,
        "osmSource": "overpass",
        "cultureText": "来自 OSM/Overpass 的南宁生态文化相关公共空间。",
        "greenScore": 86,
        "quietScore": 70
      },
      "geometry": {
        "type": "Polygon",
        "coordinates": [
          [
            [
              108.3469951,
              22.8594306
            ],
            [
              108.3480562,
              22.8593819
            ],
            [
              108.3480765,
              22.859764
            ],
            [
              108.3482025,
              22.8604046
            ],
            [
              108.3477838,
              22.8611763
            ],
            [
              108.3473894,
              22.8613598
            ],
            [
              108.3464828,
              22.8615134
            ],
            [
              108.3463649,
              22.8618543
            ],
            [
              108.346247,
              22.8621353
            ],
            [
              108.3458161,
              22.8622402
            ],
            [
              108.3448607,
              22.8622702
            ],
            [
              108.3448566,
              22.8626148
            ],
            [
              108.3447469,
              22.8628208
            ],
            [
              108.3449867,
              22.8631655
            ],
            [
              108.345316,
              22.8637648
            ],
            [
              108.3453404,
              22.8640832
            ],
            [
              108.3452266,
              22.8646526
            ],
            [
              108.3449136,
              22.864986
            ],
            [
              108.3448119,
              22.8651996
            ],
            [
              108.3448201,
              22.8656341
            ],
            [
              108.3436858,
              22.8656453
            ],
            [
              108.343576,
              22.8653944
            ],
            [
              108.3435801,
              22.865031
            ],
            [
              108.3437956,
              22.8647463
            ],
            [
              108.3440923,
              22.8636112
            ],
            [
              108.3437793,
              22.8633228
            ],
            [
              108.3437224,
              22.8625511
            ],
            [
              108.343824,
              22.8620004
            ],
            [
              108.3437427,
              22.8618169
            ],
            [
              108.3437549,
              22.8615097
            ],
            [
              108.3442306,
              22.8612362
            ],
            [
              108.3447713,
              22.8608054
            ],
            [
              108.3450762,
              22.8609515
            ],
            [
              108.3452673,
              22.8606968
            ],
            [
              108.3464991,
              22.8602847
            ],
            [
              108.3471211,
              22.8602472
            ],
            [
              108.3469992,
              22.8597115
            ],
            [
              108.3469951,
              22.8594306
            ]
          ]
        ]
      }
    },
    {
      "type": "Feature",
      "id": "way/839669589",
      "properties": {
        "name": "绿城生态文化点 park",
        "category": "绿城生态文化点",
        "tags": [
          "leisure:park"
        ],
        "osmType": "way",
        "osmId": 839669589,
        "osmSource": "overpass",
        "cultureText": "来自 OSM/Overpass 的南宁生态文化相关公共空间。",
        "greenScore": 86,
        "quietScore": 70
      },
      "geometry": {
        "type": "Polygon",
        "coordinates": [
          [
            [
              108.3440518,
              22.8716343
            ],
            [
              108.3439469,
              22.8697821
            ],
            [
              108.3448147,
              22.8697403
            ],
            [
              108.3449199,
              22.8715925
            ],
            [
              108.3440518,
              22.8716343
            ]
          ]
        ]
      }
    },
    {
      "type": "Feature",
      "id": "way/839669604",
      "properties": {
        "name": "绿城生态文化点 park",
        "category": "绿城生态文化点",
        "tags": [
          "leisure:park"
        ],
        "osmType": "way",
        "osmId": 839669604,
        "osmSource": "overpass",
        "cultureText": "来自 OSM/Overpass 的南宁生态文化相关公共空间。",
        "greenScore": 86,
        "quietScore": 70
      },
      "geometry": {
        "type": "Polygon",
        "coordinates": [
          [
            [
              108.3446528,
              22.874937
            ],
            [
              108.3445268,
              22.8743639
            ],
            [
              108.3444007,
              22.8740755
            ],
            [
              108.3435673,
              22.8738582
            ],
            [
              108.3428681,
              22.8740193
            ],
            [
              108.3418842,
              22.8742553
            ],
            [
              108.3411931,
              22.8745175
            ],
            [
              108.3406971,
              22.8748733
            ],
            [
              108.3405386,
              22.8751056
            ],
            [
              108.3391278,
              22.8753041
            ],
            [
              108.3390709,
              22.8749707
            ],
            [
              108.3391807,
              22.8746186
            ],
            [
              108.3398596,
              22.8743227
            ],
            [
              108.340445,
              22.8738732
            ],
            [
              108.3413801,
              22.8733526
            ],
            [
              108.342303,
              22.8728769
            ],
            [
              108.3428762,
              22.8726858
            ],
            [
              108.3428559,
              22.87233
            ],
            [
              108.3430469,
              22.8720191
            ],
            [
              108.3431567,
              22.871431
            ],
            [
              108.3430835,
              22.8710751
            ],
            [
              108.3429453,
              22.8707867
            ],
            [
              108.3423843,
              22.8699251
            ],
            [
              108.3424697,
              22.8696479
            ],
            [
              108.3427176,
              22.8691235
            ],
            [
              108.3432421,
              22.8685804
            ],
            [
              108.344043,
              22.8678536
            ],
            [
              108.3441893,
              22.867775
            ],
            [
              108.3442747,
              22.8675015
            ],
            [
              108.3446114,
              22.8674527
            ],
            [
              108.3446522,
              22.8666203
            ],
            [
              108.3452992,
              22.8664414
            ],
            [
              108.3453805,
              22.8672206
            ],
            [
              108.3454171,
              22.8679997
            ],
            [
              108.3454009,
              22.868468
            ],
            [
              108.3452789,
              22.8687901
            ],
            [
              108.3448439,
              22.868895
            ],
            [
              108.3447544,
              22.8683856
            ],
            [
              108.3443113,
              22.868659
            ],
            [
              108.3437828,
              22.8692546
            ],
            [
              108.3438885,
              22.871888
            ],
            [
              108.3443194,
              22.8720266
            ],
            [
              108.3451569,
              22.8720153
            ],
            [
              108.3450797,
              22.8731578
            ],
            [
              108.3453765,
              22.8733863
            ],
            [
              108.3455879,
              22.8737571
            ],
            [
              108.3456163,
              22.8748621
            ],
            [
              108.3446528,
              22.874937
            ]
          ]
        ]
      }
    },
    {
      "type": "Feature",
      "id": "way/839669653",
      "properties": {
        "name": "绿城生态文化点 park",
        "category": "绿城生态文化点",
        "tags": [
          "leisure:park"
        ],
        "osmType": "way",
        "osmId": 839669653,
        "osmSource": "overpass",
        "cultureText": "来自 OSM/Overpass 的南宁生态文化相关公共空间。",
        "greenScore": 86,
        "quietScore": 70
      },
      "geometry": {
        "type": "Polygon",
        "coordinates": [
          [
            [
              108.3420732,
              22.8840002
            ],
            [
              108.3423207,
              22.8835054
            ],
            [
              108.3418817,
              22.8818748
            ],
            [
              108.3416482,
              22.8814446
            ],
            [
              108.3411952,
              22.8809756
            ],
            [
              108.3408496,
              22.8808637
            ],
            [
              108.3405974,
              22.8804162
            ],
            [
              108.3404807,
              22.880128
            ],
            [
              108.3400417,
              22.8799258
            ],
            [
              108.339075,
              22.8795945
            ],
            [
              108.3388976,
              22.8797709
            ],
            [
              108.3388602,
              22.8804378
            ],
            [
              108.338524,
              22.8808981
            ],
            [
              108.3377814,
              22.8798913
            ],
            [
              108.3378048,
              22.8796074
            ],
            [
              108.3372444,
              22.8788114
            ],
            [
              108.3371977,
              22.8786608
            ],
            [
              108.3375106,
              22.8776368
            ],
            [
              108.3378238,
              22.8773589
            ],
            [
              108.3388509,
              22.8775206
            ],
            [
              108.338622,
              22.8781058
            ],
            [
              108.3386267,
              22.8782434
            ],
            [
              108.3389303,
              22.8783037
            ],
            [
              108.3391497,
              22.8785231
            ],
            [
              108.3398409,
              22.8786393
            ],
            [
              108.3403686,
              22.8787942
            ],
            [
              108.3408216,
              22.8787425
            ],
            [
              108.3410084,
              22.8790997
            ],
            [
              108.3413727,
              22.8794008
            ],
            [
              108.3416248,
              22.879801
            ],
            [
              108.3422133,
              22.8802958
            ],
            [
              108.3428857,
              22.8810573
            ],
            [
              108.3431519,
              22.8816339
            ],
            [
              108.343208,
              22.8827525
            ],
            [
              108.3435395,
              22.8834581
            ],
            [
              108.343773,
              22.8839873
            ],
            [
              108.3429091,
              22.884168
            ],
            [
              108.3424468,
              22.8841981
            ],
            [
              108.3420732,
              22.8840002
            ]
          ]
        ]
      }
    },
    {
      "type": "Feature",
      "id": "way/839669680",
      "properties": {
        "name": "绿城生态文化点 park",
        "category": "绿城生态文化点",
        "tags": [
          "leisure:park"
        ],
        "osmType": "way",
        "osmId": 839669680,
        "osmSource": "overpass",
        "cultureText": "来自 OSM/Overpass 的南宁生态文化相关公共空间。",
        "greenScore": 86,
        "quietScore": 70
      },
      "geometry": {
        "type": "Polygon",
        "coordinates": [
          [
            [
              108.3578858,
              22.8660285
            ],
            [
              108.3577872,
              22.8657275
            ],
            [
              108.3559509,
              22.866108
            ],
            [
              108.35588,
              22.8664089
            ],
            [
              108.3563298,
              22.8664032
            ],
            [
              108.3578858,
              22.8660285
            ]
          ]
        ]
      }
    },
    {
      "type": "Feature",
      "id": "way/839669738",
      "properties": {
        "name": "绿城生态文化点 park",
        "category": "绿城生态文化点",
        "tags": [
          "leisure:park"
        ],
        "osmType": "way",
        "osmId": 839669738,
        "osmSource": "overpass",
        "cultureText": "来自 OSM/Overpass 的南宁生态文化相关公共空间。",
        "greenScore": 86,
        "quietScore": 70
      },
      "geometry": {
        "type": "Polygon",
        "coordinates": [
          [
            [
              108.3500047,
              22.8774773
            ],
            [
              108.3500778,
              22.8787621
            ],
            [
              108.3499152,
              22.8794588
            ],
            [
              108.3496876,
              22.8799008
            ],
            [
              108.3495737,
              22.8803652
            ],
            [
              108.349838,
              22.8809008
            ],
            [
              108.3502648,
              22.881414
            ],
            [
              108.3506714,
              22.8820732
            ],
            [
              108.3511674,
              22.8824852
            ],
            [
              108.3513422,
              22.8824702
            ],
            [
              108.3518138,
              22.8829422
            ],
            [
              108.3498786,
              22.8830658
            ],
            [
              108.3496103,
              22.8826987
            ],
            [
              108.3489761,
              22.8817286
            ],
            [
              108.3487972,
              22.8814102
            ],
            [
              108.3485248,
              22.8802191
            ],
            [
              108.3480329,
              22.8795225
            ],
            [
              108.3479882,
              22.8791854
            ],
            [
              108.3476995,
              22.8789494
            ],
            [
              108.3482159,
              22.8783651
            ],
            [
              108.3474841,
              22.876893
            ],
            [
              108.3471385,
              22.8770391
            ],
            [
              108.3466832,
              22.8763424
            ],
            [
              108.3454066,
              22.8763499
            ],
            [
              108.3449838,
              22.8760727
            ],
            [
              108.3447643,
              22.8758143
            ],
            [
              108.3446911,
              22.8756045
            ],
            [
              108.3453294,
              22.8755745
            ],
            [
              108.3461059,
              22.8757169
            ],
            [
              108.3465409,
              22.8755858
            ],
            [
              108.3471995,
              22.8755558
            ],
            [
              108.3478784,
              22.8759154
            ],
            [
              108.3488582,
              22.8774137
            ],
            [
              108.3500047,
              22.8774773
            ]
          ]
        ]
      }
    },
    {
      "type": "Feature",
      "id": "way/839698883",
      "properties": {
        "name": "绿城生态文化点 park",
        "category": "绿城生态文化点",
        "tags": [
          "leisure:park"
        ],
        "osmType": "way",
        "osmId": 839698883,
        "osmSource": "overpass",
        "cultureText": "来自 OSM/Overpass 的南宁生态文化相关公共空间。",
        "greenScore": 86,
        "quietScore": 70
      },
      "geometry": {
        "type": "Polygon",
        "coordinates": [
          [
            [
              108.3166238,
              22.822686
            ],
            [
              108.3162665,
              22.8225763
            ],
            [
              108.315475,
              22.8229717
            ],
            [
              108.3154455,
              22.8229544
            ],
            [
              108.3160182,
              22.8219878
            ],
            [
              108.3160598,
              22.8219667
            ],
            [
              108.3161067,
              22.8219803
            ],
            [
              108.3166238,
              22.822686
            ]
          ]
        ]
      }
    },
    {
      "type": "Feature",
      "id": "way/839698930",
      "properties": {
        "name": "绿城生态文化点 park",
        "category": "绿城生态文化点",
        "tags": [
          "leisure:park"
        ],
        "osmType": "way",
        "osmId": 839698930,
        "osmSource": "overpass",
        "cultureText": "来自 OSM/Overpass 的南宁生态文化相关公共空间。",
        "greenScore": 86,
        "quietScore": 70
      },
      "geometry": {
        "type": "Polygon",
        "coordinates": [
          [
            [
              108.306989,
              22.8143146
            ],
            [
              108.3055057,
              22.8135358
            ],
            [
              108.305149,
              22.8139907
            ],
            [
              108.3052804,
              22.8141638
            ],
            [
              108.3060609,
              22.8145618
            ],
            [
              108.3065357,
              22.8145767
            ],
            [
              108.306989,
              22.8143146
            ]
          ]
        ]
      }
    },
    {
      "type": "Feature",
      "id": "way/839711920",
      "properties": {
        "name": "明秀广场",
        "category": "绿城生态文化点",
        "tags": [
          "leisure:park"
        ],
        "osmType": "way",
        "osmId": 839711920,
        "osmSource": "overpass",
        "cultureText": "来自 OSM/Overpass 的南宁生态文化相关公共空间。",
        "greenScore": 86,
        "quietScore": 70
      },
      "geometry": {
        "type": "Polygon",
        "coordinates": [
          [
            [
              108.3124688,
              22.8451928
            ],
            [
              108.312934,
              22.8454285
            ],
            [
              108.3125292,
              22.8476948
            ],
            [
              108.3124073,
              22.8476891
            ],
            [
              108.312388,
              22.8478425
            ],
            [
              108.3123448,
              22.8478503
            ],
            [
              108.3123238,
              22.8479412
            ],
            [
              108.3123776,
              22.8480068
            ],
            [
              108.3123111,
              22.8481292
            ],
            [
              108.3119961,
              22.8480531
            ],
            [
              108.3124688,
              22.8451928
            ]
          ]
        ]
      }
    },
    {
      "type": "Feature",
      "id": "way/839711943",
      "properties": {
        "name": "绿城生态文化点 park",
        "category": "绿城生态文化点",
        "tags": [
          "leisure:park"
        ],
        "osmType": "way",
        "osmId": 839711943,
        "osmSource": "overpass",
        "cultureText": "来自 OSM/Overpass 的南宁生态文化相关公共空间。",
        "greenScore": 86,
        "quietScore": 70
      },
      "geometry": {
        "type": "Polygon",
        "coordinates": [
          [
            [
              108.3144194,
              22.8337307
            ],
            [
              108.3151697,
              22.834096
            ],
            [
              108.3155379,
              22.8337393
            ],
            [
              108.316156,
              22.8332979
            ],
            [
              108.314981,
              22.8327956
            ],
            [
              108.3144194,
              22.8337307
            ]
          ]
        ]
      }
    },
    {
      "type": "Feature",
      "id": "way/839711957",
      "properties": {
        "name": "绿城生态文化点 park",
        "category": "绿城生态文化点",
        "tags": [
          "leisure:park"
        ],
        "osmType": "way",
        "osmId": 839711957,
        "osmSource": "overpass",
        "cultureText": "来自 OSM/Overpass 的南宁生态文化相关公共空间。",
        "greenScore": 86,
        "quietScore": 70
      },
      "geometry": {
        "type": "Polygon",
        "coordinates": [
          [
            [
              108.2814071,
              22.8339973
            ],
            [
              108.2813072,
              22.8334025
            ],
            [
              108.2827442,
              22.8331977
            ],
            [
              108.282844,
              22.8337923
            ],
            [
              108.2814071,
              22.8339973
            ]
          ]
        ]
      }
    },
    {
      "type": "Feature",
      "id": "way/839721587",
      "properties": {
        "name": "骠国乐",
        "category": "景观点",
        "tags": [
          "amenity:theatre",
          "tourism:attraction"
        ],
        "osmType": "way",
        "osmId": 839721587,
        "osmSource": "overpass",
        "cultureText": "来自 OSM/Overpass 的南宁生态文化相关公共空间。",
        "greenScore": 74,
        "quietScore": 70
      },
      "geometry": {
        "type": "Polygon",
        "coordinates": [
          [
            [
              108.4072947,
              22.7657048
            ],
            [
              108.407076,
              22.7658241
            ],
            [
              108.4068726,
              22.7657844
            ],
            [
              108.4067247,
              22.7655628
            ],
            [
              108.4067709,
              22.7653923
            ],
            [
              108.4070113,
              22.7652417
            ],
            [
              108.4072362,
              22.7652985
            ],
            [
              108.4073779,
              22.7655031
            ],
            [
              108.4072947,
              22.7657048
            ]
          ]
        ]
      }
    },
    {
      "type": "Feature",
      "id": "way/839721589",
      "properties": {
        "name": "景观点 attraction",
        "category": "景观点",
        "tags": [
          "tourism:attraction"
        ],
        "osmType": "way",
        "osmId": 839721589,
        "osmSource": "overpass",
        "cultureText": "来自 OSM/Overpass 的南宁生态文化相关公共空间。",
        "greenScore": 74,
        "quietScore": 70
      },
      "geometry": {
        "type": "Polygon",
        "coordinates": [
          [
            [
              108.4098017,
              22.7672233
            ],
            [
              108.4098059,
              22.7672369
            ],
            [
              108.4098031,
              22.7672516
            ],
            [
              108.4097899,
              22.7672595
            ],
            [
              108.4097658,
              22.7672603
            ],
            [
              108.4096686,
              22.7672497
            ],
            [
              108.4095937,
              22.7672278
            ],
            [
              108.4095424,
              22.7672228
            ],
            [
              108.4093981,
              22.7672257
            ],
            [
              108.4093653,
              22.7672314
            ],
            [
              108.4092661,
              22.7672673
            ],
            [
              108.409253,
              22.7672708
            ],
            [
              108.4092419,
              22.767271
            ],
            [
              108.4092316,
              22.767265
            ],
            [
              108.4092262,
              22.7672556
            ],
            [
              108.4092257,
              22.7672422
            ],
            [
              108.4092322,
              22.767228
            ],
            [
              108.4093171,
              22.7671335
            ],
            [
              108.4093508,
              22.767112
            ],
            [
              108.4095013,
              22.7670465
            ],
            [
              108.4096589,
              22.7669921
            ],
            [
              108.4096943,
              22.766994
            ],
            [
              108.4097224,
              22.7669975
            ],
            [
              108.4097346,
              22.7670108
            ],
            [
              108.4097394,
              22.7670264
            ],
            [
              108.4097297,
              22.7670439
            ],
            [
              108.4097108,
              22.7670588
            ],
            [
              108.4096557,
              22.7670842
            ],
            [
              108.4096382,
              22.7670972
            ],
            [
              108.4096275,
              22.7671287
            ],
            [
              108.4096322,
              22.7671563
            ],
            [
              108.4096552,
              22.7671827
            ],
            [
              108.4096995,
              22.7672077
            ],
            [
              108.4097329,
              22.7672156
            ],
            [
              108.4097796,
              22.767216
            ],
            [
              108.4098017,
              22.7672233
            ]
          ]
        ]
      }
    },
    {
      "type": "Feature",
      "id": "way/839721605",
      "properties": {
        "name": "景观点 attraction",
        "category": "景观点",
        "tags": [
          "tourism:attraction"
        ],
        "osmType": "way",
        "osmId": 839721605,
        "osmSource": "overpass",
        "cultureText": "来自 OSM/Overpass 的南宁生态文化相关公共空间。",
        "greenScore": 74,
        "quietScore": 70
      },
      "geometry": {
        "type": "LineString",
        "coordinates": [
          [
            108.4149765,
            22.7656862
          ],
          [
            108.4154606,
            22.7659432
          ]
        ]
      }
    },
    {
      "type": "Feature",
      "id": "way/839721606",
      "properties": {
        "name": "景观点 attraction",
        "category": "景观点",
        "tags": [
          "tourism:attraction"
        ],
        "osmType": "way",
        "osmId": 839721606,
        "osmSource": "overpass",
        "cultureText": "来自 OSM/Overpass 的南宁生态文化相关公共空间。",
        "greenScore": 74,
        "quietScore": 70
      },
      "geometry": {
        "type": "LineString",
        "coordinates": [
          [
            108.4154606,
            22.7659432
          ],
          [
            108.4155142,
            22.7659546
          ],
          [
            108.4155743,
            22.7659404
          ],
          [
            108.4155666,
            22.7658708
          ],
          [
            108.4155034,
            22.7658026
          ],
          [
            108.414935,
            22.765493
          ],
          [
            108.4148148,
            22.7654887
          ],
          [
            108.414499,
            22.7655711
          ],
          [
            108.4143403,
            22.7656279
          ],
          [
            108.4142063,
            22.7657032
          ],
          [
            108.4140676,
            22.7658438
          ],
          [
            108.4139583,
            22.7658623
          ],
          [
            108.4138951,
            22.7658467
          ],
          [
            108.4138319,
            22.7658055
          ],
          [
            108.4138366,
            22.7657288
          ],
          [
            108.4138766,
            22.7656705
          ],
          [
            108.4139798,
            22.7656379
          ],
          [
            108.4141539,
            22.7656507
          ],
          [
            108.4142556,
            22.7656279
          ],
          [
            108.4146453,
            22.765483
          ],
          [
            108.414824,
            22.7654447
          ],
          [
            108.4149873,
            22.7654773
          ],
          [
            108.4156467,
            22.7658367
          ],
          [
            108.4157145,
            22.7659007
          ],
          [
            108.4157175,
            22.7659745
          ],
          [
            108.415659,
            22.7660313
          ],
          [
            108.4155558,
            22.7660583
          ],
          [
            108.4153802,
            22.7659916
          ],
          [
            108.4152585,
            22.7659063
          ],
          [
            108.4152277,
            22.7657856
          ],
          [
            108.4152015,
            22.7656663
          ]
        ]
      }
    },
    {
      "type": "Feature",
      "id": "way/839721607",
      "properties": {
        "name": "景观点 attraction",
        "category": "景观点",
        "tags": [
          "tourism:attraction"
        ],
        "osmType": "way",
        "osmId": 839721607,
        "osmSource": "overpass",
        "cultureText": "来自 OSM/Overpass 的南宁生态文化相关公共空间。",
        "greenScore": 74,
        "quietScore": 70
      },
      "geometry": {
        "type": "LineString",
        "coordinates": [
          [
            108.41465,
            22.7655697
          ],
          [
            108.4149765,
            22.7656862
          ]
        ]
      }
    },
    {
      "type": "Feature",
      "id": "way/839721608",
      "properties": {
        "name": "景观点 attraction",
        "category": "景观点",
        "tags": [
          "tourism:attraction"
        ],
        "osmType": "way",
        "osmId": 839721608,
        "osmSource": "overpass",
        "cultureText": "来自 OSM/Overpass 的南宁生态文化相关公共空间。",
        "greenScore": 74,
        "quietScore": 70
      },
      "geometry": {
        "type": "LineString",
        "coordinates": [
          [
            108.415166,
            22.7655271
          ],
          [
            108.4150967,
            22.7654234
          ],
          [
            108.415032,
            22.7653964
          ],
          [
            108.4149288,
            22.7653765
          ],
          [
            108.4147424,
            22.7653893
          ],
          [
            108.4146299,
            22.7654291
          ],
          [
            108.4145252,
            22.765493
          ],
          [
            108.4142294,
            22.765608
          ],
          [
            108.4141308,
            22.7656166
          ],
          [
            108.4139999,
            22.7656123
          ],
          [
            108.4138997,
            22.7656407
          ],
          [
            108.4138335,
            22.7656819
          ],
          [
            108.4138058,
            22.7657387
          ],
          [
            108.4138196,
            22.7658282
          ],
          [
            108.4139105,
            22.7658978
          ],
          [
            108.4140137,
            22.7658893
          ],
          [
            108.41412,
            22.7658282
          ],
          [
            108.4142402,
            22.765716
          ],
          [
            108.41465,
            22.7655697
          ]
        ]
      }
    },
    {
      "type": "Feature",
      "id": "way/839721609",
      "properties": {
        "name": "景观点 attraction",
        "category": "景观点",
        "tags": [
          "tourism:attraction"
        ],
        "osmType": "way",
        "osmId": 839721609,
        "osmSource": "overpass",
        "cultureText": "来自 OSM/Overpass 的南宁生态文化相关公共空间。",
        "greenScore": 74,
        "quietScore": 70
      },
      "geometry": {
        "type": "LineString",
        "coordinates": [
          [
            108.4152015,
            22.7656663
          ],
          [
            108.415166,
            22.7655271
          ]
        ]
      }
    },
    {
      "type": "Feature",
      "id": "way/839721612",
      "properties": {
        "name": "景观点 attraction",
        "category": "景观点",
        "tags": [
          "tourism:attraction"
        ],
        "osmType": "way",
        "osmId": 839721612,
        "osmSource": "overpass",
        "cultureText": "来自 OSM/Overpass 的南宁生态文化相关公共空间。",
        "greenScore": 74,
        "quietScore": 70
      },
      "geometry": {
        "type": "Polygon",
        "coordinates": [
          [
            [
              108.4149793,
              22.7667245
            ],
            [
              108.4144874,
              22.7663009
            ],
            [
              108.4144711,
              22.766239
            ],
            [
              108.4144122,
              22.7662372
            ],
            [
              108.414335,
              22.7662859
            ],
            [
              108.4142902,
              22.7662859
            ],
            [
              108.4142577,
              22.7662184
            ],
            [
              108.4142435,
              22.7660985
            ],
            [
              108.4141784,
              22.7660329
            ],
            [
              108.4141073,
              22.7660479
            ],
            [
              108.4140809,
              22.766091
            ],
            [
              108.414091,
              22.7661509
            ],
            [
              108.4141703,
              22.7662597
            ],
            [
              108.4144955,
              22.7666833
            ],
            [
              108.4144752,
              22.7667545
            ],
            [
              108.4144244,
              22.7667882
            ],
            [
              108.4143431,
              22.7667639
            ],
            [
              108.4143146,
              22.7666758
            ],
            [
              108.4142882,
              22.7665614
            ],
            [
              108.414215,
              22.7665296
            ],
            [
              108.4141134,
              22.7665164
            ],
            [
              108.4140727,
              22.7664827
            ],
            [
              108.4140646,
              22.7664152
            ],
            [
              108.414026,
              22.7663721
            ],
            [
              108.4139691,
              22.7663665
            ],
            [
              108.4139081,
              22.7664059
            ],
            [
              108.4139121,
              22.7664565
            ],
            [
              108.4139833,
              22.7665146
            ],
            [
              108.4140036,
              22.7665708
            ],
            [
              108.413965,
              22.7666411
            ],
            [
              108.4138573,
              22.7666439
            ],
            [
              108.413839,
              22.7666908
            ],
            [
              108.4138451,
              22.7667657
            ],
            [
              108.4139162,
              22.7667845
            ],
            [
              108.4140138,
              22.7667114
            ],
            [
              108.4141296,
              22.7667226
            ],
            [
              108.414211,
              22.7667789
            ],
            [
              108.4142557,
              22.7668782
            ],
            [
              108.414276,
              22.766955
            ],
            [
              108.4143268,
              22.7669944
            ],
            [
              108.4143858,
              22.7670038
            ],
            [
              108.4144935,
              22.766955
            ],
            [
              108.4145586,
              22.7669475
            ],
            [
              108.4146175,
              22.7669925
            ],
            [
              108.4146094,
              22.7670675
            ],
            [
              108.4146378,
              22.7671144
            ],
            [
              108.4146988,
              22.7671219
            ],
            [
              108.4147374,
              22.7670863
            ],
            [
              108.4147435,
              22.7670019
            ],
            [
              108.4146825,
              22.7669288
            ],
            [
              108.4146602,
              22.7668744
            ],
            [
              108.4146907,
              22.7668145
            ],
            [
              108.4147354,
              22.7668051
            ],
            [
              108.4148187,
              22.7668726
            ],
            [
              108.4149305,
              22.7669888
            ],
            [
              108.41502,
              22.7670469
            ],
            [
              108.4150911,
              22.767045
            ],
            [
              108.4151582,
              22.7670075
            ],
            [
              108.4151562,
              22.7668988
            ],
            [
              108.4150972,
              22.7668088
            ],
            [
              108.4149793,
              22.7667245
            ]
          ]
        ]
      }
    },
    {
      "type": "Feature",
      "id": "way/839721622",
      "properties": {
        "name": "文化艺术点 theatre",
        "category": "文化艺术点",
        "tags": [
          "amenity:theatre"
        ],
        "osmType": "way",
        "osmId": 839721622,
        "osmSource": "overpass",
        "cultureText": "来自 OSM/Overpass 的南宁生态文化相关公共空间。",
        "greenScore": 74,
        "quietScore": 70
      },
      "geometry": {
        "type": "Polygon",
        "coordinates": [
          [
            [
              108.4119461,
              22.7637238
            ],
            [
              108.4119877,
              22.7636629
            ],
            [
              108.4120067,
              22.7635932
            ],
            [
              108.4120013,
              22.7635214
            ],
            [
              108.4119721,
              22.7634548
            ],
            [
              108.4119218,
              22.7633998
            ],
            [
              108.4118556,
              22.7633618
            ],
            [
              108.4117798,
              22.7633447
            ],
            [
              108.4117021,
              22.7633501
            ],
            [
              108.4116232,
              22.7633815
            ],
            [
              108.4115606,
              22.7634357
            ],
            [
              108.4115218,
              22.7635064
            ],
            [
              108.4115114,
              22.763585
            ],
            [
              108.4115307,
              22.7636622
            ],
            [
              108.4115774,
              22.7637287
            ],
            [
              108.4116459,
              22.7637765
            ],
            [
              108.4117279,
              22.7638
            ],
            [
              108.4118137,
              22.7637963
            ],
            [
              108.4118862,
              22.7637697
            ],
            [
              108.4119461,
              22.7637238
            ]
          ]
        ]
      }
    },
    {
      "type": "Feature",
      "id": "way/839738500",
      "properties": {
        "name": "桃花岛",
        "category": "绿城生态文化点",
        "tags": [
          "leisure:park"
        ],
        "osmType": "way",
        "osmId": 839738500,
        "osmSource": "overpass",
        "cultureText": "来自 OSM/Overpass 的南宁生态文化相关公共空间。",
        "greenScore": 86,
        "quietScore": 70
      },
      "geometry": {
        "type": "Polygon",
        "coordinates": [
          [
            [
              108.4488691,
              22.7518102
            ],
            [
              108.4487771,
              22.7518461
            ],
            [
              108.4486957,
              22.75182
            ],
            [
              108.4486568,
              22.7517449
            ],
            [
              108.4486922,
              22.7516372
            ],
            [
              108.4486745,
              22.7514936
            ],
            [
              108.4486214,
              22.7514055
            ],
            [
              108.4486568,
              22.7513467
            ],
            [
              108.4487523,
              22.7513533
            ],
            [
              108.4489541,
              22.7515295
            ],
            [
              108.4489612,
              22.7515817
            ],
            [
              108.4488691,
              22.7518102
            ]
          ]
        ]
      }
    },
    {
      "type": "Feature",
      "id": "way/839767730",
      "properties": {
        "name": "江南公园",
        "category": "绿城生态文化点",
        "tags": [
          "leisure:park"
        ],
        "osmType": "way",
        "osmId": 839767730,
        "osmSource": "overpass",
        "cultureText": "来自 OSM/Overpass 的南宁生态文化相关公共空间。",
        "greenScore": 86,
        "quietScore": 70
      },
      "geometry": {
        "type": "Polygon",
        "coordinates": [
          [
            [
              108.2780501,
              22.792112
            ],
            [
              108.2786939,
              22.7915458
            ],
            [
              108.2798526,
              22.7909449
            ],
            [
              108.2809944,
              22.7906005
            ],
            [
              108.2822953,
              22.790589
            ],
            [
              108.282339,
              22.7905443
            ],
            [
              108.2822773,
              22.7904281
            ],
            [
              108.282111,
              22.7902401
            ],
            [
              108.2816067,
              22.7898569
            ],
            [
              108.2755516,
              22.7857062
            ],
            [
              108.2744941,
              22.7849327
            ],
            [
              108.2744719,
              22.7859259
            ],
            [
              108.2731968,
              22.7859657
            ],
            [
              108.2725725,
              22.7855224
            ],
            [
              108.270815,
              22.785859
            ],
            [
              108.270142,
              22.7864441
            ],
            [
              108.2682462,
              22.7864892
            ],
            [
              108.2682321,
              22.7872202
            ],
            [
              108.268947,
              22.7881273
            ],
            [
              108.2701291,
              22.789204
            ],
            [
              108.271835,
              22.7901568
            ],
            [
              108.2754308,
              22.7912857
            ],
            [
              108.2780501,
              22.792112
            ]
          ]
        ]
      }
    },
    {
      "type": "Feature",
      "id": "way/842734659",
      "properties": {
        "name": "三街两巷人民剧院",
        "category": "文化艺术点",
        "tags": [
          "amenity:theatre"
        ],
        "osmType": "way",
        "osmId": 842734659,
        "osmSource": "overpass",
        "cultureText": "来自 OSM/Overpass 的南宁生态文化相关公共空间。",
        "greenScore": 74,
        "quietScore": 70
      },
      "geometry": {
        "type": "Polygon",
        "coordinates": [
          [
            [
              108.314761,
              22.8170812
            ],
            [
              108.3148765,
              22.8169218
            ],
            [
              108.315091,
              22.817054
            ],
            [
              108.3149755,
              22.8172133
            ],
            [
              108.3149542,
              22.8172002
            ],
            [
              108.3149212,
              22.8172457
            ],
            [
              108.3147465,
              22.8171382
            ],
            [
              108.3147796,
              22.8170926
            ],
            [
              108.314761,
              22.8170812
            ]
          ]
        ]
      }
    },
    {
      "type": "Feature",
      "id": "way/848672834",
      "properties": {
        "name": "仙葫广场",
        "category": "绿城生态文化点",
        "tags": [
          "leisure:park"
        ],
        "osmType": "way",
        "osmId": 848672834,
        "osmSource": "overpass",
        "cultureText": "来自 OSM/Overpass 的南宁生态文化相关公共空间。",
        "greenScore": 86,
        "quietScore": 70
      },
      "geometry": {
        "type": "Polygon",
        "coordinates": [
          [
            [
              108.4473947,
              22.8117973
            ],
            [
              108.4471763,
              22.8112153
            ],
            [
              108.4458445,
              22.8111408
            ],
            [
              108.445803,
              22.8117121
            ],
            [
              108.4458618,
              22.8117441
            ],
            [
              108.4473947,
              22.8117973
            ]
          ]
        ]
      }
    },
    {
      "type": "Feature",
      "id": "way/849394283",
      "properties": {
        "name": "超音速国际卡丁车赛车场",
        "category": "景观点",
        "tags": [
          "leisure:sports_centre",
          "tourism:attraction"
        ],
        "osmType": "way",
        "osmId": 849394283,
        "osmSource": "overpass",
        "cultureText": "来自 OSM/Overpass 的南宁生态文化相关公共空间。",
        "greenScore": 86,
        "quietScore": 70
      },
      "geometry": {
        "type": "Polygon",
        "coordinates": [
          [
            [
              108.4897,
              22.9053612
            ],
            [
              108.4895323,
              22.9052448
            ],
            [
              108.4894833,
              22.9051564
            ],
            [
              108.489816,
              22.9045744
            ],
            [
              108.4898603,
              22.9044457
            ],
            [
              108.4900231,
              22.9035834
            ],
            [
              108.4899505,
              22.9035507
            ],
            [
              108.4901293,
              22.90299
            ],
            [
              108.4901983,
              22.903003
            ],
            [
              108.4906006,
              22.901862
            ],
            [
              108.4908807,
              22.9007296
            ],
            [
              108.4909657,
              22.9006834
            ],
            [
              108.4911945,
              22.9007517
            ],
            [
              108.49136,
              22.900858
            ],
            [
              108.4914995,
              22.9010266
            ],
            [
              108.492238,
              22.9018153
            ],
            [
              108.4922903,
              22.9019157
            ],
            [
              108.4923099,
              22.9020642
            ],
            [
              108.4922729,
              22.9022227
            ],
            [
              108.4920741,
              22.9026301
            ],
            [
              108.4920146,
              22.9026835
            ],
            [
              108.4919491,
              22.9027125
            ],
            [
              108.4918372,
              22.9027245
            ],
            [
              108.4909178,
              22.9027775
            ],
            [
              108.4908187,
              22.9030628
            ],
            [
              108.4908197,
              22.9031021
            ],
            [
              108.4908263,
              22.9031441
            ],
            [
              108.4908548,
              22.9031947
            ],
            [
              108.4910048,
              22.9033208
            ],
            [
              108.4907508,
              22.9040475
            ],
            [
              108.490917,
              22.9040921
            ],
            [
              108.4907173,
              22.9047353
            ],
            [
              108.4905844,
              22.9046992
            ],
            [
              108.4900354,
              22.9049962
            ],
            [
              108.4899047,
              22.9051829
            ],
            [
              108.4898524,
              22.9051648
            ],
            [
              108.4897,
              22.9053612
            ]
          ]
        ]
      }
    },
    {
      "type": "Feature",
      "id": "way/868527527",
      "properties": {
        "name": "绿城生态文化点 garden",
        "category": "绿城生态文化点",
        "tags": [
          "leisure:garden"
        ],
        "osmType": "way",
        "osmId": 868527527,
        "osmSource": "overpass",
        "cultureText": "来自 OSM/Overpass 的南宁生态文化相关公共空间。",
        "greenScore": 86,
        "quietScore": 70
      },
      "geometry": {
        "type": "Polygon",
        "coordinates": [
          [
            [
              108.4047335,
              22.8453157
            ],
            [
              108.4053504,
              22.8451995
            ],
            [
              108.4053451,
              22.8451724
            ],
            [
              108.4047174,
              22.8450883
            ],
            [
              108.4047335,
              22.8453157
            ]
          ]
        ]
      }
    },
    {
      "type": "Feature",
      "id": "way/868527528",
      "properties": {
        "name": "绿城生态文化点 garden",
        "category": "绿城生态文化点",
        "tags": [
          "leisure:garden"
        ],
        "osmType": "way",
        "osmId": 868527528,
        "osmSource": "overpass",
        "cultureText": "来自 OSM/Overpass 的南宁生态文化相关公共空间。",
        "greenScore": 86,
        "quietScore": 70
      },
      "geometry": {
        "type": "Polygon",
        "coordinates": [
          [
            [
              108.4065601,
              22.8452218
            ],
            [
              108.4065574,
              22.845291
            ],
            [
              108.4054443,
              22.8453652
            ],
            [
              108.4047684,
              22.8454047
            ],
            [
              108.4054551,
              22.8452663
            ],
            [
              108.4065601,
              22.8452218
            ]
          ]
        ]
      }
    },
    {
      "type": "Feature",
      "id": "way/868527529",
      "properties": {
        "name": "绿城生态文化点 garden",
        "category": "绿城生态文化点",
        "tags": [
          "leisure:garden"
        ],
        "osmType": "way",
        "osmId": 868527529,
        "osmSource": "overpass",
        "cultureText": "来自 OSM/Overpass 的南宁生态文化相关公共空间。",
        "greenScore": 86,
        "quietScore": 70
      },
      "geometry": {
        "type": "Polygon",
        "coordinates": [
          [
            [
              108.4065521,
              22.844196
            ],
            [
              108.4059942,
              22.8442504
            ],
            [
              108.4054041,
              22.8443171
            ],
            [
              108.4053397,
              22.844154
            ],
            [
              108.4061712,
              22.8441021
            ],
            [
              108.406544,
              22.8441169
            ],
            [
              108.4065521,
              22.844196
            ]
          ]
        ]
      }
    },
    {
      "type": "Feature",
      "id": "way/868527530",
      "properties": {
        "name": "绿城生态文化点 garden",
        "category": "绿城生态文化点",
        "tags": [
          "leisure:garden"
        ],
        "osmType": "way",
        "osmId": 868527530,
        "osmSource": "overpass",
        "cultureText": "来自 OSM/Overpass 的南宁生态文化相关公共空间。",
        "greenScore": 86,
        "quietScore": 70
      },
      "geometry": {
        "type": "Polygon",
        "coordinates": [
          [
            [
              108.4065601,
              22.8449721
            ],
            [
              108.4065574,
              22.8450611
            ],
            [
              108.4052888,
              22.845076
            ],
            [
              108.4047523,
              22.8450216
            ],
            [
              108.4041569,
              22.844898
            ],
            [
              108.4041569,
              22.8448634
            ],
            [
              108.4052914,
              22.8449276
            ],
            [
              108.4065601,
              22.8449721
            ]
          ]
        ]
      }
    },
    {
      "type": "Feature",
      "id": "way/868527531",
      "properties": {
        "name": "绿城生态文化点 garden",
        "category": "绿城生态文化点",
        "tags": [
          "leisure:garden"
        ],
        "osmType": "way",
        "osmId": 868527531,
        "osmSource": "overpass",
        "cultureText": "来自 OSM/Overpass 的南宁生态文化相关公共空间。",
        "greenScore": 86,
        "quietScore": 70
      },
      "geometry": {
        "type": "Polygon",
        "coordinates": [
          [
            [
              108.4065682,
              22.8445013
            ],
            [
              108.4065709,
              22.8445544
            ],
            [
              108.4050554,
              22.844636
            ],
            [
              108.4041864,
              22.8446459
            ],
            [
              108.4065682,
              22.8445013
            ]
          ]
        ]
      }
    },
    {
      "type": "Feature",
      "id": "way/868527532",
      "properties": {
        "name": "绿城生态文化点 garden",
        "category": "绿城生态文化点",
        "tags": [
          "leisure:garden"
        ],
        "osmType": "way",
        "osmId": 868527532,
        "osmSource": "overpass",
        "cultureText": "来自 OSM/Overpass 的南宁生态文化相关公共空间。",
        "greenScore": 86,
        "quietScore": 70
      },
      "geometry": {
        "type": "Polygon",
        "coordinates": [
          [
            [
              108.4065682,
              22.8447892
            ],
            [
              108.4065708,
              22.8448634
            ],
            [
              108.4049615,
              22.8448362
            ],
            [
              108.4040818,
              22.8447868
            ],
            [
              108.4040737,
              22.8447521
            ],
            [
              108.4049723,
              22.8447645
            ],
            [
              108.4065682,
              22.8447892
            ]
          ]
        ]
      }
    },
    {
      "type": "Feature",
      "id": "way/897173422",
      "properties": {
        "name": "绿城生态文化点 park",
        "category": "绿城生态文化点",
        "tags": [
          "leisure:park"
        ],
        "osmType": "way",
        "osmId": 897173422,
        "osmSource": "overpass",
        "cultureText": "来自 OSM/Overpass 的南宁生态文化相关公共空间。",
        "greenScore": 86,
        "quietScore": 70
      },
      "geometry": {
        "type": "Polygon",
        "coordinates": [
          [
            [
              108.36751,
              22.7825252
            ],
            [
              108.3667457,
              22.782023
            ],
            [
              108.3666763,
              22.7819584
            ],
            [
              108.3666641,
              22.7819225
            ],
            [
              108.3666444,
              22.7818642
            ],
            [
              108.366668,
              22.7817735
            ],
            [
              108.3668168,
              22.781635
            ],
            [
              108.3672577,
              22.7813791
            ],
            [
              108.367341,
              22.7813614
            ],
            [
              108.3674256,
              22.7813654
            ],
            [
              108.3674868,
              22.7813823
            ],
            [
              108.3675395,
              22.7814062
            ],
            [
              108.3675829,
              22.7814517
            ],
            [
              108.3676039,
              22.7815029
            ],
            [
              108.3676656,
              22.7817692
            ],
            [
              108.3677159,
              22.7819358
            ],
            [
              108.3677864,
              22.7820873
            ],
            [
              108.3678159,
              22.7822015
            ],
            [
              108.3678104,
              22.7824054
            ],
            [
              108.3678393,
              22.7824424
            ],
            [
              108.368182,
              22.782427
            ],
            [
              108.3682203,
              22.7823772
            ],
            [
              108.3681668,
              22.7820703
            ],
            [
              108.368173,
              22.7819654
            ],
            [
              108.3682026,
              22.7817958
            ],
            [
              108.3682016,
              22.7816886
            ],
            [
              108.3681481,
              22.7813428
            ],
            [
              108.3681528,
              22.7812192
            ],
            [
              108.3682012,
              22.7811586
            ],
            [
              108.3682925,
              22.7811083
            ],
            [
              108.3686689,
              22.7811201
            ],
            [
              108.3686567,
              22.7815
            ],
            [
              108.3686394,
              22.7821101
            ],
            [
              108.3691326,
              22.782122
            ],
            [
              108.3691193,
              22.7826411
            ],
            [
              108.3691013,
              22.7826991
            ],
            [
              108.3690539,
              22.7827492
            ],
            [
              108.3689646,
              22.7827883
            ],
            [
              108.3687726,
              22.7827997
            ],
            [
              108.3683139,
              22.7827453
            ],
            [
              108.3678318,
              22.7826664
            ],
            [
              108.36751,
              22.7825252
            ]
          ]
        ]
      }
    },
    {
      "type": "Feature",
      "id": "way/911702136",
      "properties": {
        "name": "柳沙公园",
        "category": "绿城生态文化点",
        "tags": [
          "leisure:park"
        ],
        "osmType": "way",
        "osmId": 911702136,
        "osmSource": "overpass",
        "cultureText": "来自 OSM/Overpass 的南宁生态文化相关公共空间。",
        "greenScore": 86,
        "quietScore": 70
      },
      "geometry": {
        "type": "Polygon",
        "coordinates": [
          [
            [
              108.3277332,
              22.7772013
            ],
            [
              108.3278184,
              22.7775577
            ],
            [
              108.3279158,
              22.7776459
            ],
            [
              108.3280446,
              22.7779681
            ],
            [
              108.3286569,
              22.7788978
            ],
            [
              108.3296259,
              22.7801825
            ],
            [
              108.329787,
              22.7804869
            ],
            [
              108.3303203,
              22.7810109
            ],
            [
              108.3306966,
              22.7812241
            ],
            [
              108.3311107,
              22.7814459
            ],
            [
              108.3321503,
              22.7819996
            ],
            [
              108.3341564,
              22.7828816
            ],
            [
              108.3346919,
              22.7830326
            ],
            [
              108.3359237,
              22.7833543
            ],
            [
              108.3377936,
              22.7837519
            ],
            [
              108.3382531,
              22.7824271
            ],
            [
              108.3367031,
              22.7824316
            ],
            [
              108.3360857,
              22.7824129
            ],
            [
              108.3354507,
              22.7823223
            ],
            [
              108.334907,
              22.7822065
            ],
            [
              108.3342436,
              22.7820285
            ],
            [
              108.3338904,
              22.7819182
            ],
            [
              108.3333041,
              22.7816651
            ],
            [
              108.3327328,
              22.7813753
            ],
            [
              108.3313892,
              22.7806158
            ],
            [
              108.3313016,
              22.7805565
            ],
            [
              108.3312325,
              22.7804902
            ],
            [
              108.3311269,
              22.7803795
            ],
            [
              108.3310094,
              22.7802258
            ],
            [
              108.3308505,
              22.7799322
            ],
            [
              108.3307938,
              22.7797497
            ],
            [
              108.3307608,
              22.7795212
            ],
            [
              108.3306888,
              22.7779718
            ],
            [
              108.3306473,
              22.7779076
            ],
            [
              108.3305526,
              22.7778359
            ],
            [
              108.3306285,
              22.7774995
            ],
            [
              108.3306715,
              22.7774683
            ],
            [
              108.3306944,
              22.7774014
            ],
            [
              108.3307793,
              22.7769765
            ],
            [
              108.3310289,
              22.7764269
            ],
            [
              108.3312883,
              22.7760168
            ],
            [
              108.3314782,
              22.7758093
            ],
            [
              108.3316046,
              22.7756647
            ],
            [
              108.3320683,
              22.7753102
            ],
            [
              108.3323817,
              22.7750968
            ],
            [
              108.3333781,
              22.7743849
            ],
            [
              108.3335075,
              22.7742797
            ],
            [
              108.3336222,
              22.7741405
            ],
            [
              108.3336857,
              22.7740202
            ],
            [
              108.3337483,
              22.7738552
            ],
            [
              108.3338078,
              22.7737078
            ],
            [
              108.3339286,
              22.7732336
            ],
            [
              108.3340356,
              22.7729714
            ],
            [
              108.3341556,
              22.7727465
            ],
            [
              108.3342329,
              22.7726149
            ],
            [
              108.3344367,
              22.7723584
            ],
            [
              108.334646,
              22.7721292
            ],
            [
              108.3349006,
              22.7719143
            ],
            [
              108.3350664,
              22.7718242
            ],
            [
              108.3348747,
              22.7711625
            ],
            [
              108.3342734,
              22.7712963
            ],
            [
              108.333565,
              22.7713935
            ],
            [
              108.3317765,
              22.7719675
            ],
            [
              108.3317043,
              22.7721317
            ],
            [
              108.3315953,
              22.7721637
            ],
            [
              108.3314699,
              22.7720654
            ],
            [
              108.3309312,
              22.772351
            ],
            [
              108.3298012,
              22.7731071
            ],
            [
              108.3286597,
              22.77394
            ],
            [
              108.3285862,
              22.7740727
            ],
            [
              108.3284914,
              22.7743879
            ],
            [
              108.3284754,
              22.7745653
            ],
            [
              108.3281078,
              22.7757479
            ],
            [
              108.3278195,
              22.77644
            ],
            [
              108.3277332,
              22.7772013
            ]
          ]
        ]
      }
    },
    {
      "type": "Feature",
      "id": "way/912502441",
      "properties": {
        "name": "绿城生态文化点 park",
        "category": "绿城生态文化点",
        "tags": [
          "leisure:park"
        ],
        "osmType": "way",
        "osmId": 912502441,
        "osmSource": "overpass",
        "cultureText": "来自 OSM/Overpass 的南宁生态文化相关公共空间。",
        "greenScore": 86,
        "quietScore": 70
      },
      "geometry": {
        "type": "Polygon",
        "coordinates": [
          [
            [
              108.3163199,
              22.807392
            ],
            [
              108.3161617,
              22.8082714
            ],
            [
              108.3162064,
              22.8085959
            ],
            [
              108.3162001,
              22.808912
            ],
            [
              108.3160371,
              22.8091992
            ],
            [
              108.3157735,
              22.8095836
            ],
            [
              108.3156249,
              22.8099504
            ],
            [
              108.3153085,
              22.8103657
            ],
            [
              108.3150497,
              22.8108385
            ],
            [
              108.3145512,
              22.8112715
            ],
            [
              108.3142444,
              22.8117089
            ],
            [
              108.3137651,
              22.8121198
            ],
            [
              108.3132714,
              22.8121331
            ],
            [
              108.3123415,
              22.8122612
            ],
            [
              108.3112007,
              22.8122568
            ],
            [
              108.3103762,
              22.8121463
            ],
            [
              108.3092786,
              22.8117708
            ],
            [
              108.3076249,
              22.8109357
            ],
            [
              108.3077543,
              22.8107457
            ],
            [
              108.3096333,
              22.8113819
            ],
            [
              108.3106159,
              22.811647
            ],
            [
              108.311239,
              22.811731
            ],
            [
              108.3118574,
              22.8116205
            ],
            [
              108.312677,
              22.8111831
            ],
            [
              108.3133433,
              22.8106264
            ],
            [
              108.3140814,
              22.8099018
            ],
            [
              108.3150838,
              22.8086876
            ],
            [
              108.3154349,
              22.8080516
            ],
            [
              108.3155805,
              22.8073353
            ],
            [
              108.3163199,
              22.807392
            ]
          ]
        ]
      }
    },
    {
      "type": "Feature",
      "id": "way/914377918",
      "properties": {
        "name": "南宁警察博物馆",
        "category": "博物馆",
        "tags": [
          "tourism:museum"
        ],
        "osmType": "way",
        "osmId": 914377918,
        "osmSource": "overpass",
        "cultureText": "来自 OSM/Overpass 的南宁生态文化相关公共空间。",
        "greenScore": 74,
        "quietScore": 70
      },
      "geometry": {
        "type": "Polygon",
        "coordinates": [
          [
            [
              108.2129176,
              22.8377635
            ],
            [
              108.2129193,
              22.8373805
            ],
            [
              108.2131649,
              22.8373814
            ],
            [
              108.2131645,
              22.8374594
            ],
            [
              108.2132294,
              22.8372956
            ],
            [
              108.2136302,
              22.8372944
            ],
            [
              108.2137379,
              22.8374427
            ],
            [
              108.2137382,
              22.8373772
            ],
            [
              108.2140025,
              22.8373783
            ],
            [
              108.2140007,
              22.8377676
            ],
            [
              108.2129176,
              22.8377635
            ]
          ]
        ]
      }
    },
    {
      "type": "Feature",
      "id": "way/914953316",
      "properties": {
        "name": "广西钱币博物馆",
        "category": "博物馆",
        "tags": [
          "tourism:museum"
        ],
        "osmType": "way",
        "osmId": 914953316,
        "osmSource": "overpass",
        "cultureText": "来自 OSM/Overpass 的南宁生态文化相关公共空间。",
        "greenScore": 74,
        "quietScore": 70
      },
      "geometry": {
        "type": "Polygon",
        "coordinates": [
          [
            [
              108.3260054,
              22.8059169
            ],
            [
              108.3260169,
              22.8059576
            ],
            [
              108.3260134,
              22.8059996
            ],
            [
              108.3260055,
              22.8060163
            ],
            [
              108.3259952,
              22.8060382
            ],
            [
              108.3259644,
              22.8060691
            ],
            [
              108.3259242,
              22.8060891
            ],
            [
              108.3258792,
              22.8060959
            ],
            [
              108.3258347,
              22.806089
            ],
            [
              108.3257951,
              22.8060692
            ],
            [
              108.3257646,
              22.8060387
            ],
            [
              108.3257463,
              22.8060008
            ],
            [
              108.3257423,
              22.8059594
            ],
            [
              108.325753,
              22.8059191
            ],
            [
              108.3257772,
              22.805884
            ],
            [
              108.3258124,
              22.8058581
            ],
            [
              108.3258547,
              22.805844
            ],
            [
              108.3259004,
              22.8058433
            ],
            [
              108.3259437,
              22.8058565
            ],
            [
              108.3259801,
              22.8058819
            ],
            [
              108.3260054,
              22.8059169
            ]
          ]
        ]
      }
    },
    {
      "type": "Feature",
      "id": "way/915092145",
      "properties": {
        "name": "绿城生态文化点 park",
        "category": "绿城生态文化点",
        "tags": [
          "leisure:park"
        ],
        "osmType": "way",
        "osmId": 915092145,
        "osmSource": "overpass",
        "cultureText": "来自 OSM/Overpass 的南宁生态文化相关公共空间。",
        "greenScore": 86,
        "quietScore": 70
      },
      "geometry": {
        "type": "Polygon",
        "coordinates": [
          [
            [
              108.3338799,
              22.8173433
            ],
            [
              108.3338773,
              22.8161545
            ],
            [
              108.3347287,
              22.8161505
            ],
            [
              108.3353084,
              22.8161478
            ],
            [
              108.3355,
              22.8167501
            ],
            [
              108.3356378,
              22.8172397
            ],
            [
              108.3356346,
              22.8173409
            ],
            [
              108.3350067,
              22.8175014
            ],
            [
              108.3350087,
              22.8173466
            ],
            [
              108.3342864,
              22.817341
            ],
            [
              108.3342569,
              22.8173419
            ],
            [
              108.3342305,
              22.8173426
            ],
            [
              108.3339187,
              22.8173434
            ],
            [
              108.3338993,
              22.8173433
            ],
            [
              108.3338799,
              22.8173433
            ]
          ]
        ]
      }
    },
    {
      "type": "Feature",
      "id": "way/915110720",
      "properties": {
        "name": "金湖广场（北区）",
        "category": "绿城生态文化点",
        "tags": [
          "leisure:park"
        ],
        "osmType": "way",
        "osmId": 915110720,
        "osmSource": "overpass",
        "cultureText": "来自 OSM/Overpass 的南宁生态文化相关公共空间。",
        "greenScore": 86,
        "quietScore": 70
      },
      "geometry": {
        "type": "Polygon",
        "coordinates": [
          [
            [
              108.3670517,
              22.8174908
            ],
            [
              108.3670318,
              22.817656
            ],
            [
              108.3669743,
              22.8177867
            ],
            [
              108.3668774,
              22.8179135
            ],
            [
              108.3667533,
              22.8180185
            ],
            [
              108.3666079,
              22.8180968
            ],
            [
              108.3664478,
              22.8181447
            ],
            [
              108.366323,
              22.8181563
            ],
            [
              108.3662802,
              22.8181581
            ],
            [
              108.3662426,
              22.8181562
            ],
            [
              108.366113,
              22.8181425
            ],
            [
              108.3659536,
              22.8180924
            ],
            [
              108.3658094,
              22.8180122
            ],
            [
              108.3656871,
              22.8179056
            ],
            [
              108.3655868,
              22.817791
            ],
            [
              108.3655195,
              22.8176398
            ],
            [
              108.3654873,
              22.8174794
            ],
            [
              108.3654848,
              22.8171082
            ],
            [
              108.3655046,
              22.8167807
            ],
            [
              108.3655049,
              22.8165728
            ],
            [
              108.3655491,
              22.8165729
            ],
            [
              108.3655492,
              22.8165282
            ],
            [
              108.3655501,
              22.8160094
            ],
            [
              108.3655745,
              22.8159703
            ],
            [
              108.3656014,
              22.815937
            ],
            [
              108.3656615,
              22.8158974
            ],
            [
              108.3657467,
              22.8158736
            ],
            [
              108.3668311,
              22.8158755
            ],
            [
              108.366896,
              22.8158866
            ],
            [
              108.3669432,
              22.8159271
            ],
            [
              108.3669815,
              22.815992
            ],
            [
              108.3669988,
              22.8160703
            ],
            [
              108.3669999,
              22.8163839
            ],
            [
              108.3669996,
              22.8165748
            ],
            [
              108.3670532,
              22.8165749
            ],
            [
              108.3670524,
              22.8170338
            ],
            [
              108.3670521,
              22.8172344
            ],
            [
              108.3670517,
              22.8174908
            ]
          ]
        ]
      }
    },
    {
      "type": "Feature",
      "id": "way/915110721",
      "properties": {
        "name": "金湖广场（南区）",
        "category": "绿城生态文化点",
        "tags": [
          "leisure:park"
        ],
        "osmType": "way",
        "osmId": 915110721,
        "osmSource": "overpass",
        "cultureText": "来自 OSM/Overpass 的南宁生态文化相关公共空间。",
        "greenScore": 86,
        "quietScore": 70
      },
      "geometry": {
        "type": "Polygon",
        "coordinates": [
          [
            [
              108.3656181,
              22.8154567
            ],
            [
              108.3655603,
              22.8154319
            ],
            [
              108.3655314,
              22.815392
            ],
            [
              108.365517,
              22.8153305
            ],
            [
              108.3655474,
              22.8147381
            ],
            [
              108.3655898,
              22.8146275
            ],
            [
              108.3656484,
              22.8145054
            ],
            [
              108.365718,
              22.8144156
            ],
            [
              108.3658027,
              22.8143373
            ],
            [
              108.3659275,
              22.8142599
            ],
            [
              108.3660646,
              22.8142217
            ],
            [
              108.3662613,
              22.8142017
            ],
            [
              108.3664327,
              22.8142117
            ],
            [
              108.3666113,
              22.8142765
            ],
            [
              108.3667485,
              22.8143547
            ],
            [
              108.3668513,
              22.8144512
            ],
            [
              108.366909,
              22.814536
            ],
            [
              108.3669686,
              22.8146641
            ],
            [
              108.3670065,
              22.8148104
            ],
            [
              108.3670245,
              22.8149967
            ],
            [
              108.3670203,
              22.815332
            ],
            [
              108.3669933,
              22.8153886
            ],
            [
              108.36695,
              22.8154235
            ],
            [
              108.3668904,
              22.8154434
            ],
            [
              108.3656181,
              22.8154567
            ]
          ]
        ]
      }
    },
    {
      "type": "Feature",
      "id": "way/915315534",
      "properties": {
        "name": "绿城生态文化点 park",
        "category": "绿城生态文化点",
        "tags": [
          "leisure:park"
        ],
        "osmType": "way",
        "osmId": 915315534,
        "osmSource": "overpass",
        "cultureText": "来自 OSM/Overpass 的南宁生态文化相关公共空间。",
        "greenScore": 86,
        "quietScore": 70
      },
      "geometry": {
        "type": "Polygon",
        "coordinates": [
          [
            [
              108.338911,
              22.8002634
            ],
            [
              108.3390599,
              22.800305
            ],
            [
              108.3391158,
              22.8003075
            ],
            [
              108.3391501,
              22.8002959
            ],
            [
              108.3392286,
              22.8000563
            ],
            [
              108.338939,
              22.7999831
            ],
            [
              108.3389272,
              22.8000364
            ],
            [
              108.3389417,
              22.8001087
            ],
            [
              108.3389372,
              22.8001644
            ],
            [
              108.3389272,
              22.8002127
            ],
            [
              108.338911,
              22.8002634
            ]
          ]
        ]
      }
    },
    {
      "type": "Feature",
      "id": "way/915321914",
      "properties": {
        "name": "绿城生态文化点 garden",
        "category": "绿城生态文化点",
        "tags": [
          "leisure:garden"
        ],
        "osmType": "way",
        "osmId": 915321914,
        "osmSource": "overpass",
        "cultureText": "来自 OSM/Overpass 的南宁生态文化相关公共空间。",
        "greenScore": 86,
        "quietScore": 70
      },
      "geometry": {
        "type": "Polygon",
        "coordinates": [
          [
            [
              108.3249389,
              22.8058262
            ],
            [
              108.3248152,
              22.8058765
            ],
            [
              108.3249541,
              22.8060912
            ],
            [
              108.325278,
              22.8059206
            ],
            [
              108.3249389,
              22.8058262
            ]
          ]
        ]
      }
    },
    {
      "type": "Feature",
      "id": "way/915333948",
      "properties": {
        "name": "绿城生态文化点 park",
        "category": "绿城生态文化点",
        "tags": [
          "leisure:park"
        ],
        "osmType": "way",
        "osmId": 915333948,
        "osmSource": "overpass",
        "cultureText": "来自 OSM/Overpass 的南宁生态文化相关公共空间。",
        "greenScore": 86,
        "quietScore": 70
      },
      "geometry": {
        "type": "Polygon",
        "coordinates": [
          [
            [
              108.3413915,
              22.8129168
            ],
            [
              108.3421034,
              22.8129191
            ],
            [
              108.3421073,
              22.8119135
            ],
            [
              108.3413953,
              22.8119112
            ],
            [
              108.3413915,
              22.8129168
            ]
          ]
        ]
      }
    },
    {
      "type": "Feature",
      "id": "way/915709113",
      "properties": {
        "name": "绿城生态文化点 park",
        "category": "绿城生态文化点",
        "tags": [
          "leisure:park"
        ],
        "osmType": "way",
        "osmId": 915709113,
        "osmSource": "overpass",
        "cultureText": "来自 OSM/Overpass 的南宁生态文化相关公共空间。",
        "greenScore": 86,
        "quietScore": 70
      },
      "geometry": {
        "type": "Polygon",
        "coordinates": [
          [
            [
              108.323504,
              22.8051607
            ],
            [
              108.3234662,
              22.8051493
            ],
            [
              108.3235089,
              22.8050333
            ],
            [
              108.3235823,
              22.804831
            ],
            [
              108.323968,
              22.8049514
            ],
            [
              108.324067,
              22.8049838
            ],
            [
              108.3241526,
              22.8050117
            ],
            [
              108.3241647,
              22.8049803
            ],
            [
              108.3242326,
              22.8048034
            ],
            [
              108.3242682,
              22.804815
            ],
            [
              108.3243027,
              22.8047251
            ],
            [
              108.3245614,
              22.8048102
            ],
            [
              108.3244595,
              22.8050912
            ],
            [
              108.3246277,
              22.8051439
            ],
            [
              108.3246021,
              22.8052135
            ],
            [
              108.3247916,
              22.8052721
            ],
            [
              108.3246809,
              22.8055585
            ],
            [
              108.3246235,
              22.8055409
            ],
            [
              108.3245817,
              22.8056524
            ],
            [
              108.3245659,
              22.8056739
            ],
            [
              108.3245179,
              22.8056759
            ],
            [
              108.3244342,
              22.8056455
            ],
            [
              108.3241915,
              22.805557
            ],
            [
              108.3237959,
              22.8054088
            ],
            [
              108.3235636,
              22.805355
            ],
            [
              108.3234675,
              22.8053256
            ],
            [
              108.3234564,
              22.8053087
            ],
            [
              108.3234702,
              22.8052508
            ],
            [
              108.323504,
              22.8051607
            ]
          ]
        ]
      }
    },
    {
      "type": "Feature",
      "id": "way/915709117",
      "properties": {
        "name": "绿城生态文化点 garden",
        "category": "绿城生态文化点",
        "tags": [
          "leisure:garden"
        ],
        "osmType": "way",
        "osmId": 915709117,
        "osmSource": "overpass",
        "cultureText": "来自 OSM/Overpass 的南宁生态文化相关公共空间。",
        "greenScore": 86,
        "quietScore": 70
      },
      "geometry": {
        "type": "Polygon",
        "coordinates": [
          [
            [
              108.3237501,
              22.804503
            ],
            [
              108.3245232,
              22.8047498
            ],
            [
              108.3246469,
              22.8044205
            ],
            [
              108.3238738,
              22.8041736
            ],
            [
              108.3237501,
              22.804503
            ]
          ]
        ]
      }
    },
    {
      "type": "Feature",
      "id": "way/915737493",
      "properties": {
        "name": "绿城生态文化点 park",
        "category": "绿城生态文化点",
        "tags": [
          "leisure:park"
        ],
        "osmType": "way",
        "osmId": 915737493,
        "osmSource": "overpass",
        "cultureText": "来自 OSM/Overpass 的南宁生态文化相关公共空间。",
        "greenScore": 86,
        "quietScore": 70
      },
      "geometry": {
        "type": "Polygon",
        "coordinates": [
          [
            [
              108.3542071,
              22.8049996
            ],
            [
              108.3545871,
              22.8052127
            ],
            [
              108.3547176,
              22.805015
            ],
            [
              108.3543376,
              22.8048018
            ],
            [
              108.3542071,
              22.8049996
            ]
          ]
        ]
      }
    },
    {
      "type": "Feature",
      "id": "way/915737494",
      "properties": {
        "name": "绿城生态文化点 park",
        "category": "绿城生态文化点",
        "tags": [
          "leisure:park"
        ],
        "osmType": "way",
        "osmId": 915737494,
        "osmSource": "overpass",
        "cultureText": "来自 OSM/Overpass 的南宁生态文化相关公共空间。",
        "greenScore": 86,
        "quietScore": 70
      },
      "geometry": {
        "type": "Polygon",
        "coordinates": [
          [
            [
              108.3532177,
              22.8033901
            ],
            [
              108.3531201,
              22.8033292
            ],
            [
              108.3531452,
              22.8032917
            ],
            [
              108.3527966,
              22.803092
            ],
            [
              108.3527371,
              22.8031802
            ],
            [
              108.3525668,
              22.803086
            ],
            [
              108.3526368,
              22.802964
            ],
            [
              108.3524956,
              22.8028927
            ],
            [
              108.3526064,
              22.8027654
            ],
            [
              108.3533544,
              22.803199
            ],
            [
              108.3532177,
              22.8033901
            ]
          ]
        ]
      }
    },
    {
      "type": "Feature",
      "id": "way/916587090",
      "properties": {
        "name": "绿城生态文化点 park",
        "category": "绿城生态文化点",
        "tags": [
          "leisure:park"
        ],
        "osmType": "way",
        "osmId": 916587090,
        "osmSource": "overpass",
        "cultureText": "来自 OSM/Overpass 的南宁生态文化相关公共空间。",
        "greenScore": 86,
        "quietScore": 70
      },
      "geometry": {
        "type": "Polygon",
        "coordinates": [
          [
            [
              108.3285679,
              22.8023994
            ],
            [
              108.3285232,
              22.8023553
            ],
            [
              108.3284481,
              22.8023078
            ],
            [
              108.3284052,
              22.8022742
            ],
            [
              108.3284052,
              22.802197
            ],
            [
              108.3279524,
              22.8016966
            ],
            [
              108.3279482,
              22.8016372
            ],
            [
              108.3280748,
              22.8015047
            ],
            [
              108.3281799,
              22.8015027
            ],
            [
              108.3285425,
              22.8017164
            ],
            [
              108.3285146,
              22.8017658
            ],
            [
              108.3286691,
              22.801835
            ],
            [
              108.3286865,
              22.8018559
            ],
            [
              108.3286761,
              22.8018869
            ],
            [
              108.3285259,
              22.8018443
            ],
            [
              108.3284895,
              22.8019534
            ],
            [
              108.3287975,
              22.8020408
            ],
            [
              108.3288082,
              22.8020089
            ],
            [
              108.3292582,
              22.8021364
            ],
            [
              108.3292943,
              22.8020282
            ],
            [
              108.3293691,
              22.8020647
            ],
            [
              108.3294313,
              22.8021808
            ],
            [
              108.3294267,
              22.802278
            ],
            [
              108.3293989,
              22.802279
            ],
            [
              108.3291308,
              22.8022757
            ],
            [
              108.3291311,
              22.8022547
            ],
            [
              108.3285921,
              22.8022481
            ],
            [
              108.3285909,
              22.8023354
            ],
            [
              108.3286131,
              22.8023357
            ],
            [
              108.3286126,
              22.8023708
            ],
            [
              108.3285679,
              22.8023994
            ]
          ]
        ]
      }
    },
    {
      "type": "Feature",
      "id": "way/920857594",
      "properties": {
        "name": "绿城生态文化点 park",
        "category": "绿城生态文化点",
        "tags": [
          "leisure:park"
        ],
        "osmType": "way",
        "osmId": 920857594,
        "osmSource": "overpass",
        "cultureText": "来自 OSM/Overpass 的南宁生态文化相关公共空间。",
        "greenScore": 86,
        "quietScore": 70
      },
      "geometry": {
        "type": "Polygon",
        "coordinates": [
          [
            [
              108.3441848,
              22.7991627
            ],
            [
              108.3444827,
              22.7991416
            ],
            [
              108.3447766,
              22.7991119
            ],
            [
              108.3450427,
              22.7990902
            ],
            [
              108.3452509,
              22.7990783
            ],
            [
              108.3454375,
              22.7990743
            ],
            [
              108.3454912,
              22.7990664
            ],
            [
              108.3455234,
              22.7990466
            ],
            [
              108.345566,
              22.7989725
            ],
            [
              108.3451979,
              22.799009
            ],
            [
              108.3451654,
              22.7989558
            ],
            [
              108.3451618,
              22.7988128
            ],
            [
              108.3451041,
              22.798683
            ],
            [
              108.344985,
              22.7985999
            ],
            [
              108.3447144,
              22.7985366
            ],
            [
              108.344505,
              22.7984202
            ],
            [
              108.3441117,
              22.7982788
            ],
            [
              108.3440937,
              22.7985195
            ],
            [
              108.3440997,
              22.7987445
            ],
            [
              108.344122,
              22.798921
            ],
            [
              108.3441581,
              22.7989826
            ],
            [
              108.3441713,
              22.7991014
            ],
            [
              108.3441848,
              22.7991627
            ]
          ]
        ]
      }
    },
    {
      "type": "Feature",
      "id": "way/922510618",
      "properties": {
        "name": "中华大戏院",
        "category": "文化艺术点",
        "tags": [
          "amenity:theatre"
        ],
        "osmType": "way",
        "osmId": 922510618,
        "osmSource": "overpass",
        "cultureText": "来自 OSM/Overpass 的南宁生态文化相关公共空间。",
        "greenScore": 74,
        "quietScore": 70
      },
      "geometry": {
        "type": "Polygon",
        "coordinates": [
          [
            [
              108.3155196,
              22.8167485
            ],
            [
              108.3157369,
              22.8168046
            ],
            [
              108.315863,
              22.8163895
            ],
            [
              108.3156457,
              22.8163333
            ],
            [
              108.3155196,
              22.8167485
            ]
          ]
        ]
      }
    },
    {
      "type": "Feature",
      "id": "way/922510624",
      "properties": {
        "name": "南宁建制博物馆",
        "category": "博物馆",
        "tags": [
          "tourism:museum"
        ],
        "osmType": "way",
        "osmId": 922510624,
        "osmSource": "overpass",
        "cultureText": "来自 OSM/Overpass 的南宁生态文化相关公共空间。",
        "greenScore": 74,
        "quietScore": 70
      },
      "geometry": {
        "type": "Polygon",
        "coordinates": [
          [
            [
              108.3174953,
              22.8163595
            ],
            [
              108.3175532,
              22.816228
            ],
            [
              108.317581,
              22.8162384
            ],
            [
              108.3175992,
              22.8161968
            ],
            [
              108.3178365,
              22.8162854
            ],
            [
              108.3178169,
              22.8163299
            ],
            [
              108.3178694,
              22.8163495
            ],
            [
              108.3178128,
              22.8164781
            ],
            [
              108.3174953,
              22.8163595
            ]
          ]
        ]
      }
    },
    {
      "type": "Feature",
      "id": "way/923038050",
      "properties": {
        "name": "绿城生态文化点 park",
        "category": "绿城生态文化点",
        "tags": [
          "leisure:park"
        ],
        "osmType": "way",
        "osmId": 923038050,
        "osmSource": "overpass",
        "cultureText": "来自 OSM/Overpass 的南宁生态文化相关公共空间。",
        "greenScore": 86,
        "quietScore": 70
      },
      "geometry": {
        "type": "Polygon",
        "coordinates": [
          [
            [
              108.333933,
              22.8028383
            ],
            [
              108.3333341,
              22.8026384
            ],
            [
              108.3336422,
              22.8019522
            ],
            [
              108.3342263,
              22.8021589
            ],
            [
              108.333933,
              22.8028383
            ]
          ]
        ]
      }
    },
    {
      "type": "Feature",
      "id": "way/988824890",
      "properties": {
        "name": "雪虹谷水上乐园",
        "category": "绿城生态文化点",
        "tags": [
          "leisure:water_park"
        ],
        "osmType": "way",
        "osmId": 988824890,
        "osmSource": "overpass",
        "cultureText": "来自 OSM/Overpass 的南宁生态文化相关公共空间。",
        "greenScore": 86,
        "quietScore": 70
      },
      "geometry": {
        "type": "Polygon",
        "coordinates": [
          [
            [
              108.5082498,
              22.7472042
            ],
            [
              108.5083444,
              22.7466962
            ],
            [
              108.5088038,
              22.746769
            ],
            [
              108.5087481,
              22.7470679
            ],
            [
              108.5089833,
              22.7471052
            ],
            [
              108.5090296,
              22.7468567
            ],
            [
              108.5091663,
              22.7468784
            ],
            [
              108.5090812,
              22.7473359
            ],
            [
              108.5082498,
              22.7472042
            ]
          ]
        ]
      }
    },
    {
      "type": "Feature",
      "id": "way/988845134",
      "properties": {
        "name": "信息楼",
        "category": "文化艺术点",
        "tags": [
          "amenity:arts_centre"
        ],
        "osmType": "way",
        "osmId": 988845134,
        "osmSource": "overpass",
        "cultureText": "来自 OSM/Overpass 的南宁生态文化相关公共空间。",
        "greenScore": 74,
        "quietScore": 70
      },
      "geometry": {
        "type": "Polygon",
        "coordinates": [
          [
            [
              108.4734623,
              22.7828943
            ],
            [
              108.4734875,
              22.7829083
            ],
            [
              108.4735599,
              22.7829479
            ],
            [
              108.4736545,
              22.7828034
            ],
            [
              108.4735575,
              22.7827495
            ],
            [
              108.4735784,
              22.7827176
            ],
            [
              108.4734143,
              22.7826263
            ],
            [
              108.4734432,
              22.7825822
            ],
            [
              108.4732599,
              22.7824803
            ],
            [
              108.4732385,
              22.782513
            ],
            [
              108.4732082,
              22.7824962
            ],
            [
              108.4730857,
              22.7826835
            ],
            [
              108.4731151,
              22.7826999
            ],
            [
              108.4730973,
              22.7827271
            ],
            [
              108.4733966,
              22.7828935
            ],
            [
              108.473414,
              22.7828668
            ],
            [
              108.4734623,
              22.7828943
            ]
          ]
        ]
      }
    },
    {
      "type": "Feature",
      "id": "way/990251926",
      "properties": {
        "name": "学生活动中心",
        "category": "绿城生态文化点",
        "tags": [
          "amenity:community_centre"
        ],
        "osmType": "way",
        "osmId": 990251926,
        "osmSource": "overpass",
        "cultureText": "来自 OSM/Overpass 的南宁生态文化相关公共空间。",
        "greenScore": 74,
        "quietScore": 70
      },
      "geometry": {
        "type": "Polygon",
        "coordinates": [
          [
            [
              108.4485638,
              22.7534674
            ],
            [
              108.4485491,
              22.7533443
            ],
            [
              108.4485444,
              22.7533
            ],
            [
              108.4493156,
              22.75323
            ],
            [
              108.4493285,
              22.7533539
            ],
            [
              108.4491666,
              22.7533683
            ],
            [
              108.4491711,
              22.7534117
            ],
            [
              108.4490587,
              22.7534217
            ],
            [
              108.4488534,
              22.75344
            ],
            [
              108.4485638,
              22.7534674
            ]
          ]
        ]
      }
    },
    {
      "type": "Feature",
      "id": "way/990866875",
      "properties": {
        "name": "绿城生态文化点 park",
        "category": "绿城生态文化点",
        "tags": [
          "leisure:park"
        ],
        "osmType": "way",
        "osmId": 990866875,
        "osmSource": "overpass",
        "cultureText": "来自 OSM/Overpass 的南宁生态文化相关公共空间。",
        "greenScore": 86,
        "quietScore": 70
      },
      "geometry": {
        "type": "Polygon",
        "coordinates": [
          [
            [
              108.4322324,
              22.7874734
            ],
            [
              108.4323184,
              22.7855017
            ],
            [
              108.432811,
              22.7855523
            ],
            [
              108.4337341,
              22.7855316
            ],
            [
              108.4339599,
              22.7855265
            ],
            [
              108.434262,
              22.7855217
            ],
            [
              108.434408,
              22.7855138
            ],
            [
              108.4344656,
              22.7854986
            ],
            [
              108.4347875,
              22.7854134
            ],
            [
              108.4349725,
              22.785299
            ],
            [
              108.4371552,
              22.7846104
            ],
            [
              108.438291,
              22.7842037
            ],
            [
              108.4387003,
              22.7840571
            ],
            [
              108.4392966,
              22.7838774
            ],
            [
              108.4395832,
              22.7838793
            ],
            [
              108.4401156,
              22.7838095
            ],
            [
              108.4404,
              22.7837322
            ],
            [
              108.4416575,
              22.7836461
            ],
            [
              108.4423133,
              22.7836648
            ],
            [
              108.4428281,
              22.7837361
            ],
            [
              108.4436932,
              22.7838776
            ],
            [
              108.4439936,
              22.7839914
            ],
            [
              108.4444465,
              22.7840809
            ],
            [
              108.4447097,
              22.784084
            ],
            [
              108.4453531,
              22.7842126
            ],
            [
              108.4463684,
              22.7844675
            ],
            [
              108.4472791,
              22.7848089
            ],
            [
              108.4480274,
              22.7851523
            ],
            [
              108.4484116,
              22.7853648
            ],
            [
              108.4485864,
              22.7855191
            ],
            [
              108.4491235,
              22.7858109
            ],
            [
              108.4492778,
              22.7858275
            ],
            [
              108.4502629,
              22.7864286
            ],
            [
              108.4509002,
              22.7867596
            ],
            [
              108.4519176,
              22.7873511
            ],
            [
              108.452816,
              22.7879315
            ],
            [
              108.452967,
              22.7880498
            ],
            [
              108.4530306,
              22.7881265
            ],
            [
              108.4530733,
              22.788178
            ],
            [
              108.4534885,
              22.7884443
            ],
            [
              108.4536471,
              22.78849
            ],
            [
              108.4537334,
              22.7885395
            ],
            [
              108.4551789,
              22.7895659
            ],
            [
              108.4567492,
              22.7905978
            ],
            [
              108.4568664,
              22.7906748
            ],
            [
              108.4560676,
              22.7916357
            ],
            [
              108.4555297,
              22.7912383
            ],
            [
              108.4546834,
              22.7906428
            ],
            [
              108.4540618,
              22.7903437
            ],
            [
              108.453196,
              22.789952
            ],
            [
              108.4524568,
              22.7894728
            ],
            [
              108.4515094,
              22.7889199
            ],
            [
              108.4510492,
              22.788561
            ],
            [
              108.4504879,
              22.788311
            ],
            [
              108.4495087,
              22.787996
            ],
            [
              108.449316,
              22.7879362
            ],
            [
              108.44918,
              22.7878438
            ],
            [
              108.4490582,
              22.7875818
            ],
            [
              108.4489084,
              22.7873154
            ],
            [
              108.4483625,
              22.7867907
            ],
            [
              108.4479481,
              22.7865917
            ],
            [
              108.447542,
              22.7863235
            ],
            [
              108.447461,
              22.7862148
            ],
            [
              108.4473226,
              22.7861364
            ],
            [
              108.4471606,
              22.7861387
            ],
            [
              108.4463656,
              22.7857869
            ],
            [
              108.4451638,
              22.7854199
            ],
            [
              108.4434521,
              22.7851086
            ],
            [
              108.4429255,
              22.7849757
            ],
            [
              108.4419141,
              22.7849906
            ],
            [
              108.4405717,
              22.7850322
            ],
            [
              108.439272,
              22.7852008
            ],
            [
              108.4380573,
              22.7854713
            ],
            [
              108.4376987,
              22.7856306
            ],
            [
              108.4366678,
              22.7859249
            ],
            [
              108.4358956,
              22.7862796
            ],
            [
              108.4351354,
              22.7866099
            ],
            [
              108.4344253,
              22.7869639
            ],
            [
              108.4333637,
              22.7872559
            ],
            [
              108.4327373,
              22.7874299
            ],
            [
              108.4322324,
              22.7874734
            ]
          ]
        ]
      }
    },
    {
      "type": "Feature",
      "id": "way/990866877",
      "properties": {
        "name": "绿城生态文化点 park",
        "category": "绿城生态文化点",
        "tags": [
          "leisure:park"
        ],
        "osmType": "way",
        "osmId": 990866877,
        "osmSource": "overpass",
        "cultureText": "来自 OSM/Overpass 的南宁生态文化相关公共空间。",
        "greenScore": 86,
        "quietScore": 70
      },
      "geometry": {
        "type": "Polygon",
        "coordinates": [
          [
            [
              108.4799778,
              22.7655426
            ],
            [
              108.4806752,
              22.7661625
            ],
            [
              108.4808392,
              22.766348
            ],
            [
              108.4815331,
              22.7669167
            ],
            [
              108.4818319,
              22.7671722
            ],
            [
              108.4821095,
              22.7673777
            ],
            [
              108.4823894,
              22.7675542
            ],
            [
              108.4826593,
              22.7676976
            ],
            [
              108.482941,
              22.7678192
            ],
            [
              108.4831055,
              22.7679095
            ],
            [
              108.483193,
              22.7680198
            ],
            [
              108.4832805,
              22.7682522
            ],
            [
              108.4834946,
              22.7690486
            ],
            [
              108.4837849,
              22.7706974
            ],
            [
              108.4840815,
              22.7721338
            ],
            [
              108.4846117,
              22.7736132
            ],
            [
              108.4858766,
              22.7769814
            ],
            [
              108.4864828,
              22.7787613
            ],
            [
              108.4867367,
              22.7797301
            ],
            [
              108.4869539,
              22.7809898
            ],
            [
              108.4870529,
              22.7825546
            ],
            [
              108.4868928,
              22.7840024
            ],
            [
              108.4866406,
              22.785163
            ],
            [
              108.4858782,
              22.786912
            ],
            [
              108.4852057,
              22.788089
            ],
            [
              108.4843349,
              22.7892137
            ],
            [
              108.4838207,
              22.7898391
            ],
            [
              108.4827481,
              22.790528
            ],
            [
              108.4818418,
              22.7893738
            ],
            [
              108.4823348,
              22.7891239
            ],
            [
              108.4827335,
              22.7888378
            ],
            [
              108.4829913,
              22.7885852
            ],
            [
              108.4835976,
              22.7878334
            ],
            [
              108.4841094,
              22.7869428
            ],
            [
              108.4842616,
              22.7867752
            ],
            [
              108.4844861,
              22.7862975
            ],
            [
              108.4844841,
              22.7861318
            ],
            [
              108.4851675,
              22.7847249
            ],
            [
              108.4852987,
              22.7842415
            ],
            [
              108.4853732,
              22.7837418
            ],
            [
              108.485416,
              22.7829372
            ],
            [
              108.4855033,
              22.7812889
            ],
            [
              108.4854964,
              22.7806564
            ],
            [
              108.4854033,
              22.7801182
            ],
            [
              108.4853942,
              22.7800191
            ],
            [
              108.4854179,
              22.7798614
            ],
            [
              108.4854183,
              22.779764
            ],
            [
              108.4853195,
              22.7793414
            ],
            [
              108.4848796,
              22.7780406
            ],
            [
              108.4839784,
              22.7755527
            ],
            [
              108.483498,
              22.7741556
            ],
            [
              108.4831621,
              22.7731785
            ],
            [
              108.4830995,
              22.7729988
            ],
            [
              108.4827356,
              22.7719607
            ],
            [
              108.4824818,
              22.7712396
            ],
            [
              108.482448,
              22.7711706
            ],
            [
              108.4823428,
              22.7709561
            ],
            [
              108.4816985,
              22.7696419
            ],
            [
              108.4811939,
              22.7688004
            ],
            [
              108.4799042,
              22.7672306
            ],
            [
              108.479186,
              22.7665541
            ],
            [
              108.4788436,
              22.7662697
            ],
            [
              108.4790102,
              22.7660676
            ],
            [
              108.4791094,
              22.7660364
            ],
            [
              108.4791657,
              22.7660125
            ],
            [
              108.4792104,
              22.7659797
            ],
            [
              108.479645,
              22.7655556
            ],
            [
              108.4797199,
              22.7655211
            ],
            [
              108.47979,
              22.7655146
            ],
            [
              108.479891,
              22.7655203
            ],
            [
              108.4799778,
              22.7655426
            ]
          ]
        ]
      }
    },
    {
      "type": "Feature",
      "id": "way/990866879",
      "properties": {
        "name": "绿城生态文化点 park",
        "category": "绿城生态文化点",
        "tags": [
          "leisure:park"
        ],
        "osmType": "way",
        "osmId": 990866879,
        "osmSource": "overpass",
        "cultureText": "来自 OSM/Overpass 的南宁生态文化相关公共空间。",
        "greenScore": 86,
        "quietScore": 70
      },
      "geometry": {
        "type": "Polygon",
        "coordinates": [
          [
            [
              108.4612204,
              22.7536544
            ],
            [
              108.461279,
              22.7538469
            ],
            [
              108.4613679,
              22.7540419
            ],
            [
              108.4616695,
              22.7543702
            ],
            [
              108.4622451,
              22.7549539
            ],
            [
              108.4624865,
              22.755097
            ],
            [
              108.4627305,
              22.7551599
            ],
            [
              108.4683869,
              22.7551827
            ],
            [
              108.4732406,
              22.7559969
            ],
            [
              108.4736453,
              22.7562773
            ],
            [
              108.4741496,
              22.7568116
            ],
            [
              108.4743212,
              22.757232
            ],
            [
              108.4743481,
              22.7586196
            ],
            [
              108.4739119,
              22.7587178
            ],
            [
              108.4738452,
              22.7585692
            ],
            [
              108.4737161,
              22.7579229
            ],
            [
              108.4736574,
              22.7576194
            ],
            [
              108.4736815,
              22.7572765
            ],
            [
              108.4735693,
              22.7569946
            ],
            [
              108.4733999,
              22.7569223
            ],
            [
              108.4733285,
              22.7567854
            ],
            [
              108.4731019,
              22.7565415
            ],
            [
              108.4728845,
              22.756524
            ],
            [
              108.472614,
              22.7563812
            ],
            [
              108.4723629,
              22.7562342
            ],
            [
              108.4718828,
              22.7561736
            ],
            [
              108.4710587,
              22.7561674
            ],
            [
              108.4698222,
              22.7560516
            ],
            [
              108.4685518,
              22.7557932
            ],
            [
              108.4676969,
              22.7556997
            ],
            [
              108.4667329,
              22.7556735
            ],
            [
              108.4657319,
              22.7555723
            ],
            [
              108.4652798,
              22.7556421
            ],
            [
              108.4651244,
              22.7556093
            ],
            [
              108.4642542,
              22.7556849
            ],
            [
              108.4639951,
              22.7557339
            ],
            [
              108.4637599,
              22.7557126
            ],
            [
              108.463444,
              22.7557758
            ],
            [
              108.4632706,
              22.7558254
            ],
            [
              108.4630367,
              22.7558409
            ],
            [
              108.4627851,
              22.7558184
            ],
            [
              108.4621398,
              22.7559405
            ],
            [
              108.4613161,
              22.7562709
            ],
            [
              108.460608,
              22.7564966
            ],
            [
              108.4599132,
              22.7567628
            ],
            [
              108.4594571,
              22.7569603
            ],
            [
              108.4594196,
              22.756568
            ],
            [
              108.4595021,
              22.75615
            ],
            [
              108.4596082,
              22.7557477
            ],
            [
              108.4598103,
              22.7553383
            ],
            [
              108.4601437,
              22.7548144
            ],
            [
              108.4605559,
              22.7543783
            ],
            [
              108.4612204,
              22.7536544
            ]
          ]
        ]
      }
    },
    {
      "type": "Feature",
      "id": "way/990866880",
      "properties": {
        "name": "绿城生态文化点 park",
        "category": "绿城生态文化点",
        "tags": [
          "leisure:park"
        ],
        "osmType": "way",
        "osmId": 990866880,
        "osmSource": "overpass",
        "cultureText": "来自 OSM/Overpass 的南宁生态文化相关公共空间。",
        "greenScore": 86,
        "quietScore": 70
      },
      "geometry": {
        "type": "Polygon",
        "coordinates": [
          [
            [
              108.4724922,
              22.7595235
            ],
            [
              108.4723644,
              22.7589732
            ],
            [
              108.4730201,
              22.7588452
            ],
            [
              108.4731834,
              22.7594473
            ],
            [
              108.4724922,
              22.7595235
            ]
          ]
        ]
      }
    },
    {
      "type": "Feature",
      "id": "way/990866881",
      "properties": {
        "name": "绿城生态文化点 park",
        "category": "绿城生态文化点",
        "tags": [
          "leisure:park"
        ],
        "osmType": "way",
        "osmId": 990866881,
        "osmSource": "overpass",
        "cultureText": "来自 OSM/Overpass 的南宁生态文化相关公共空间。",
        "greenScore": 86,
        "quietScore": 70
      },
      "geometry": {
        "type": "Polygon",
        "coordinates": [
          [
            [
              108.4827481,
              22.790528
            ],
            [
              108.4823676,
              22.7907806
            ],
            [
              108.4819076,
              22.7908825
            ],
            [
              108.4810948,
              22.7896947
            ],
            [
              108.4818418,
              22.7893738
            ],
            [
              108.4827481,
              22.790528
            ]
          ]
        ]
      }
    },
    {
      "type": "Feature",
      "id": "way/990866882",
      "properties": {
        "name": "绿城生态文化点 park",
        "category": "绿城生态文化点",
        "tags": [
          "leisure:park"
        ],
        "osmType": "way",
        "osmId": 990866882,
        "osmSource": "overpass",
        "cultureText": "来自 OSM/Overpass 的南宁生态文化相关公共空间。",
        "greenScore": 86,
        "quietScore": 70
      },
      "geometry": {
        "type": "Polygon",
        "coordinates": [
          [
            [
              108.4566822,
              22.7922109
            ],
            [
              108.4560676,
              22.7916357
            ],
            [
              108.4568664,
              22.7906748
            ],
            [
              108.4575462,
              22.7911823
            ],
            [
              108.4566822,
              22.7922109
            ]
          ]
        ]
      }
    },
    {
      "type": "Feature",
      "id": "way/990866883",
      "properties": {
        "name": "绿城生态文化点 park",
        "category": "绿城生态文化点",
        "tags": [
          "leisure:park"
        ],
        "osmType": "way",
        "osmId": 990866883,
        "osmSource": "overpass",
        "cultureText": "来自 OSM/Overpass 的南宁生态文化相关公共空间。",
        "greenScore": 86,
        "quietScore": 70
      },
      "geometry": {
        "type": "Polygon",
        "coordinates": [
          [
            [
              108.4741255,
              22.7593411
            ],
            [
              108.4744752,
              22.759201
            ],
            [
              108.4751961,
              22.7605137
            ],
            [
              108.4756329,
              22.7616883
            ],
            [
              108.4756851,
              22.7617668
            ],
            [
              108.4757465,
              22.761823
            ],
            [
              108.4758402,
              22.7618802
            ],
            [
              108.4759388,
              22.7619217
            ],
            [
              108.4765123,
              22.7621244
            ],
            [
              108.4789698,
              22.7632278
            ],
            [
              108.4791514,
              22.7633126
            ],
            [
              108.4793154,
              22.7634106
            ],
            [
              108.4800351,
              22.7639234
            ],
            [
              108.4802728,
              22.7641113
            ],
            [
              108.4803902,
              22.7642535
            ],
            [
              108.4807517,
              22.7648965
            ],
            [
              108.4809537,
              22.7650627
            ],
            [
              108.4812251,
              22.7653855
            ],
            [
              108.4814083,
              22.7655602
            ],
            [
              108.4815838,
              22.7656639
            ],
            [
              108.481776,
              22.7657809
            ],
            [
              108.481907,
              22.7658692
            ],
            [
              108.4820219,
              22.765907
            ],
            [
              108.4821382,
              22.7659036
            ],
            [
              108.4822591,
              22.7658677
            ],
            [
              108.482364,
              22.7658066
            ],
            [
              108.4824572,
              22.7657334
            ],
            [
              108.4826679,
              22.7654689
            ],
            [
              108.4827259,
              22.7653815
            ],
            [
              108.4828471,
              22.7651943
            ],
            [
              108.4830815,
              22.7648352
            ],
            [
              108.483174,
              22.7647002
            ],
            [
              108.4832424,
              22.7644909
            ],
            [
              108.4832919,
              22.764305
            ],
            [
              108.4833139,
              22.7639572
            ],
            [
              108.4833279,
              22.7637999
            ],
            [
              108.4833817,
              22.7635737
            ],
            [
              108.483449,
              22.7634242
            ],
            [
              108.4837491,
              22.762899
            ],
            [
              108.4838332,
              22.7627489
            ],
            [
              108.4838779,
              22.7625872
            ],
            [
              108.4839083,
              22.7623728
            ],
            [
              108.4839316,
              22.7622867
            ],
            [
              108.4839709,
              22.7622104
            ],
            [
              108.4844838,
              22.7613035
            ],
            [
              108.4846401,
              22.7614035
            ],
            [
              108.4842083,
              22.7622218
            ],
            [
              108.4839199,
              22.7631648
            ],
            [
              108.48375,
              22.76375
            ],
            [
              108.4836122,
              22.7647671
            ],
            [
              108.4835656,
              22.7648691
            ],
            [
              108.4834719,
              22.7650133
            ],
            [
              108.4834275,
              22.7651519
            ],
            [
              108.4833044,
              22.7657139
            ],
            [
              108.4832167,
              22.7662907
            ],
            [
              108.4831877,
              22.7666316
            ],
            [
              108.4831771,
              22.7667289
            ],
            [
              108.4831489,
              22.7667887
            ],
            [
              108.483085,
              22.7668244
            ],
            [
              108.4830061,
              22.7668317
            ],
            [
              108.4828509,
              22.7667947
            ],
            [
              108.4822845,
              22.7665733
            ],
            [
              108.4817829,
              22.7661516
            ],
            [
              108.4811781,
              22.7655735
            ],
            [
              108.4799626,
              22.7644182
            ],
            [
              108.4792901,
              22.7638866
            ],
            [
              108.4785805,
              22.7634374
            ],
            [
              108.4770696,
              22.7626697
            ],
            [
              108.4763029,
              22.7623138
            ],
            [
              108.4756302,
              22.7619072
            ],
            [
              108.4748061,
              22.760645
            ],
            [
              108.4741255,
              22.7593411
            ]
          ]
        ]
      }
    },
    {
      "type": "Feature",
      "id": "way/990866884",
      "properties": {
        "name": "绿城生态文化点 park",
        "category": "绿城生态文化点",
        "tags": [
          "leisure:park"
        ],
        "osmType": "way",
        "osmId": 990866884,
        "osmSource": "overpass",
        "cultureText": "来自 OSM/Overpass 的南宁生态文化相关公共空间。",
        "greenScore": 86,
        "quietScore": 70
      },
      "geometry": {
        "type": "Polygon",
        "coordinates": [
          [
            [
              108.4739119,
              22.7587178
            ],
            [
              108.4743481,
              22.7586196
            ],
            [
              108.4744752,
              22.759201
            ],
            [
              108.4741255,
              22.7593411
            ],
            [
              108.4740416,
              22.7592622
            ],
            [
              108.4739119,
              22.7587178
            ]
          ]
        ]
      }
    },
    {
      "type": "Feature",
      "id": "way/990866886",
      "properties": {
        "name": "绿城生态文化点 park",
        "category": "绿城生态文化点",
        "tags": [
          "leisure:park"
        ],
        "osmType": "way",
        "osmId": 990866886,
        "osmSource": "overpass",
        "cultureText": "来自 OSM/Overpass 的南宁生态文化相关公共空间。",
        "greenScore": 86,
        "quietScore": 70
      },
      "geometry": {
        "type": "Polygon",
        "coordinates": [
          [
            [
              108.4312097,
              22.7872739
            ],
            [
              108.4312284,
              22.7852087
            ],
            [
              108.4317155,
              22.7853782
            ],
            [
              108.4323184,
              22.7855017
            ],
            [
              108.4322324,
              22.7874734
            ],
            [
              108.4317925,
              22.787478
            ],
            [
              108.4312097,
              22.7872739
            ]
          ]
        ]
      }
    },
    {
      "type": "Feature",
      "id": "way/991635900",
      "properties": {
        "name": "广西自然博物馆",
        "category": "博物馆",
        "tags": [
          "tourism:museum"
        ],
        "osmType": "way",
        "osmId": 991635900,
        "osmSource": "overpass",
        "cultureText": "来自 OSM/Overpass 的南宁生态文化相关公共空间。",
        "greenScore": 74,
        "quietScore": 70
      },
      "geometry": {
        "type": "Polygon",
        "coordinates": [
          [
            [
              108.3282836,
              22.8306037
            ],
            [
              108.3282054,
              22.8305517
            ],
            [
              108.3282236,
              22.8305175
            ],
            [
              108.3280489,
              22.8304099
            ],
            [
              108.3280271,
              22.8304403
            ],
            [
              108.3279405,
              22.8303938
            ],
            [
              108.3280397,
              22.830272
            ],
            [
              108.3283667,
              22.8304778
            ],
            [
              108.3282836,
              22.8306037
            ]
          ]
        ]
      }
    },
    {
      "type": "Feature",
      "id": "way/991635903",
      "properties": {
        "name": "荫生植物园",
        "category": "绿城生态文化点",
        "tags": [
          "leisure:garden"
        ],
        "osmType": "way",
        "osmId": 991635903,
        "osmSource": "overpass",
        "cultureText": "来自 OSM/Overpass 的南宁生态文化相关公共空间。",
        "greenScore": 86,
        "quietScore": 70
      },
      "geometry": {
        "type": "Polygon",
        "coordinates": [
          [
            [
              108.3289791,
              22.8312928
            ],
            [
              108.3278669,
              22.8329383
            ],
            [
              108.3268982,
              22.8327135
            ],
            [
              108.326195,
              22.8323387
            ],
            [
              108.3260437,
              22.8313625
            ],
            [
              108.326543,
              22.8307908
            ],
            [
              108.3273601,
              22.8302678
            ],
            [
              108.3289791,
              22.8312928
            ]
          ]
        ]
      }
    },
    {
      "type": "Feature",
      "id": "way/992423049",
      "properties": {
        "name": "绿城生态文化点 park",
        "category": "绿城生态文化点",
        "tags": [
          "leisure:park"
        ],
        "osmType": "way",
        "osmId": 992423049,
        "osmSource": "overpass",
        "cultureText": "来自 OSM/Overpass 的南宁生态文化相关公共空间。",
        "greenScore": 86,
        "quietScore": 70
      },
      "geometry": {
        "type": "Polygon",
        "coordinates": [
          [
            [
              108.4594074,
              22.7578728
            ],
            [
              108.4605038,
              22.757629
            ],
            [
              108.4618716,
              22.7573141
            ],
            [
              108.4624546,
              22.7570865
            ],
            [
              108.4627271,
              22.7571264
            ],
            [
              108.4633774,
              22.7569037
            ],
            [
              108.4637246,
              22.7569152
            ],
            [
              108.4635777,
              22.7573357
            ],
            [
              108.4636188,
              22.757394
            ],
            [
              108.4636968,
              22.7573926
            ],
            [
              108.4639269,
              22.7570687
            ],
            [
              108.4646522,
              22.7567802
            ],
            [
              108.4657022,
              22.7565825
            ],
            [
              108.466703,
              22.7565382
            ],
            [
              108.4682513,
              22.7566125
            ],
            [
              108.4694403,
              22.7568295
            ],
            [
              108.4710815,
              22.7571664
            ],
            [
              108.4715336,
              22.7573035
            ],
            [
              108.4723387,
              22.757669
            ],
            [
              108.4729167,
              22.7582009
            ],
            [
              108.4730215,
              22.7587092
            ],
            [
              108.4730201,
              22.7588452
            ],
            [
              108.4723644,
              22.7589732
            ],
            [
              108.4720969,
              22.7583299
            ],
            [
              108.4718594,
              22.7579383
            ],
            [
              108.4717219,
              22.7578475
            ],
            [
              108.4715423,
              22.7577453
            ],
            [
              108.4712845,
              22.7577398
            ],
            [
              108.4693531,
              22.7578595
            ],
            [
              108.4661384,
              22.7580943
            ],
            [
              108.4654879,
              22.7581848
            ],
            [
              108.464786,
              22.758339
            ],
            [
              108.4640742,
              22.7585498
            ],
            [
              108.4638145,
              22.7585898
            ],
            [
              108.463378,
              22.7586559
            ],
            [
              108.4628174,
              22.7586962
            ],
            [
              108.4625225,
              22.7587586
            ],
            [
              108.4622699,
              22.7588298
            ],
            [
              108.4619966,
              22.7589526
            ],
            [
              108.4614662,
              22.7591638
            ],
            [
              108.4609975,
              22.7592612
            ],
            [
              108.4601532,
              22.7593731
            ],
            [
              108.4595391,
              22.7593667
            ],
            [
              108.4594243,
              22.7592601
            ],
            [
              108.4594074,
              22.7578728
            ]
          ]
        ]
      }
    },
    {
      "type": "Feature",
      "id": "way/995166922",
      "properties": {
        "name": "演艺中心（赛歌台）",
        "category": "文化艺术点",
        "tags": [
          "amenity:theatre"
        ],
        "osmType": "way",
        "osmId": 995166922,
        "osmSource": "overpass",
        "cultureText": "来自 OSM/Overpass 的南宁生态文化相关公共空间。",
        "greenScore": 74,
        "quietScore": 70
      },
      "geometry": {
        "type": "Polygon",
        "coordinates": [
          [
            [
              108.4745367,
              22.724631
            ],
            [
              108.474518,
              22.7244331
            ],
            [
              108.4744375,
              22.7243465
            ],
            [
              108.4744455,
              22.7241907
            ],
            [
              108.4746118,
              22.7241437
            ],
            [
              108.4747245,
              22.7242698
            ],
            [
              108.4748801,
              22.7241931
            ],
            [
              108.4749954,
              22.7242748
            ],
            [
              108.4749713,
              22.724443
            ],
            [
              108.4751215,
              22.7244826
            ],
            [
              108.475151,
              22.7246211
            ],
            [
              108.4750034,
              22.7247102
            ],
            [
              108.4749364,
              22.7246706
            ],
            [
              108.4747433,
              22.7247473
            ],
            [
              108.4745367,
              22.724631
            ]
          ]
        ]
      }
    },
    {
      "type": "Feature",
      "id": "way/995622591",
      "properties": {
        "name": "长廊",
        "category": "绿城生态文化点",
        "tags": [
          "leisure:garden"
        ],
        "osmType": "way",
        "osmId": 995622591,
        "osmSource": "overpass",
        "cultureText": "来自 OSM/Overpass 的南宁生态文化相关公共空间。",
        "greenScore": 86,
        "quietScore": 70
      },
      "geometry": {
        "type": "Polygon",
        "coordinates": [
          [
            [
              108.4784389,
              22.7587888
            ],
            [
              108.4784932,
              22.758789
            ],
            [
              108.4784919,
              22.7591132
            ],
            [
              108.4784375,
              22.759113
            ],
            [
              108.4784389,
              22.7587888
            ]
          ]
        ]
      }
    },
    {
      "type": "Feature",
      "id": "way/995622592",
      "properties": {
        "name": "长廊",
        "category": "绿城生态文化点",
        "tags": [
          "leisure:garden"
        ],
        "osmType": "way",
        "osmId": 995622592,
        "osmSource": "overpass",
        "cultureText": "来自 OSM/Overpass 的南宁生态文化相关公共空间。",
        "greenScore": 86,
        "quietScore": 70
      },
      "geometry": {
        "type": "Polygon",
        "coordinates": [
          [
            [
              108.4784401,
              22.7599299
            ],
            [
              108.4784946,
              22.7599303
            ],
            [
              108.4784929,
              22.7601335
            ],
            [
              108.4784384,
              22.7601331
            ],
            [
              108.4784401,
              22.7599299
            ]
          ]
        ]
      }
    },
    {
      "type": "Feature",
      "id": "way/995791030",
      "properties": {
        "name": "顶蛳山 田园风光区",
        "category": "绿城生态文化点",
        "tags": [
          "leisure:park"
        ],
        "osmType": "way",
        "osmId": 995791030,
        "osmSource": "overpass",
        "cultureText": "来自 OSM/Overpass 的南宁生态文化相关公共空间。",
        "greenScore": 86,
        "quietScore": 70
      },
      "geometry": {
        "type": "Polygon",
        "coordinates": [
          [
            [
              108.4624641,
              22.7282356
            ],
            [
              108.4624062,
              22.7262407
            ],
            [
              108.4621939,
              22.7253267
            ],
            [
              108.4618895,
              22.7246151
            ],
            [
              108.4614152,
              22.7241711
            ],
            [
              108.4600774,
              22.7236292
            ],
            [
              108.458668,
              22.7231662
            ],
            [
              108.457982,
              22.7230103
            ],
            [
              108.4587436,
              22.7220062
            ],
            [
              108.4592559,
              22.7223763
            ],
            [
              108.4611908,
              22.7190228
            ],
            [
              108.4615798,
              22.7184604
            ],
            [
              108.4622622,
              22.7178792
            ],
            [
              108.4627822,
              22.7175436
            ],
            [
              108.4633485,
              22.7173373
            ],
            [
              108.4639698,
              22.7171995
            ],
            [
              108.4647321,
              22.7170616
            ],
            [
              108.4655955,
              22.7169681
            ],
            [
              108.4659698,
              22.7173
            ],
            [
              108.466403,
              22.7170584
            ],
            [
              108.4666551,
              22.7170009
            ],
            [
              108.4670053,
              22.7169636
            ],
            [
              108.4703977,
              22.7168584
            ],
            [
              108.4703856,
              22.7169496
            ],
            [
              108.4700343,
              22.7173083
            ],
            [
              108.4699806,
              22.7173999
            ],
            [
              108.4699753,
              22.717479
            ],
            [
              108.4700128,
              22.7175755
            ],
            [
              108.4701451,
              22.7179355
            ],
            [
              108.4702017,
              22.7180335
            ],
            [
              108.4703008,
              22.7181184
            ],
            [
              108.4705839,
              22.7183861
            ],
            [
              108.4707184,
              22.7186211
            ],
            [
              108.4708104,
              22.7189672
            ],
            [
              108.4707326,
              22.7195025
            ],
            [
              108.4705448,
              22.720039
            ],
            [
              108.4700852,
              22.7211602
            ],
            [
              108.4695912,
              22.7219404
            ],
            [
              108.4692736,
              22.7224142
            ],
            [
              108.4691473,
              22.7225659
            ],
            [
              108.4690192,
              22.7226727
            ],
            [
              108.4689278,
              22.7228527
            ],
            [
              108.4687373,
              22.7235526
            ],
            [
              108.4687678,
              22.7236707
            ],
            [
              108.4688227,
              22.7237775
            ],
            [
              108.4688654,
              22.7239012
            ],
            [
              108.4688593,
              22.72398
            ],
            [
              108.4687495,
              22.7241262
            ],
            [
              108.4686398,
              22.7241431
            ],
            [
              108.4685118,
              22.7240812
            ],
            [
              108.4684142,
              22.7240924
            ],
            [
              108.4683654,
              22.7242949
            ],
            [
              108.4683654,
              22.7245367
            ],
            [
              108.4684539,
              22.7250563
            ],
            [
              108.4690539,
              22.7262488
            ],
            [
              108.4696563,
              22.7270727
            ],
            [
              108.4701325,
              22.7281514
            ],
            [
              108.4702528,
              22.7285552
            ],
            [
              108.4703404,
              22.728707
            ],
            [
              108.4704209,
              22.7288039
            ],
            [
              108.4704384,
              22.728904
            ],
            [
              108.4704664,
              22.7291333
            ],
            [
              108.4704454,
              22.7293013
            ],
            [
              108.4704069,
              22.7294757
            ],
            [
              108.4703193,
              22.7296242
            ],
            [
              108.4702003,
              22.7297082
            ],
            [
              108.4700847,
              22.7297308
            ],
            [
              108.4698886,
              22.7297114
            ],
            [
              108.4697171,
              22.729663
            ],
            [
              108.469535,
              22.7296081
            ],
            [
              108.4693668,
              22.7296016
            ],
            [
              108.4692514,
              22.7295689
            ],
            [
              108.4691783,
              22.7295239
            ],
            [
              108.4690655,
              22.7294339
            ],
            [
              108.4689141,
              22.7293044
            ],
            [
              108.4688153,
              22.7291592
            ],
            [
              108.4684707,
              22.7287513
            ],
            [
              108.4683048,
              22.7284033
            ],
            [
              108.4682388,
              22.7278819
            ],
            [
              108.4679557,
              22.7274943
            ],
            [
              108.4674647,
              22.7272505
            ],
            [
              108.4667623,
              22.7271717
            ],
            [
              108.4657319,
              22.7275397
            ],
            [
              108.4646527,
              22.7281477
            ],
            [
              108.4638285,
              22.7288806
            ],
            [
              108.4634223,
              22.7290231
            ],
            [
              108.4629143,
              22.7289256
            ],
            [
              108.4626422,
              22.7285806
            ],
            [
              108.4624641,
              22.7282356
            ]
          ]
        ]
      }
    },
    {
      "type": "Feature",
      "id": "way/998663074",
      "properties": {
        "name": "东风1227",
        "category": "景观点",
        "tags": [
          "tourism:attraction"
        ],
        "osmType": "way",
        "osmId": 998663074,
        "osmSource": "overpass",
        "cultureText": "来自 OSM/Overpass 的南宁生态文化相关公共空间。",
        "greenScore": 74,
        "quietScore": 70
      },
      "geometry": {
        "type": "Polygon",
        "coordinates": [
          [
            [
              108.2818521,
              22.7901989
            ],
            [
              108.2818697,
              22.7901757
            ],
            [
              108.281747,
              22.7900964
            ],
            [
              108.2817294,
              22.7901196
            ],
            [
              108.2818521,
              22.7901989
            ]
          ]
        ]
      }
    },
    {
      "type": "Feature",
      "id": "way/999027872",
      "properties": {
        "name": "邕江北岸公园",
        "category": "绿城生态文化点",
        "tags": [
          "leisure:park"
        ],
        "osmType": "way",
        "osmId": 999027872,
        "osmSource": "overpass",
        "cultureText": "来自 OSM/Overpass 的南宁生态文化相关公共空间。",
        "greenScore": 86,
        "quietScore": 70
      },
      "geometry": {
        "type": "Polygon",
        "coordinates": [
          [
            [
              108.4596164,
              22.8022236
            ],
            [
              108.4595142,
              22.8022259
            ],
            [
              108.4592973,
              22.8022612
            ],
            [
              108.4580714,
              22.7995442
            ],
            [
              108.4578461,
              22.7991041
            ],
            [
              108.4576905,
              22.7988469
            ],
            [
              108.4575457,
              22.7986491
            ],
            [
              108.4560741,
              22.7970162
            ],
            [
              108.4550336,
              22.7959101
            ],
            [
              108.4545239,
              22.7953881
            ],
            [
              108.4542479,
              22.7951695
            ],
            [
              108.4540249,
              22.7950683
            ],
            [
              108.453651,
              22.7948696
            ],
            [
              108.453405,
              22.7946832
            ],
            [
              108.4507345,
              22.7924068
            ],
            [
              108.449386,
              22.7912909
            ],
            [
              108.4484375,
              22.790684
            ],
            [
              108.4475598,
              22.790299
            ],
            [
              108.4463636,
              22.7899401
            ],
            [
              108.4442259,
              22.7895289
            ],
            [
              108.4428244,
              22.7894049
            ],
            [
              108.4412576,
              22.7894347
            ],
            [
              108.4406691,
              22.7895029
            ],
            [
              108.4399944,
              22.789608
            ],
            [
              108.4382536,
              22.7899346
            ],
            [
              108.4371721,
              22.7901193
            ],
            [
              108.4361092,
              22.790321
            ],
            [
              108.4356285,
              22.7904175
            ],
            [
              108.4352064,
              22.7904772
            ],
            [
              108.4347918,
              22.7904977
            ],
            [
              108.4300671,
              22.790536
            ],
            [
              108.4295032,
              22.7905303
            ],
            [
              108.428924,
              22.7905189
            ],
            [
              108.428468,
              22.7904735
            ],
            [
              108.4279565,
              22.7903428
            ],
            [
              108.4273835,
              22.7901411
            ],
            [
              108.4267981,
              22.7898855
            ],
            [
              108.4260648,
              22.7894168
            ],
            [
              108.425692,
              22.7891441
            ],
            [
              108.4252883,
              22.7887976
            ],
            [
              108.4248632,
              22.7883715
            ],
            [
              108.4245397,
              22.7880022
            ],
            [
              108.4243579,
              22.7877494
            ],
            [
              108.4237478,
              22.7869086
            ],
            [
              108.4234243,
              22.7864143
            ],
            [
              108.4227958,
              22.7854712
            ],
            [
              108.4226725,
              22.7852582
            ],
            [
              108.4226294,
              22.785048
            ],
            [
              108.4226171,
              22.7848861
            ],
            [
              108.4226725,
              22.7845196
            ],
            [
              108.4227557,
              22.7838407
            ],
            [
              108.4228112,
              22.7832073
            ],
            [
              108.4228235,
              22.782801
            ],
            [
              108.4227958,
              22.7825056
            ],
            [
              108.4227434,
              22.7821221
            ],
            [
              108.4226356,
              22.7817131
            ],
            [
              108.4225216,
              22.7813892
            ],
            [
              108.4223891,
              22.7810341
            ],
            [
              108.4221703,
              22.7805512
            ],
            [
              108.4219947,
              22.7802359
            ],
            [
              108.4217236,
              22.7799092
            ],
            [
              108.4213939,
              22.7796308
            ],
            [
              108.4210365,
              22.7792757
            ],
            [
              108.4207808,
              22.778986
            ],
            [
              108.4205374,
              22.7786849
            ],
            [
              108.4204049,
              22.7784633
            ],
            [
              108.4203186,
              22.7782616
            ],
            [
              108.4202385,
              22.7779321
            ],
            [
              108.4202139,
              22.7775258
            ],
            [
              108.4202139,
              22.777219
            ],
            [
              108.4201831,
              22.7769151
            ],
            [
              108.4200654,
              22.7764397
            ],
            [
              108.4197339,
              22.7755241
            ],
            [
              108.4197156,
              22.7753948
            ],
            [
              108.4197339,
              22.7752786
            ],
            [
              108.4197665,
              22.7751998
            ],
            [
              108.4198457,
              22.7751043
            ],
            [
              108.4199636,
              22.7749412
            ],
            [
              108.4200145,
              22.7748194
            ],
            [
              108.4200307,
              22.7746282
            ],
            [
              108.4200063,
              22.774452
            ],
            [
              108.4199223,
              22.7742492
            ],
            [
              108.4188136,
              22.7727914
            ],
            [
              108.418458,
              22.7722905
            ],
            [
              108.4181649,
              22.7718607
            ],
            [
              108.4181045,
              22.7717345
            ],
            [
              108.4180898,
              22.7716628
            ],
            [
              108.4180911,
              22.7715367
            ],
            [
              108.4180951,
              22.7714007
            ],
            [
              108.418084,
              22.7713103
            ],
            [
              108.418025,
              22.7710254
            ],
            [
              108.4180108,
              22.7707349
            ],
            [
              108.4180433,
              22.77042
            ],
            [
              108.4181063,
              22.7701689
            ],
            [
              108.4182039,
              22.7699233
            ],
            [
              108.4183193,
              22.7697317
            ],
            [
              108.4184548,
              22.7695425
            ],
            [
              108.4185191,
              22.7694374
            ],
            [
              108.4186077,
              22.7692662
            ],
            [
              108.4186647,
              22.7691909
            ],
            [
              108.4187417,
              22.7691071
            ],
            [
              108.4189017,
              22.7689826
            ],
            [
              108.4193347,
              22.7686921
            ],
            [
              108.4196457,
              22.7684316
            ],
            [
              108.4197959,
              22.7682058
            ],
            [
              108.4198884,
              22.7679586
            ],
            [
              108.4199993,
              22.7676149
            ],
            [
              108.4200024,
              22.767308
            ],
            [
              108.4199746,
              22.7670041
            ],
            [
              108.4199253,
              22.7667796
            ],
            [
              108.419873,
              22.7666177
            ],
            [
              108.4197621,
              22.7664217
            ],
            [
              108.4194663,
              22.7659131
            ],
            [
              108.4190996,
              22.7652369
            ],
            [
              108.4186806,
              22.7646602
            ],
            [
              108.4182246,
              22.7641744
            ],
            [
              108.417898,
              22.7639073
            ],
            [
              108.4173619,
              22.7635778
            ],
            [
              108.4168874,
              22.7633249
            ],
            [
              108.4163279,
              22.7630845
            ],
            [
              108.4158376,
              22.7629166
            ],
            [
              108.4149783,
              22.7627055
            ],
            [
              108.4141844,
              22.7625161
            ],
            [
              108.4134232,
              22.7624343
            ],
            [
              108.412265,
              22.7624472
            ],
            [
              108.4110415,
              22.7624988
            ],
            [
              108.4101635,
              22.7626151
            ],
            [
              108.4094257,
              22.7628261
            ],
            [
              108.4081741,
              22.7634075
            ],
            [
              108.4072214,
              22.7639027
            ],
            [
              108.4063155,
              22.7644926
            ],
            [
              108.4057084,
              22.7649879
            ],
            [
              108.4051573,
              22.7655347
            ],
            [
              108.4044615,
              22.7663271
            ],
            [
              108.4035926,
              22.7674155
            ],
            [
              108.4031999,
              22.7680306
            ],
            [
              108.4029851,
              22.7685236
            ],
            [
              108.402866,
              22.7688337
            ],
            [
              108.4028299,
              22.7690521
            ],
            [
              108.4028176,
              22.7693419
            ],
            [
              108.4028468,
              22.7696416
            ],
            [
              108.4028807,
              22.7698547
            ],
            [
              108.4028807,
              22.7699967
            ],
            [
              108.4028653,
              22.7700862
            ],
            [
              108.4028299,
              22.7701373
            ],
            [
              108.4027669,
              22.7701873
            ],
            [
              108.4026548,
              22.7702325
            ],
            [
              108.4024116,
              22.7703067
            ],
            [
              108.4020471,
              22.7704503
            ],
            [
              108.4017745,
              22.7706102
            ],
            [
              108.4014737,
              22.7708517
            ],
            [
              108.4012215,
              22.7711308
            ],
            [
              108.3995728,
              22.7733703
            ],
            [
              108.3991895,
              22.7731835
            ],
            [
              108.4018615,
              22.769704
            ],
            [
              108.4027335,
              22.7672346
            ],
            [
              108.4033799,
              22.7661559
            ],
            [
              108.4037362,
              22.7661142
            ],
            [
              108.4039974,
              22.7660166
            ],
            [
              108.4042286,
              22.7658284
            ],
            [
              108.4047011,
              22.7649328
            ],
            [
              108.4063753,
              22.7638178
            ],
            [
              108.4066507,
              22.7635494
            ],
            [
              108.4076878,
              22.7629674
            ],
            [
              108.4089268,
              22.7623427
            ],
            [
              108.4092651,
              22.7622241
            ],
            [
              108.4099843,
              22.7621252
            ],
            [
              108.4116735,
              22.7617816
            ],
            [
              108.4132083,
              22.7617111
            ],
            [
              108.4146621,
              22.7618838
            ],
            [
              108.4162624,
              22.7623763
            ],
            [
              108.4173142,
              22.7629608
            ],
            [
              108.4181661,
              22.763549
            ],
            [
              108.4189849,
              22.764356
            ],
            [
              108.4198479,
              22.7654251
            ],
            [
              108.4203032,
              22.766495
            ],
            [
              108.4205442,
              22.7672501
            ],
            [
              108.4207776,
              22.7685739
            ],
            [
              108.4207567,
              22.7689966
            ],
            [
              108.4206698,
              22.7691649
            ],
            [
              108.4203329,
              22.7692705
            ],
            [
              108.4199165,
              22.7693374
            ],
            [
              108.4195188,
              22.7696152
            ],
            [
              108.4191492,
              22.7701169
            ],
            [
              108.4190824,
              22.7704422
            ],
            [
              108.4190437,
              22.7709053
            ],
            [
              108.4190796,
              22.7713705
            ],
            [
              108.4192474,
              22.7718066
            ],
            [
              108.4192937,
              22.7720962
            ],
            [
              108.4195265,
              22.7721501
            ],
            [
              108.4203175,
              22.7726586
            ],
            [
              108.4204652,
              22.772902
            ],
            [
              108.4206841,
              22.7736356
            ],
            [
              108.4206294,
              22.7741793
            ],
            [
              108.4203674,
              22.7755791
            ],
            [
              108.4203949,
              22.7762598
            ],
            [
              108.420513,
              22.7768612
            ],
            [
              108.4206956,
              22.7776065
            ],
            [
              108.420891,
              22.7780476
            ],
            [
              108.4212551,
              22.7785128
            ],
            [
              108.4218756,
              22.7790794
            ],
            [
              108.4226709,
              22.7802148
            ],
            [
              108.4228455,
              22.7808123
            ],
            [
              108.4227833,
              22.7810555
            ],
            [
              108.4228188,
              22.7813696
            ],
            [
              108.4231715,
              22.7819839
            ],
            [
              108.4233148,
              22.7826669
            ],
            [
              108.4233091,
              22.7829371
            ],
            [
              108.423357,
              22.7834895
            ],
            [
              108.4233922,
              22.7835995
            ],
            [
              108.4234161,
              22.7837683
            ],
            [
              108.4234348,
              22.7841407
            ],
            [
              108.4235062,
              22.7843538
            ],
            [
              108.4235957,
              22.7845558
            ],
            [
              108.4241334,
              22.7860649
            ],
            [
              108.4242535,
              22.786368
            ],
            [
              108.4246061,
              22.7869459
            ],
            [
              108.4252489,
              22.7877871
            ],
            [
              108.4255612,
              22.7881448
            ],
            [
              108.4264577,
              22.7889114
            ],
            [
              108.4279776,
              22.7898247
            ],
            [
              108.4283974,
              22.7899884
            ],
            [
              108.4286872,
              22.7900322
            ],
            [
              108.4290158,
              22.7899571
            ],
            [
              108.4293362,
              22.7897995
            ],
            [
              108.4295943,
              22.7897611
            ],
            [
              108.430202,
              22.7897451
            ],
            [
              108.4325682,
              22.7896763
            ],
            [
              108.4334109,
              22.7896273
            ],
            [
              108.4336335,
              22.7896797
            ],
            [
              108.4337853,
              22.7896799
            ],
            [
              108.4341227,
              22.7896133
            ],
            [
              108.4342506,
              22.7896034
            ],
            [
              108.434469,
              22.7896476
            ],
            [
              108.4347652,
              22.7897457
            ],
            [
              108.4350054,
              22.7897498
            ],
            [
              108.4376711,
              22.7895317
            ],
            [
              108.4392344,
              22.7890465
            ],
            [
              108.4397331,
              22.788914
            ],
            [
              108.4411273,
              22.7887664
            ],
            [
              108.4426026,
              22.7887765
            ],
            [
              108.4430993,
              22.7888472
            ],
            [
              108.445191,
              22.7891486
            ],
            [
              108.4459968,
              22.7892834
            ],
            [
              108.4467745,
              22.789444
            ],
            [
              108.447578,
              22.7896813
            ],
            [
              108.4481227,
              22.7899299
            ],
            [
              108.4492509,
              22.7905561
            ],
            [
              108.4508886,
              22.7916822
            ],
            [
              108.4563703,
              22.7966577
            ],
            [
              108.457403,
              22.797887
            ],
            [
              108.4585216,
              22.7994526
            ],
            [
              108.4591982,
              22.8011507
            ],
            [
              108.4596164,
              22.8022236
            ]
          ]
        ]
      }
    },
    {
      "type": "Feature",
      "id": "way/1002315756",
      "properties": {
        "name": "绿城生态文化点 park",
        "category": "绿城生态文化点",
        "tags": [
          "leisure:park"
        ],
        "osmType": "way",
        "osmId": 1002315756,
        "osmSource": "overpass",
        "cultureText": "来自 OSM/Overpass 的南宁生态文化相关公共空间。",
        "greenScore": 86,
        "quietScore": 70
      },
      "geometry": {
        "type": "Polygon",
        "coordinates": [
          [
            [
              108.2764509,
              22.8318881
            ],
            [
              108.2750888,
              22.83077
            ],
            [
              108.2763851,
              22.8305774
            ],
            [
              108.2769085,
              22.8317163
            ],
            [
              108.2764509,
              22.8318881
            ]
          ]
        ]
      }
    },
    {
      "type": "Feature",
      "id": "way/1002639708",
      "properties": {
        "name": "龟山滨江公园",
        "category": "绿城生态文化点",
        "tags": [
          "leisure:park"
        ],
        "osmType": "way",
        "osmId": 1002639708,
        "osmSource": "overpass",
        "cultureText": "来自 OSM/Overpass 的南宁生态文化相关公共空间。",
        "greenScore": 86,
        "quietScore": 70
      },
      "geometry": {
        "type": "Polygon",
        "coordinates": [
          [
            [
              108.4688757,
              22.8002589
            ],
            [
              108.4695762,
              22.8000103
            ],
            [
              108.4702186,
              22.7996772
            ],
            [
              108.4707721,
              22.7992794
            ],
            [
              108.471016,
              22.7991448
            ],
            [
              108.4714432,
              22.7986946
            ],
            [
              108.4714945,
              22.7985512
            ],
            [
              108.4718082,
              22.7981198
            ],
            [
              108.4721126,
              22.7974924
            ],
            [
              108.4725468,
              22.796758
            ],
            [
              108.4727756,
              22.7964197
            ],
            [
              108.4731027,
              22.7960603
            ],
            [
              108.4733358,
              22.7958313
            ],
            [
              108.473932,
              22.795358
            ],
            [
              108.4743001,
              22.7951006
            ],
            [
              108.4743956,
              22.7950201
            ],
            [
              108.4745302,
              22.7954472
            ],
            [
              108.4746231,
              22.7956468
            ],
            [
              108.4747301,
              22.7958072
            ],
            [
              108.4754575,
              22.796513
            ],
            [
              108.4749404,
              22.7974889
            ],
            [
              108.4742881,
              22.798949
            ],
            [
              108.473408,
              22.801725
            ],
            [
              108.4727887,
              22.8042569
            ],
            [
              108.472552,
              22.8056498
            ],
            [
              108.4724112,
              22.8063386
            ],
            [
              108.4722193,
              22.806988
            ],
            [
              108.4718516,
              22.8076617
            ],
            [
              108.4716493,
              22.8075179
            ],
            [
              108.4713028,
              22.8069551
            ],
            [
              108.4710537,
              22.8068887
            ],
            [
              108.4710728,
              22.8064783
            ],
            [
              108.4703835,
              22.8043355
            ],
            [
              108.4700026,
              22.8047292
            ],
            [
              108.4694113,
              22.8042496
            ],
            [
              108.4694249,
              22.8039071
            ],
            [
              108.4692548,
              22.8036609
            ],
            [
              108.4693668,
              22.803151
            ],
            [
              108.4694447,
              22.8030312
            ],
            [
              108.4695091,
              22.8029521
            ],
            [
              108.4695078,
              22.8027693
            ],
            [
              108.4693755,
              22.8026941
            ],
            [
              108.4693083,
              22.8025521
            ],
            [
              108.4692408,
              22.8016664
            ],
            [
              108.4692569,
              22.8014982
            ],
            [
              108.4693159,
              22.8013845
            ],
            [
              108.4695091,
              22.8012163
            ],
            [
              108.469552,
              22.8011372
            ],
            [
              108.4695251,
              22.8010235
            ],
            [
              108.4694554,
              22.8009542
            ],
            [
              108.4692891,
              22.8008603
            ],
            [
              108.4691604,
              22.8007614
            ],
            [
              108.4689887,
              22.8005735
            ],
            [
              108.4689377,
              22.8004315
            ],
            [
              108.4688757,
              22.8002589
            ]
          ]
        ]
      }
    },
    {
      "type": "Feature",
      "id": "way/1003489835",
      "properties": {
        "name": "学生活动中心",
        "category": "绿城生态文化点",
        "tags": [
          "amenity:community_centre"
        ],
        "osmType": "way",
        "osmId": 1003489835,
        "osmSource": "overpass",
        "cultureText": "来自 OSM/Overpass 的南宁生态文化相关公共空间。",
        "greenScore": 74,
        "quietScore": 70
      },
      "geometry": {
        "type": "Polygon",
        "coordinates": [
          [
            [
              108.4708754,
              22.7846763
            ],
            [
              108.4710327,
              22.7844405
            ],
            [
              108.4714092,
              22.7846539
            ],
            [
              108.4712519,
              22.7848897
            ],
            [
              108.4708754,
              22.7846763
            ]
          ]
        ]
      }
    },
    {
      "type": "Feature",
      "id": "way/1003489845",
      "properties": {
        "name": "图文信息中心",
        "category": "文化艺术点",
        "tags": [
          "amenity:arts_centre"
        ],
        "osmType": "way",
        "osmId": 1003489845,
        "osmSource": "overpass",
        "cultureText": "来自 OSM/Overpass 的南宁生态文化相关公共空间。",
        "greenScore": 74,
        "quietScore": 70
      },
      "geometry": {
        "type": "Polygon",
        "coordinates": [
          [
            [
              108.4459563,
              22.7436295
            ],
            [
              108.4459338,
              22.7432827
            ],
            [
              108.4467499,
              22.7432375
            ],
            [
              108.4467725,
              22.7435844
            ],
            [
              108.4459563,
              22.7436295
            ]
          ]
        ]
      }
    },
    {
      "type": "Feature",
      "id": "way/1003489849",
      "properties": {
        "name": "学生活动中心",
        "category": "绿城生态文化点",
        "tags": [
          "amenity:community_centre"
        ],
        "osmType": "way",
        "osmId": 1003489849,
        "osmSource": "overpass",
        "cultureText": "来自 OSM/Overpass 的南宁生态文化相关公共空间。",
        "greenScore": 74,
        "quietScore": 70
      },
      "geometry": {
        "type": "Polygon",
        "coordinates": [
          [
            [
              108.4455007,
              22.7438208
            ],
            [
              108.4458256,
              22.7438118
            ],
            [
              108.4458309,
              22.7441129
            ],
            [
              108.4458433,
              22.7441656
            ],
            [
              108.4458954,
              22.7442411
            ],
            [
              108.4459624,
              22.7442983
            ],
            [
              108.4460493,
              22.7443258
            ],
            [
              108.446151,
              22.7443349
            ],
            [
              108.4462242,
              22.7443351
            ],
            [
              108.4462508,
              22.7443385
            ],
            [
              108.4462664,
              22.7443487
            ],
            [
              108.4462768,
              22.7443693
            ],
            [
              108.4462808,
              22.7446334
            ],
            [
              108.4462749,
              22.7446439
            ],
            [
              108.4462645,
              22.7446497
            ],
            [
              108.4462505,
              22.7446505
            ],
            [
              108.4461344,
              22.7446526
            ],
            [
              108.4456995,
              22.7446609
            ],
            [
              108.4456755,
              22.7446574
            ],
            [
              108.4456614,
              22.7446461
            ],
            [
              108.4456559,
              22.7446304
            ],
            [
              108.4456562,
              22.7444734
            ],
            [
              108.4456523,
              22.7444408
            ],
            [
              108.4456404,
              22.7444256
            ],
            [
              108.4456263,
              22.7444161
            ],
            [
              108.445558,
              22.7443914
            ],
            [
              108.4455368,
              22.7443823
            ],
            [
              108.4455224,
              22.744371
            ],
            [
              108.4455171,
              22.7443538
            ],
            [
              108.4455086,
              22.7440658
            ],
            [
              108.4455007,
              22.7438208
            ]
          ]
        ]
      }
    },
    {
      "type": "Feature",
      "id": "way/1003913320",
      "properties": {
        "name": "演艺中心",
        "category": "文化艺术点",
        "tags": [
          "amenity:arts_centre"
        ],
        "osmType": "way",
        "osmId": 1003913320,
        "osmSource": "overpass",
        "cultureText": "来自 OSM/Overpass 的南宁生态文化相关公共空间。",
        "greenScore": 74,
        "quietScore": 70
      },
      "geometry": {
        "type": "Polygon",
        "coordinates": [
          [
            [
              108.44927,
              22.7490297
            ],
            [
              108.4492642,
              22.7489694
            ],
            [
              108.4494103,
              22.7489575
            ],
            [
              108.4493684,
              22.7485209
            ],
            [
              108.4492363,
              22.7485317
            ],
            [
              108.4492306,
              22.7484722
            ],
            [
              108.4499673,
              22.7484123
            ],
            [
              108.4499776,
              22.7485195
            ],
            [
              108.4500763,
              22.7485115
            ],
            [
              108.4501091,
              22.748854
            ],
            [
              108.4500194,
              22.7488613
            ],
            [
              108.4500296,
              22.7489679
            ],
            [
              108.44927,
              22.7490297
            ]
          ]
        ]
      }
    },
    {
      "type": "Feature",
      "id": "way/1004665932",
      "properties": {
        "name": "休闲广场",
        "category": "绿城生态文化点",
        "tags": [
          "leisure:garden"
        ],
        "osmType": "way",
        "osmId": 1004665932,
        "osmSource": "overpass",
        "cultureText": "来自 OSM/Overpass 的南宁生态文化相关公共空间。",
        "greenScore": 86,
        "quietScore": 70
      },
      "geometry": {
        "type": "Polygon",
        "coordinates": [
          [
            [
              108.4391983,
              22.8107028
            ],
            [
              108.4392136,
              22.8103737
            ],
            [
              108.4399491,
              22.8104028
            ],
            [
              108.4399339,
              22.8107317
            ],
            [
              108.4391983,
              22.8107028
            ]
          ]
        ]
      }
    },
    {
      "type": "Feature",
      "id": "way/1005128164",
      "properties": {
        "name": "休闲花园",
        "category": "绿城生态文化点",
        "tags": [
          "leisure:garden"
        ],
        "osmType": "way",
        "osmId": 1005128164,
        "osmSource": "overpass",
        "cultureText": "来自 OSM/Overpass 的南宁生态文化相关公共空间。",
        "greenScore": 86,
        "quietScore": 70
      },
      "geometry": {
        "type": "Polygon",
        "coordinates": [
          [
            [
              108.4388866,
              22.8124025
            ],
            [
              108.4388974,
              22.8122556
            ],
            [
              108.4389076,
              22.8122313
            ],
            [
              108.43893,
              22.8122125
            ],
            [
              108.4389605,
              22.8122051
            ],
            [
              108.4394686,
              22.812235
            ],
            [
              108.4395276,
              22.8122594
            ],
            [
              108.4395642,
              22.8123006
            ],
            [
              108.4395784,
              22.8123493
            ],
            [
              108.4395642,
              22.8123943
            ],
            [
              108.4395256,
              22.8124318
            ],
            [
              108.4394544,
              22.8124393
            ],
            [
              108.438993,
              22.8124468
            ],
            [
              108.4389414,
              22.8124449
            ],
            [
              108.4389047,
              22.8124324
            ],
            [
              108.4388866,
              22.8124025
            ]
          ]
        ]
      }
    },
    {
      "type": "Feature",
      "id": "way/1006381766",
      "properties": {
        "name": "南宁市科技馆",
        "category": "博物馆",
        "tags": [
          "tourism:museum"
        ],
        "osmType": "way",
        "osmId": 1006381766,
        "osmSource": "overpass",
        "cultureText": "来自 OSM/Overpass 的南宁生态文化相关公共空间。",
        "greenScore": 74,
        "quietScore": 70
      },
      "geometry": {
        "type": "Polygon",
        "coordinates": [
          [
            [
              108.404314,
              22.8083539
            ],
            [
              108.4051468,
              22.8074656
            ],
            [
              108.4052529,
              22.8075289
            ],
            [
              108.4053645,
              22.8075645
            ],
            [
              108.4057803,
              22.8076682
            ],
            [
              108.4061007,
              22.8077844
            ],
            [
              108.406378,
              22.8079856
            ],
            [
              108.4064798,
              22.808081
            ],
            [
              108.4068313,
              22.8085677
            ],
            [
              108.4068604,
              22.8086373
            ],
            [
              108.4067811,
              22.8086979
            ],
            [
              108.4066354,
              22.8088044
            ],
            [
              108.4063035,
              22.8090367
            ],
            [
              108.405726,
              22.8094408
            ],
            [
              108.4056396,
              22.809494
            ],
            [
              108.4055491,
              22.8094922
            ],
            [
              108.4054752,
              22.8094476
            ],
            [
              108.4049597,
              22.8088558
            ],
            [
              108.4046343,
              22.8085853
            ],
            [
              108.4043737,
              22.808397
            ],
            [
              108.404314,
              22.8083539
            ]
          ]
        ]
      }
    },
    {
      "type": "Feature",
      "id": "way/1006421697",
      "properties": {
        "name": "亲亲水世界",
        "category": "绿城生态文化点",
        "tags": [
          "leisure:water_park"
        ],
        "osmType": "way",
        "osmId": 1006421697,
        "osmSource": "overpass",
        "cultureText": "来自 OSM/Overpass 的南宁生态文化相关公共空间。",
        "greenScore": 86,
        "quietScore": 70
      },
      "geometry": {
        "type": "Polygon",
        "coordinates": [
          [
            [
              108.4086248,
              22.8016573
            ],
            [
              108.4085991,
              22.8016573
            ],
            [
              108.4085736,
              22.8016422
            ],
            [
              108.4085641,
              22.8016164
            ],
            [
              108.4085492,
              22.8015792
            ],
            [
              108.408531,
              22.8015275
            ],
            [
              108.4085182,
              22.801501
            ],
            [
              108.4084917,
              22.8014701
            ],
            [
              108.4084333,
              22.8014245
            ],
            [
              108.4084034,
              22.8013831
            ],
            [
              108.408393,
              22.8013253
            ],
            [
              108.4084033,
              22.8012681
            ],
            [
              108.408432,
              22.8012204
            ],
            [
              108.4084832,
              22.8011912
            ],
            [
              108.4085458,
              22.8011812
            ],
            [
              108.4086126,
              22.8011906
            ],
            [
              108.4086976,
              22.8012152
            ],
            [
              108.4087766,
              22.8012548
            ],
            [
              108.4088264,
              22.8012979
            ],
            [
              108.4088408,
              22.8013491
            ],
            [
              108.4088327,
              22.8014033
            ],
            [
              108.4088011,
              22.8014456
            ],
            [
              108.4087541,
              22.8014744
            ],
            [
              108.4087208,
              22.8015061
            ],
            [
              108.4087014,
              22.8015442
            ],
            [
              108.4087011,
              22.8015855
            ],
            [
              108.408683,
              22.801624
            ],
            [
              108.4086578,
              22.8016484
            ],
            [
              108.4086248,
              22.8016573
            ]
          ]
        ]
      }
    },
    {
      "type": "Feature",
      "id": "way/1006681820",
      "properties": {
        "name": "广西民族博物馆",
        "category": "博物馆",
        "tags": [
          "tourism:museum"
        ],
        "osmType": "way",
        "osmId": 1006681820,
        "osmSource": "overpass",
        "cultureText": "来自 OSM/Overpass 的南宁生态文化相关公共空间。",
        "greenScore": 74,
        "quietScore": 70
      },
      "geometry": {
        "type": "Polygon",
        "coordinates": [
          [
            [
              108.3961183,
              22.7761725
            ],
            [
              108.3960882,
              22.776089
            ],
            [
              108.3961043,
              22.7760371
            ],
            [
              108.3961338,
              22.7759975
            ],
            [
              108.3970699,
              22.775587
            ],
            [
              108.3971289,
              22.7755771
            ],
            [
              108.3971852,
              22.7755919
            ],
            [
              108.3972228,
              22.7756167
            ],
            [
              108.3973649,
              22.7757106
            ],
            [
              108.3974849,
              22.7757627
            ],
            [
              108.3978665,
              22.7758664
            ],
            [
              108.398301,
              22.7760173
            ],
            [
              108.3985934,
              22.7762473
            ],
            [
              108.3989742,
              22.7766677
            ],
            [
              108.3990681,
              22.7768903
            ],
            [
              108.3991459,
              22.777239
            ],
            [
              108.3991593,
              22.7774071
            ],
            [
              108.3991298,
              22.7775234
            ],
            [
              108.3990332,
              22.7778597
            ],
            [
              108.3990574,
              22.7780996
            ],
            [
              108.3991432,
              22.7782727
            ],
            [
              108.3991352,
              22.7783914
            ],
            [
              108.3990654,
              22.77852
            ],
            [
              108.3989447,
              22.7785794
            ],
            [
              108.3986846,
              22.7786066
            ],
            [
              108.3982849,
              22.778609
            ],
            [
              108.3977699,
              22.7786461
            ],
            [
              108.3975849,
              22.7786808
            ],
            [
              108.3973837,
              22.7787525
            ],
            [
              108.3971611,
              22.77875
            ],
            [
              108.3969948,
              22.7786783
            ],
            [
              108.3969304,
              22.778614
            ],
            [
              108.3969733,
              22.7784483
            ],
            [
              108.3970886,
              22.7783222
            ],
            [
              108.3971074,
              22.7781738
            ],
            [
              108.3969679,
              22.7778622
            ],
            [
              108.3966856,
              22.7775295
            ],
            [
              108.3966389,
              22.777353
            ],
            [
              108.3966202,
              22.7769439
            ],
            [
              108.3965781,
              22.7767372
            ],
            [
              108.3961183,
              22.7761725
            ]
          ]
        ]
      }
    },
    {
      "type": "Feature",
      "id": "way/1006681827",
      "properties": {
        "name": "绿城生态文化点 park",
        "category": "绿城生态文化点",
        "tags": [
          "leisure:park"
        ],
        "osmType": "way",
        "osmId": 1006681827,
        "osmSource": "overpass",
        "cultureText": "来自 OSM/Overpass 的南宁生态文化相关公共空间。",
        "greenScore": 86,
        "quietScore": 70
      },
      "geometry": {
        "type": "Polygon",
        "coordinates": [
          [
            [
              108.3769391,
              22.7778867
            ],
            [
              108.3767063,
              22.7775629
            ],
            [
              108.3766921,
              22.7774748
            ],
            [
              108.3766992,
              22.77739
            ],
            [
              108.3767593,
              22.7773247
            ],
            [
              108.3768832,
              22.7772595
            ],
            [
              108.3774884,
              22.7769658
            ],
            [
              108.3778565,
              22.7767602
            ],
            [
              108.3781502,
              22.7765611
            ],
            [
              108.3782883,
              22.7764959
            ],
            [
              108.3784015,
              22.7764828
            ],
            [
              108.3785183,
              22.7765089
            ],
            [
              108.378621,
              22.7765644
            ],
            [
              108.3787731,
              22.7767373
            ],
            [
              108.3796792,
              22.7778403
            ],
            [
              108.3797535,
              22.7779741
            ],
            [
              108.3797429,
              22.7780687
            ],
            [
              108.3796969,
              22.778209
            ],
            [
              108.3796155,
              22.7783167
            ],
            [
              108.3785121,
              22.779453
            ],
            [
              108.3784098,
              22.7795251
            ],
            [
              108.3783137,
              22.7795518
            ],
            [
              108.3782077,
              22.7795596
            ],
            [
              108.3781066,
              22.7795242
            ],
            [
              108.3780431,
              22.7794675
            ],
            [
              108.3774936,
              22.7786807
            ],
            [
              108.3769391,
              22.7778867
            ]
          ]
        ]
      }
    },
    {
      "type": "Feature",
      "id": "way/1006747470",
      "properties": {
        "name": "绿城生态文化点 park",
        "category": "绿城生态文化点",
        "tags": [
          "leisure:park"
        ],
        "osmType": "way",
        "osmId": 1006747470,
        "osmSource": "overpass",
        "cultureText": "来自 OSM/Overpass 的南宁生态文化相关公共空间。",
        "greenScore": 86,
        "quietScore": 70
      },
      "geometry": {
        "type": "Polygon",
        "coordinates": [
          [
            [
              108.4867201,
              22.7618265
            ],
            [
              108.486996,
              22.7611088
            ],
            [
              108.4875303,
              22.7602202
            ],
            [
              108.4882581,
              22.759489
            ],
            [
              108.4891232,
              22.7589038
            ],
            [
              108.4903294,
              22.7584916
            ],
            [
              108.4912102,
              22.7583818
            ],
            [
              108.4920193,
              22.7584309
            ],
            [
              108.4928754,
              22.7585776
            ],
            [
              108.4940423,
              22.7588752
            ],
            [
              108.494894,
              22.7592773
            ],
            [
              108.4955633,
              22.7596695
            ],
            [
              108.4958901,
              22.7599799
            ],
            [
              108.4961588,
              22.7604541
            ],
            [
              108.496383,
              22.7610216
            ],
            [
              108.4976388,
              22.7649843
            ],
            [
              108.4979444,
              22.7661715
            ],
            [
              108.497984,
              22.7678488
            ],
            [
              108.497741,
              22.7690761
            ],
            [
              108.4974809,
              22.7699184
            ],
            [
              108.4966323,
              22.7717372
            ],
            [
              108.4965252,
              22.772564
            ],
            [
              108.4962958,
              22.7732688
            ],
            [
              108.4959593,
              22.7743263
            ],
            [
              108.4957602,
              22.7753708
            ],
            [
              108.4958066,
              22.7766513
            ],
            [
              108.495957,
              22.7769771
            ],
            [
              108.4960006,
              22.7772606
            ],
            [
              108.4957407,
              22.779613
            ],
            [
              108.494653,
              22.7834036
            ],
            [
              108.4945719,
              22.7835962
            ],
            [
              108.4943086,
              22.7838577
            ],
            [
              108.494153,
              22.7841346
            ],
            [
              108.4941647,
              22.7845284
            ],
            [
              108.4940457,
              22.7848864
            ],
            [
              108.4939411,
              22.7851238
            ],
            [
              108.4939733,
              22.7852549
            ],
            [
              108.4940484,
              22.7852994
            ],
            [
              108.4940806,
              22.7856481
            ],
            [
              108.4940215,
              22.7870522
            ],
            [
              108.4940495,
              22.7877831
            ],
            [
              108.4941817,
              22.7884607
            ],
            [
              108.494691,
              22.7900252
            ],
            [
              108.4948963,
              22.790652
            ],
            [
              108.4951895,
              22.7913705
            ],
            [
              108.4955529,
              22.7920459
            ],
            [
              108.4961906,
              22.7929622
            ],
            [
              108.4967992,
              22.7936331
            ],
            [
              108.4969464,
              22.7937797
            ],
            [
              108.4971678,
              22.7939295
            ],
            [
              108.4972983,
              22.794055
            ],
            [
              108.497524,
              22.794359
            ],
            [
              108.4975743,
              22.794452
            ],
            [
              108.4975806,
              22.7945504
            ],
            [
              108.4975918,
              22.794706
            ],
            [
              108.4976591,
              22.7948184
            ],
            [
              108.4977947,
              22.7949562
            ],
            [
              108.4979195,
              22.7950321
            ],
            [
              108.4980566,
              22.7950766
            ],
            [
              108.4982713,
              22.795132
            ],
            [
              108.498504,
              22.7951649
            ],
            [
              108.4987082,
              22.7952268
            ],
            [
              108.4988032,
              22.7952767
            ],
            [
              108.4988745,
              22.795317
            ],
            [
              108.4989906,
              22.7953445
            ],
            [
              108.4991913,
              22.7954022
            ],
            [
              108.4993822,
              22.7955123
            ],
            [
              108.5007044,
              22.7963689
            ],
            [
              108.5009251,
              22.7964811
            ],
            [
              108.5018909,
              22.7968343
            ],
            [
              108.5022032,
              22.796931
            ],
            [
              108.5030305,
              22.7971216
            ],
            [
              108.503303,
              22.7971522
            ],
            [
              108.5036908,
              22.7971655
            ],
            [
              108.5039719,
              22.7971989
            ],
            [
              108.5042745,
              22.797262
            ],
            [
              108.5046521,
              22.7973998
            ],
            [
              108.5047508,
              22.7974477
            ],
            [
              108.5048533,
              22.7974784
            ],
            [
              108.5049586,
              22.7974917
            ],
            [
              108.505087,
              22.7975084
            ],
            [
              108.5054386,
              22.7976026
            ],
            [
              108.5055963,
              22.7976687
            ],
            [
              108.5056106,
              22.7976813
            ],
            [
              108.5056196,
              22.7977036
            ],
            [
              108.505605,
              22.7977513
            ],
            [
              108.5055511,
              22.797881
            ],
            [
              108.5055857,
              22.7978957
            ],
            [
              108.5056978,
              22.7977286
            ],
            [
              108.5057253,
              22.7977169
            ],
            [
              108.50576,
              22.7977101
            ],
            [
              108.5058177,
              22.7977125
            ],
            [
              108.5068008,
              22.7978547
            ],
            [
              108.5068266,
              22.7978819
            ],
            [
              108.5068258,
              22.7979874
            ],
            [
              108.5068477,
              22.7979942
            ],
            [
              108.5070523,
              22.7980273
            ],
            [
              108.5071265,
              22.7980459
            ],
            [
              108.5072077,
              22.7980809
            ],
            [
              108.507319,
              22.7981115
            ],
            [
              108.5074579,
              22.7981235
            ],
            [
              108.5076246,
              22.7981164
            ],
            [
              108.5080055,
              22.79816
            ],
            [
              108.5086611,
              22.7982799
            ],
            [
              108.5153908,
              22.7991071
            ],
            [
              108.5202339,
              22.7996466
            ],
            [
              108.5204861,
              22.7995931
            ],
            [
              108.5213501,
              22.7997188
            ],
            [
              108.5216143,
              22.7998082
            ],
            [
              108.5224954,
              22.7998779
            ],
            [
              108.5258688,
              22.8002706
            ],
            [
              108.5258504,
              22.8003733
            ],
            [
              108.5276597,
              22.800583
            ],
            [
              108.5276254,
              22.8008944
            ],
            [
              108.5274909,
              22.8010445
            ],
            [
              108.5271208,
              22.80105
            ],
            [
              108.5267912,
              22.8010295
            ],
            [
              108.5208888,
              22.8003966
            ],
            [
              108.5204008,
              22.8003332
            ],
            [
              108.5201211,
              22.8002448
            ],
            [
              108.5199383,
              22.8002093
            ],
            [
              108.5180396,
              22.8000682
            ],
            [
              108.5179851,
              22.8000336
            ],
            [
              108.5180066,
              22.7998516
            ],
            [
              108.5179849,
              22.7998218
            ],
            [
              108.5158447,
              22.7995613
            ],
            [
              108.5157911,
              22.7997591
            ],
            [
              108.5157374,
              22.7997987
            ],
            [
              108.5083882,
              22.7990074
            ],
            [
              108.505883,
              22.7987255
            ],
            [
              108.5054412,
              22.7986682
            ],
            [
              108.5049684,
              22.7986068
            ],
            [
              108.5039169,
              22.7983769
            ],
            [
              108.5035817,
              22.7982508
            ],
            [
              108.503131,
              22.798053
            ],
            [
              108.5016987,
              22.7973309
            ],
            [
              108.4977237,
              22.7951401
            ],
            [
              108.4963343,
              22.794339
            ],
            [
              108.4960961,
              22.7941863
            ],
            [
              108.4953399,
              22.7933917
            ],
            [
              108.4948634,
              22.7926174
            ],
            [
              108.494352,
              22.7915841
            ],
            [
              108.494338,
              22.791498
            ],
            [
              108.4943474,
              22.791399
            ],
            [
              108.494366,
              22.7912052
            ],
            [
              108.4943147,
              22.7910459
            ],
            [
              108.4938948,
              22.7901668
            ],
            [
              108.493827,
              22.7899111
            ],
            [
              108.493827,
              22.7897123
            ],
            [
              108.4938208,
              22.7895475
            ],
            [
              108.4936791,
              22.7890078
            ],
            [
              108.493636,
              22.7887749
            ],
            [
              108.4936035,
              22.7885562
            ],
            [
              108.4935812,
              22.7883356
            ],
            [
              108.4935838,
              22.7882469
            ],
            [
              108.4936096,
              22.7881108
            ],
            [
              108.4936526,
              22.7879855
            ],
            [
              108.4935971,
              22.7869867
            ],
            [
              108.4935724,
              22.7866629
            ],
            [
              108.4935786,
              22.7863874
            ],
            [
              108.493597,
              22.7861062
            ],
            [
              108.4936311,
              22.7858984
            ],
            [
              108.4936182,
              22.7856624
            ],
            [
              108.4935709,
              22.7853841
            ],
            [
              108.493498,
              22.7850655
            ],
            [
              108.4934554,
              22.7848632
            ],
            [
              108.4934696,
              22.7845352
            ],
            [
              108.4935489,
              22.784194
            ],
            [
              108.4936526,
              22.7839599
            ],
            [
              108.4938029,
              22.7837274
            ],
            [
              108.493927,
              22.7835719
            ],
            [
              108.4940408,
              22.7833994
            ],
            [
              108.494405,
              22.7827696
            ],
            [
              108.4945472,
              22.7824856
            ],
            [
              108.494623,
              22.7822573
            ],
            [
              108.494646,
              22.7821181
            ],
            [
              108.4946506,
              22.781938
            ],
            [
              108.4947034,
              22.7817252
            ],
            [
              108.4949246,
              22.7809976
            ],
            [
              108.4953792,
              22.7796061
            ],
            [
              108.4954237,
              22.7794001
            ],
            [
              108.4954272,
              22.7792354
            ],
            [
              108.4954297,
              22.7788588
            ],
            [
              108.4954913,
              22.7781456
            ],
            [
              108.4955248,
              22.7780556
            ],
            [
              108.4955471,
              22.7779752
            ],
            [
              108.4955504,
              22.7775216
            ],
            [
              108.4954448,
              22.7773889
            ],
            [
              108.4953575,
              22.7772587
            ],
            [
              108.495342,
              22.7771379
            ],
            [
              108.4952972,
              22.7749835
            ],
            [
              108.4953194,
              22.7748036
            ],
            [
              108.495591,
              22.7740381
            ],
            [
              108.4958379,
              22.7730794
            ],
            [
              108.4963957,
              22.7713114
            ],
            [
              108.4964928,
              22.7710789
            ],
            [
              108.4970835,
              22.7696985
            ],
            [
              108.4972216,
              22.7693748
            ],
            [
              108.4974555,
              22.7685232
            ],
            [
              108.4975419,
              22.7679257
            ],
            [
              108.4975864,
              22.7664563
            ],
            [
              108.4975741,
              22.7661658
            ],
            [
              108.4975088,
              22.7659409
            ],
            [
              108.4961089,
              22.761676
            ],
            [
              108.4958557,
              22.7610764
            ],
            [
              108.4956261,
              22.7606475
            ],
            [
              108.4953873,
              22.7603919
            ],
            [
              108.4949961,
              22.7600896
            ],
            [
              108.4943981,
              22.7597335
            ],
            [
              108.4940255,
              22.7595475
            ],
            [
              108.4925605,
              22.759015
            ],
            [
              108.4920127,
              22.7588397
            ],
            [
              108.4917727,
              22.7588034
            ],
            [
              108.4915361,
              22.7587977
            ],
            [
              108.4909791,
              22.7588594
            ],
            [
              108.490194,
              22.7589569
            ],
            [
              108.4898315,
              22.7590533
            ],
            [
              108.4897037,
              22.7590611
            ],
            [
              108.4893739,
              22.7592129
            ],
            [
              108.4893489,
              22.7592582
            ],
            [
              108.4893366,
              22.7592996
            ],
            [
              108.4892858,
              22.7593326
            ],
            [
              108.4892258,
              22.7593354
            ],
            [
              108.4891612,
              22.7593576
            ],
            [
              108.4891029,
              22.7593812
            ],
            [
              108.4884148,
              22.759779
            ],
            [
              108.4881903,
              22.7599806
            ],
            [
              108.4879442,
              22.7602724
            ],
            [
              108.4870951,
              22.7617112
            ],
            [
              108.486964,
              22.762089
            ],
            [
              108.486882,
              22.7624969
            ],
            [
              108.4867995,
              22.7633582
            ],
            [
              108.4867175,
              22.7649362
            ],
            [
              108.4864167,
              22.7649152
            ],
            [
              108.4865428,
              22.7627942
            ],
            [
              108.4867201,
              22.7618265
            ]
          ]
        ]
      }
    },
    {
      "type": "Feature",
      "id": "way/1006747471",
      "properties": {
        "name": "绿城生态文化点 park",
        "category": "绿城生态文化点",
        "tags": [
          "leisure:park"
        ],
        "osmType": "way",
        "osmId": 1006747471,
        "osmSource": "overpass",
        "cultureText": "来自 OSM/Overpass 的南宁生态文化相关公共空间。",
        "greenScore": 86,
        "quietScore": 70
      },
      "geometry": {
        "type": "Polygon",
        "coordinates": [
          [
            [
              108.4864167,
              22.7649152
            ],
            [
              108.4867175,
              22.7649362
            ],
            [
              108.4867353,
              22.7652977
            ],
            [
              108.4867613,
              22.7655813
            ],
            [
              108.486797,
              22.7657562
            ],
            [
              108.4868489,
              22.7659266
            ],
            [
              108.4868748,
              22.7661525
            ],
            [
              108.4868779,
              22.7664628
            ],
            [
              108.4868594,
              22.766901
            ],
            [
              108.4868625,
              22.7671075
            ],
            [
              108.4869017,
              22.7674262
            ],
            [
              108.4869117,
              22.7678938
            ],
            [
              108.4869278,
              22.7681627
            ],
            [
              108.4869391,
              22.7684566
            ],
            [
              108.4869538,
              22.7688387
            ],
            [
              108.4869768,
              22.7690996
            ],
            [
              108.4870397,
              22.7701325
            ],
            [
              108.4870772,
              22.770401
            ],
            [
              108.4871754,
              22.7709701
            ],
            [
              108.4872967,
              22.771564
            ],
            [
              108.4874604,
              22.77214
            ],
            [
              108.4875656,
              22.7724603
            ],
            [
              108.4876121,
              22.7726704
            ],
            [
              108.4876626,
              22.7728933
            ],
            [
              108.4877371,
              22.7730805
            ],
            [
              108.4878258,
              22.7732607
            ],
            [
              108.4878933,
              22.7734023
            ],
            [
              108.4880534,
              22.773922
            ],
            [
              108.488132,
              22.7740336
            ],
            [
              108.4882792,
              22.774132
            ],
            [
              108.4883709,
              22.7742303
            ],
            [
              108.4888672,
              22.7751182
            ],
            [
              108.4889543,
              22.7751684
            ],
            [
              108.4891175,
              22.7751918
            ],
            [
              108.489137,
              22.7763154
            ],
            [
              108.4891527,
              22.7770034
            ],
            [
              108.4890726,
              22.7773826
            ],
            [
              108.4890977,
              22.7776349
            ],
            [
              108.489261,
              22.7784526
            ],
            [
              108.4893824,
              22.7788929
            ],
            [
              108.4894865,
              22.7792822
            ],
            [
              108.4895402,
              22.7796363
            ],
            [
              108.4896274,
              22.7799867
            ],
            [
              108.489731,
              22.7801522
            ],
            [
              108.489832,
              22.7803271
            ],
            [
              108.4900045,
              22.7807844
            ],
            [
              108.4900803,
              22.7810921
            ],
            [
              108.4901301,
              22.7815884
            ],
            [
              108.4901248,
              22.7822984
            ],
            [
              108.490072,
              22.7829262
            ],
            [
              108.4899588,
              22.7846536
            ],
            [
              108.4899171,
              22.785365
            ],
            [
              108.4898559,
              22.7861208
            ],
            [
              108.4897508,
              22.7867241
            ],
            [
              108.4896901,
              22.7869137
            ],
            [
              108.4896696,
              22.7871177
            ],
            [
              108.4896704,
              22.7872776
            ],
            [
              108.4896312,
              22.7874075
            ],
            [
              108.4895707,
              22.7875021
            ],
            [
              108.4894696,
              22.7876073
            ],
            [
              108.4893737,
              22.7877188
            ],
            [
              108.4892893,
              22.787882
            ],
            [
              108.4892174,
              22.7880729
            ],
            [
              108.4891195,
              22.7882105
            ],
            [
              108.4890036,
              22.7883335
            ],
            [
              108.4888686,
              22.7885272
            ],
            [
              108.4886734,
              22.7888327
            ],
            [
              108.4883945,
              22.7891516
            ],
            [
              108.4882097,
              22.7893424
            ],
            [
              108.4880655,
              22.7894958
            ],
            [
              108.4880027,
              22.7896243
            ],
            [
              108.4879791,
              22.789745
            ],
            [
              108.4879952,
              22.7898885
            ],
            [
              108.4880545,
              22.7899979
            ],
            [
              108.487974,
              22.7900691
            ],
            [
              108.4876326,
              22.7897731
            ],
            [
              108.48583,
              22.7915698
            ],
            [
              108.4857566,
              22.7915198
            ],
            [
              108.4852163,
              22.7920108
            ],
            [
              108.4851547,
              22.7920563
            ],
            [
              108.4839835,
              22.7927875
            ],
            [
              108.4839521,
              22.7928248
            ],
            [
              108.483945,
              22.7928704
            ],
            [
              108.4839557,
              22.792921
            ],
            [
              108.4844848,
              22.793585
            ],
            [
              108.4845166,
              22.7936356
            ],
            [
              108.4845166,
              22.7936764
            ],
            [
              108.4844918,
              22.7937269
            ],
            [
              108.4832761,
              22.7949929
            ],
            [
              108.4831071,
              22.795076
            ],
            [
              108.482969,
              22.7949814
            ],
            [
              108.4813658,
              22.7948346
            ],
            [
              108.4805093,
              22.7958819
            ],
            [
              108.4800563,
              22.7968085
            ],
            [
              108.4812679,
              22.7971783
            ],
            [
              108.480887,
              22.7977796
            ],
            [
              108.480831,
              22.7978965
            ],
            [
              108.4807071,
              22.7981414
            ],
            [
              108.4805123,
              22.7985406
            ],
            [
              108.4801644,
              22.7992777
            ],
            [
              108.479825,
              22.8001344
            ],
            [
              108.4790689,
              22.8020313
            ],
            [
              108.4784837,
              22.8035812
            ],
            [
              108.4781926,
              22.8042811
            ],
            [
              108.4777924,
              22.8050692
            ],
            [
              108.4772916,
              22.806023
            ],
            [
              108.4769111,
              22.8067948
            ],
            [
              108.476167,
              22.8081904
            ],
            [
              108.4756711,
              22.8091118
            ],
            [
              108.475437,
              22.8095475
            ],
            [
              108.4748555,
              22.8105299
            ],
            [
              108.4746157,
              22.8109056
            ],
            [
              108.47419,
              22.8114728
            ],
            [
              108.4738878,
              22.8118253
            ],
            [
              108.4734226,
              22.812181
            ],
            [
              108.4728353,
              22.8124625
            ],
            [
              108.472369,
              22.811569
            ],
            [
              108.4716965,
              22.8119115
            ],
            [
              108.4712116,
              22.8120616
            ],
            [
              108.4706808,
              22.8122051
            ],
            [
              108.4700429,
              22.8123375
            ],
            [
              108.4695784,
              22.8124241
            ],
            [
              108.4690917,
              22.8125329
            ],
            [
              108.4689093,
              22.8125588
            ],
            [
              108.4689062,
              22.8127966
            ],
            [
              108.4683687,
              22.8126391
            ],
            [
              108.4679976,
              22.8125704
            ],
            [
              108.4670076,
              22.8122127
            ],
            [
              108.4633405,
              22.8108291
            ],
            [
              108.4637088,
              22.8102494
            ],
            [
              108.4654636,
              22.8111468
            ],
            [
              108.4666092,
              22.8116476
            ],
            [
              108.4672576,
              22.8118753
            ],
            [
              108.4679574,
              22.8120198
            ],
            [
              108.4684977,
              22.8120807
            ],
            [
              108.4695425,
              22.8121193
            ],
            [
              108.4697515,
              22.812125
            ],
            [
              108.4698997,
              22.8121153
            ],
            [
              108.4700358,
              22.8120924
            ],
            [
              108.4703699,
              22.8120028
            ],
            [
              108.4708584,
              22.8118814
            ],
            [
              108.4712724,
              22.8117817
            ],
            [
              108.4713028,
              22.8117751
            ],
            [
              108.4713332,
              22.8117788
            ],
            [
              108.4713884,
              22.8118355
            ],
            [
              108.4714081,
              22.8118394
            ],
            [
              108.4714271,
              22.8118375
            ],
            [
              108.4729107,
              22.8109859
            ],
            [
              108.4738497,
              22.8103541
            ],
            [
              108.474573,
              22.8097884
            ],
            [
              108.4751238,
              22.809231
            ],
            [
              108.4758379,
              22.8083242
            ],
            [
              108.4764586,
              22.8072797
            ],
            [
              108.4771797,
              22.805731
            ],
            [
              108.4774749,
              22.8049996
            ],
            [
              108.478125,
              22.8033987
            ],
            [
              108.4782672,
              22.8029244
            ],
            [
              108.4785556,
              22.8025255
            ],
            [
              108.4787619,
              22.8023933
            ],
            [
              108.4788272,
              22.8022715
            ],
            [
              108.4788698,
              22.802192
            ],
            [
              108.4787503,
              22.8020648
            ],
            [
              108.4786894,
              22.8018415
            ],
            [
              108.4787385,
              22.8014452
            ],
            [
              108.4789967,
              22.7998883
            ],
            [
              108.4789115,
              22.7994419
            ],
            [
              108.4789121,
              22.7991736
            ],
            [
              108.4796211,
              22.7974017
            ],
            [
              108.4804887,
              22.7956455
            ],
            [
              108.4809446,
              22.794637
            ],
            [
              108.4817191,
              22.7936704
            ],
            [
              108.485324,
              22.7914548
            ],
            [
              108.4872573,
              22.7897261
            ],
            [
              108.4888118,
              22.7877594
            ],
            [
              108.4891308,
              22.7869686
            ],
            [
              108.4894334,
              22.7859053
            ],
            [
              108.4896963,
              22.7838532
            ],
            [
              108.489763,
              22.7828094
            ],
            [
              108.4896732,
              22.7812394
            ],
            [
              108.4894724,
              22.7806134
            ],
            [
              108.4891402,
              22.780063
            ],
            [
              108.4887974,
              22.7784466
            ],
            [
              108.4885844,
              22.7770817
            ],
            [
              108.4881099,
              22.7753122
            ],
            [
              108.4869666,
              22.7723128
            ],
            [
              108.4866868,
              22.7712714
            ],
            [
              108.4863938,
              22.768665
            ],
            [
              108.4863417,
              22.7666231
            ],
            [
              108.4864167,
              22.7649152
            ]
          ]
        ]
      }
    },
    {
      "type": "Feature",
      "id": "way/1008101439",
      "properties": {
        "name": "南宁古城墙",
        "category": "景观点",
        "tags": [
          "tourism:attraction"
        ],
        "osmType": "way",
        "osmId": 1008101439,
        "osmSource": "overpass",
        "cultureText": "来自 OSM/Overpass 的南宁生态文化相关公共空间。",
        "greenScore": 74,
        "quietScore": 70
      },
      "geometry": {
        "type": "Polygon",
        "coordinates": [
          [
            [
              108.3168022,
              22.8135569
            ],
            [
              108.3167557,
              22.8135353
            ],
            [
              108.3168057,
              22.8134442
            ],
            [
              108.3167668,
              22.813426
            ],
            [
              108.3167908,
              22.8133824
            ],
            [
              108.3168379,
              22.8134043
            ],
            [
              108.3169286,
              22.813239
            ],
            [
              108.3169079,
              22.8132293
            ],
            [
              108.3169284,
              22.813192
            ],
            [
              108.3169531,
              22.8132035
            ],
            [
              108.3170045,
              22.8130585
            ],
            [
              108.3169779,
              22.8130461
            ],
            [
              108.3169966,
              22.8130122
            ],
            [
              108.3170226,
              22.8130243
            ],
            [
              108.3170988,
              22.8128855
            ],
            [
              108.317156,
              22.8129121
            ],
            [
              108.3168022,
              22.8135569
            ]
          ]
        ]
      }
    },
    {
      "type": "Feature",
      "id": "way/1008122142",
      "properties": {
        "name": "绿城生态文化点 park",
        "category": "绿城生态文化点",
        "tags": [
          "leisure:park"
        ],
        "osmType": "way",
        "osmId": 1008122142,
        "osmSource": "overpass",
        "cultureText": "来自 OSM/Overpass 的南宁生态文化相关公共空间。",
        "greenScore": 86,
        "quietScore": 70
      },
      "geometry": {
        "type": "Polygon",
        "coordinates": [
          [
            [
              108.4949797,
              22.7569663
            ],
            [
              108.4953701,
              22.757183
            ],
            [
              108.4954999,
              22.7571215
            ],
            [
              108.4956177,
              22.7571207
            ],
            [
              108.4956603,
              22.7571765
            ],
            [
              108.4956216,
              22.7573074
            ],
            [
              108.4957567,
              22.7573741
            ],
            [
              108.4960259,
              22.757477
            ],
            [
              108.4962123,
              22.7575144
            ],
            [
              108.4964417,
              22.7575221
            ],
            [
              108.4967019,
              22.757577
            ],
            [
              108.4968263,
              22.7576831
            ],
            [
              108.4968863,
              22.7578337
            ],
            [
              108.4969848,
              22.7580954
            ],
            [
              108.4971753,
              22.7584249
            ],
            [
              108.4975912,
              22.758977
            ],
            [
              108.4987138,
              22.7605157
            ],
            [
              108.4988701,
              22.760786
            ],
            [
              108.4989736,
              22.7610452
            ],
            [
              108.4992914,
              22.7620002
            ],
            [
              108.4994019,
              22.7623105
            ],
            [
              108.4995436,
              22.7625436
            ],
            [
              108.4997178,
              22.7627468
            ],
            [
              108.4998752,
              22.7629393
            ],
            [
              108.500055,
              22.7630761
            ],
            [
              108.5001894,
              22.7631682
            ],
            [
              108.5002668,
              22.7633128
            ],
            [
              108.5003588,
              22.7639087
            ],
            [
              108.5003594,
              22.7644946
            ],
            [
              108.5000156,
              22.7685273
            ],
            [
              108.5000683,
              22.7699265
            ],
            [
              108.5001394,
              22.7712089
            ],
            [
              108.5002071,
              22.7720942
            ],
            [
              108.5002038,
              22.7728063
            ],
            [
              108.5001193,
              22.7732694
            ],
            [
              108.4999318,
              22.7740001
            ],
            [
              108.4998756,
              22.7743385
            ],
            [
              108.4998644,
              22.774637
            ],
            [
              108.499963,
              22.775573
            ],
            [
              108.499881,
              22.7763647
            ],
            [
              108.4995583,
              22.7777829
            ],
            [
              108.4990506,
              22.7792282
            ],
            [
              108.4989324,
              22.7795299
            ],
            [
              108.4988054,
              22.7796938
            ],
            [
              108.4986927,
              22.7800796
            ],
            [
              108.4986522,
              22.7802486
            ],
            [
              108.4986848,
              22.7804155
            ],
            [
              108.4986768,
              22.7805562
            ],
            [
              108.4986447,
              22.7806994
            ],
            [
              108.4983207,
              22.7810727
            ],
            [
              108.4976475,
              22.7817504
            ],
            [
              108.4974786,
              22.7819605
            ],
            [
              108.4969471,
              22.7829637
            ],
            [
              108.4968898,
              22.783083
            ],
            [
              108.4968528,
              22.7832886
            ],
            [
              108.4968519,
              22.7835348
            ],
            [
              108.4969055,
              22.7838141
            ],
            [
              108.4970078,
              22.7840933
            ],
            [
              108.4970142,
              22.7843257
            ],
            [
              108.4970237,
              22.7844607
            ],
            [
              108.4970086,
              22.7846377
            ],
            [
              108.4969569,
              22.784803
            ],
            [
              108.4969292,
              22.7850081
            ],
            [
              108.4969437,
              22.7852007
            ],
            [
              108.4972122,
              22.7869438
            ],
            [
              108.4973862,
              22.7880079
            ],
            [
              108.4976194,
              22.7887989
            ],
            [
              108.4979665,
              22.7895
            ],
            [
              108.4983363,
              22.7900568
            ],
            [
              108.4987694,
              22.7906099
            ],
            [
              108.4993627,
              22.7912426
            ],
            [
              108.5018557,
              22.793235
            ],
            [
              108.5022643,
              22.7934262
            ],
            [
              108.5028263,
              22.7936267
            ],
            [
              108.5034046,
              22.7937222
            ],
            [
              108.5060273,
              22.7939542
            ],
            [
              108.5071022,
              22.7939887
            ],
            [
              108.5082711,
              22.7939943
            ],
            [
              108.5109779,
              22.7939891
            ],
            [
              108.5113602,
              22.7939561
            ],
            [
              108.5116052,
              22.7938935
            ],
            [
              108.5117848,
              22.7937913
            ],
            [
              108.5119397,
              22.7936484
            ],
            [
              108.5120449,
              22.7935062
            ],
            [
              108.5121241,
              22.7933294
            ],
            [
              108.5121614,
              22.7931483
            ],
            [
              108.5121272,
              22.7928663
            ],
            [
              108.5110844,
              22.790687
            ],
            [
              108.5109676,
              22.7905357
            ],
            [
              108.5108337,
              22.7904249
            ],
            [
              108.5106836,
              22.7903339
            ],
            [
              108.5103749,
              22.7902104
            ],
            [
              108.5101673,
              22.7901181
            ],
            [
              108.5098295,
              22.7902151
            ],
            [
              108.509675,
              22.7903987
            ],
            [
              108.5095408,
              22.7906011
            ],
            [
              108.5088394,
              22.7907831
            ],
            [
              108.5087647,
              22.7908477
            ],
            [
              108.5087273,
              22.790951
            ],
            [
              108.50876,
              22.791515
            ],
            [
              108.5088814,
              22.7919412
            ],
            [
              108.5090869,
              22.7921264
            ],
            [
              108.5091943,
              22.7923201
            ],
            [
              108.5091616,
              22.7925009
            ],
            [
              108.5087927,
              22.7932285
            ],
            [
              108.5086946,
              22.7933146
            ],
            [
              108.5085405,
              22.7933448
            ],
            [
              108.5072236,
              22.7933706
            ],
            [
              108.5070788,
              22.7933577
            ],
            [
              108.5069994,
              22.7933017
            ],
            [
              108.5069714,
              22.7931984
            ],
            [
              108.5070461,
              22.7928324
            ],
            [
              108.5069901,
              22.7927119
            ],
            [
              108.5067659,
              22.7926129
            ],
            [
              108.5061495,
              22.7925095
            ],
            [
              108.5060234,
              22.7925569
            ],
            [
              108.5059346,
              22.7926731
            ],
            [
              108.5058506,
              22.7931424
            ],
            [
              108.5057759,
              22.7932285
            ],
            [
              108.5056358,
              22.793263
            ],
            [
              108.5041787,
              22.7932199
            ],
            [
              108.5037911,
              22.7931769
            ],
            [
              108.5034175,
              22.7930262
            ],
            [
              108.5026983,
              22.7926688
            ],
            [
              108.5021893,
              22.7924407
            ],
            [
              108.5019184,
              22.7922986
            ],
            [
              108.5016709,
              22.7921393
            ],
            [
              108.5000878,
              22.7907185
            ],
            [
              108.499915,
              22.7908218
            ],
            [
              108.4995181,
              22.790486
            ],
            [
              108.4991658,
              22.7900512
            ],
            [
              108.4987288,
              22.7894398
            ],
            [
              108.4985,
              22.7890222
            ],
            [
              108.4984113,
              22.788738
            ],
            [
              108.4981124,
              22.7877348
            ],
            [
              108.4979281,
              22.7862096
            ],
            [
              108.4978172,
              22.7850904
            ],
            [
              108.497848,
              22.7846757
            ],
            [
              108.497959,
              22.784295
            ],
            [
              108.4981007,
              22.7837667
            ],
            [
              108.4981561,
              22.7834315
            ],
            [
              108.4982486,
              22.7829599
            ],
            [
              108.4983718,
              22.7825679
            ],
            [
              108.4987169,
              22.7817214
            ],
            [
              108.4988247,
              22.7815339
            ],
            [
              108.4991914,
              22.7811362
            ],
            [
              108.4994009,
              22.7809714
            ],
            [
              108.4996243,
              22.7808081
            ],
            [
              108.4997367,
              22.780657
            ],
            [
              108.4997975,
              22.7804822
            ],
            [
              108.4998476,
              22.7802329
            ],
            [
              108.5003991,
              22.7780398
            ],
            [
              108.5004669,
              22.7774546
            ],
            [
              108.5005285,
              22.776608
            ],
            [
              108.5004608,
              22.775966
            ],
            [
              108.5004669,
              22.7756649
            ],
            [
              108.5005224,
              22.7751251
            ],
            [
              108.5004361,
              22.7747956
            ],
            [
              108.5003375,
              22.7745002
            ],
            [
              108.5003745,
              22.7742672
            ],
            [
              108.5004854,
              22.7740854
            ],
            [
              108.5007442,
              22.7739888
            ],
            [
              108.5009784,
              22.773949
            ],
            [
              108.5013851,
              22.7739604
            ],
            [
              108.5018226,
              22.7739036
            ],
            [
              108.5025004,
              22.7737047
            ],
            [
              108.5037883,
              22.7728354
            ],
            [
              108.504232,
              22.7724661
            ],
            [
              108.5046695,
              22.7720116
            ],
            [
              108.5059702,
              22.7702929
            ],
            [
              108.5064745,
              22.7699367
            ],
            [
              108.5068929,
              22.7695905
            ],
            [
              108.5071289,
              22.7690958
            ],
            [
              108.5072791,
              22.7685913
            ],
            [
              108.5073113,
              22.7677801
            ],
            [
              108.5070896,
              22.767251
            ],
            [
              108.5058049,
              22.7656241
            ],
            [
              108.5046829,
              22.7646344
            ],
            [
              108.5032905,
              22.7637249
            ],
            [
              108.5028006,
              22.7644614
            ],
            [
              108.5031333,
              22.7647129
            ],
            [
              108.5028976,
              22.7651163
            ],
            [
              108.503081,
              22.7652498
            ],
            [
              108.5029439,
              22.7656078
            ],
            [
              108.5024032,
              22.7656078
            ],
            [
              108.502243,
              22.7660993
            ],
            [
              108.5016455,
              22.7662732
            ],
            [
              108.5012218,
              22.7662908
            ],
            [
              108.5010676,
              22.7659312
            ],
            [
              108.5011781,
              22.7654249
            ],
            [
              108.5007672,
              22.7652852
            ],
            [
              108.5005864,
              22.7650415
            ],
            [
              108.5007088,
              22.7642032
            ],
            [
              108.5006566,
              22.763649
            ],
            [
              108.5004725,
              22.7630829
            ],
            [
              108.5001668,
              22.7625704
            ],
            [
              108.5002725,
              22.7624336
            ],
            [
              108.4999592,
              22.7621697
            ],
            [
              108.500477,
              22.7615902
            ],
            [
              108.5006876,
              22.7613717
            ],
            [
              108.4996862,
              22.7600621
            ],
            [
              108.4994594,
              22.7597655
            ],
            [
              108.4987543,
              22.7587836
            ],
            [
              108.4982732,
              22.758241
            ],
            [
              108.4975401,
              22.7575606
            ],
            [
              108.4972458,
              22.7573065
            ],
            [
              108.496989,
              22.7571429
            ],
            [
              108.4965267,
              22.7569491
            ],
            [
              108.4955241,
              22.7566239
            ],
            [
              108.4954182,
              22.7566025
            ],
            [
              108.495309,
              22.756612
            ],
            [
              108.4952237,
              22.7566519
            ],
            [
              108.4949797,
              22.7569663
            ]
          ]
        ]
      }
    },
    {
      "type": "Feature",
      "id": "way/1008133002",
      "properties": {
        "name": "绿城生态文化点 park",
        "category": "绿城生态文化点",
        "tags": [
          "leisure:park"
        ],
        "osmType": "way",
        "osmId": 1008133002,
        "osmSource": "overpass",
        "cultureText": "来自 OSM/Overpass 的南宁生态文化相关公共空间。",
        "greenScore": 86,
        "quietScore": 70
      },
      "geometry": {
        "type": "Polygon",
        "coordinates": [
          [
            [
              108.5136377,
              22.7867673
            ],
            [
              108.5139963,
              22.7866357
            ],
            [
              108.514141,
              22.7866142
            ],
            [
              108.5142613,
              22.786638
            ],
            [
              108.5143414,
              22.7866835
            ],
            [
              108.5143938,
              22.786763
            ],
            [
              108.5145047,
              22.787101
            ],
            [
              108.5146587,
              22.7873226
            ],
            [
              108.5148806,
              22.7874874
            ],
            [
              108.5150716,
              22.7876976
            ],
            [
              108.5153027,
              22.7880299
            ],
            [
              108.5154197,
              22.78826
            ],
            [
              108.5154536,
              22.7884049
            ],
            [
              108.5154351,
              22.7885554
            ],
            [
              108.515355,
              22.7887429
            ],
            [
              108.5152996,
              22.788936
            ],
            [
              108.5153088,
              22.7890525
            ],
            [
              108.5153581,
              22.7892201
            ],
            [
              108.5166065,
              22.7925629
            ],
            [
              108.5171288,
              22.79399
            ],
            [
              108.5172173,
              22.7944501
            ],
            [
              108.5172031,
              22.7948873
            ],
            [
              108.5171005,
              22.7955268
            ],
            [
              108.5170509,
              22.7960586
            ],
            [
              108.5170899,
              22.7963425
            ],
            [
              108.5172456,
              22.7966557
            ],
            [
              108.5174933,
              22.796933
            ],
            [
              108.5177411,
              22.7971092
            ],
            [
              108.5180738,
              22.79723
            ],
            [
              108.5184206,
              22.7972952
            ],
            [
              108.5192559,
              22.7974061
            ],
            [
              108.5278008,
              22.7983637
            ],
            [
              108.5278914,
              22.7983945
            ],
            [
              108.5279524,
              22.7984339
            ],
            [
              108.5279808,
              22.7984938
            ],
            [
              108.527991,
              22.7985669
            ],
            [
              108.52793,
              22.7990598
            ],
            [
              108.5278833,
              22.7991197
            ],
            [
              108.5278263,
              22.7991441
            ],
            [
              108.5277084,
              22.7991741
            ],
            [
              108.5261209,
              22.7991647
            ],
            [
              108.5255593,
              22.799124
            ],
            [
              108.5204868,
              22.7985299
            ],
            [
              108.5202054,
              22.7985406
            ],
            [
              108.5199435,
              22.7985804
            ],
            [
              108.5196847,
              22.7985775
            ],
            [
              108.5194999,
              22.7985406
            ],
            [
              108.5193674,
              22.7984668
            ],
            [
              108.5192811,
              22.7983759
            ],
            [
              108.5191271,
              22.7983248
            ],
            [
              108.5178453,
              22.7979555
            ],
            [
              108.5175342,
              22.7979044
            ],
            [
              108.5165605,
              22.797805
            ],
            [
              108.516311,
              22.7977624
            ],
            [
              108.516197,
              22.7976999
            ],
            [
              108.51616,
              22.7976033
            ],
            [
              108.5161816,
              22.7974471
            ],
            [
              108.516228,
              22.7972398
            ],
            [
              108.5162097,
              22.7971874
            ],
            [
              108.5161548,
              22.7971499
            ],
            [
              108.5159665,
              22.7971494
            ],
            [
              108.5159701,
              22.797092
            ],
            [
              108.5161365,
              22.7968452
            ],
            [
              108.5162202,
              22.7959302
            ],
            [
              108.5162477,
              22.7957903
            ],
            [
              108.5163076,
              22.7956692
            ],
            [
              108.5164085,
              22.7955405
            ],
            [
              108.5165182,
              22.795441
            ],
            [
              108.5165855,
              22.7952898
            ],
            [
              108.5166186,
              22.7951393
            ],
            [
              108.5167059,
              22.7944457
            ],
            [
              108.5166905,
              22.7941912
            ],
            [
              108.5165951,
              22.7938669
            ],
            [
              108.5150732,
              22.7905227
            ],
            [
              108.5147715,
              22.7898856
            ],
            [
              108.5136377,
              22.7867673
            ]
          ]
        ]
      }
    },
    {
      "type": "Feature",
      "id": "way/1012349720",
      "properties": {
        "name": "绿城生态文化点 park",
        "category": "绿城生态文化点",
        "tags": [
          "leisure:park"
        ],
        "osmType": "way",
        "osmId": 1012349720,
        "osmSource": "overpass",
        "cultureText": "来自 OSM/Overpass 的南宁生态文化相关公共空间。",
        "greenScore": 86,
        "quietScore": 70
      },
      "geometry": {
        "type": "Polygon",
        "coordinates": [
          [
            [
              108.3448692,
              22.792933
            ],
            [
              108.3448237,
              22.7932619
            ],
            [
              108.3446668,
              22.7937948
            ],
            [
              108.3454299,
              22.7940581
            ],
            [
              108.3456606,
              22.7939864
            ],
            [
              108.345902,
              22.7940556
            ],
            [
              108.3459785,
              22.7942368
            ],
            [
              108.3464181,
              22.7943233
            ],
            [
              108.3465286,
              22.7942779
            ],
            [
              108.3465832,
              22.7940729
            ],
            [
              108.3465779,
              22.7938825
            ],
            [
              108.346598,
              22.7937218
            ],
            [
              108.3455385,
              22.793566
            ],
            [
              108.3456042,
              22.7931902
            ],
            [
              108.3448692,
              22.792933
            ]
          ]
        ]
      }
    },
    {
      "type": "Feature",
      "id": "way/1013688336",
      "properties": {
        "name": "阳光水上乐园",
        "category": "绿城生态文化点",
        "tags": [
          "leisure:water_park"
        ],
        "osmType": "way",
        "osmId": 1013688336,
        "osmSource": "overpass",
        "cultureText": "来自 OSM/Overpass 的南宁生态文化相关公共空间。",
        "greenScore": 86,
        "quietScore": 70
      },
      "geometry": {
        "type": "Polygon",
        "coordinates": [
          [
            [
              108.3219606,
              22.757056
            ],
            [
              108.3214912,
              22.7570288
            ],
            [
              108.3215448,
              22.7562249
            ],
            [
              108.321915,
              22.756267
            ],
            [
              108.321974,
              22.7563115
            ],
            [
              108.3220035,
              22.7563783
            ],
            [
              108.3220062,
              22.7564624
            ],
            [
              108.3219606,
              22.757056
            ]
          ]
        ]
      }
    },
    {
      "type": "Feature",
      "id": "way/1014063674",
      "properties": {
        "name": "亚热带植物科普园",
        "category": "绿城生态文化点",
        "tags": [
          "leisure:park"
        ],
        "osmType": "way",
        "osmId": 1014063674,
        "osmSource": "overpass",
        "cultureText": "来自 OSM/Overpass 的南宁生态文化相关公共空间。",
        "greenScore": 86,
        "quietScore": 70
      },
      "geometry": {
        "type": "Polygon",
        "coordinates": [
          [
            [
              108.3355631,
              22.8942672
            ],
            [
              108.3399564,
              22.8944111
            ],
            [
              108.3399457,
              22.8949645
            ],
            [
              108.3397096,
              22.8953698
            ],
            [
              108.3407825,
              22.8964965
            ],
            [
              108.3399028,
              22.8977715
            ],
            [
              108.3400315,
              22.8984831
            ],
            [
              108.3405358,
              22.8993231
            ],
            [
              108.3405458,
              22.89964
            ],
            [
              108.3417492,
              22.8997574
            ],
            [
              108.3430233,
              22.8996922
            ],
            [
              108.3429808,
              22.89994
            ],
            [
              108.3425702,
              22.9001095
            ],
            [
              108.3427118,
              22.901205
            ],
            [
              108.3432498,
              22.901531
            ],
            [
              108.3429949,
              22.9021961
            ],
            [
              108.3433489,
              22.9027699
            ],
            [
              108.3431507,
              22.9030828
            ],
            [
              108.3420464,
              22.9031089
            ],
            [
              108.3416076,
              22.9036436
            ],
            [
              108.3418199,
              22.9041652
            ],
            [
              108.3415085,
              22.9053519
            ],
            [
              108.3416217,
              22.9056127
            ],
            [
              108.3411687,
              22.907008
            ],
            [
              108.341197,
              22.9078296
            ],
            [
              108.3403335,
              22.9083121
            ],
            [
              108.3399229,
              22.9089771
            ],
            [
              108.3378136,
              22.9097465
            ],
            [
              108.3373181,
              22.9103333
            ],
            [
              108.3373889,
              22.9106854
            ],
            [
              108.3368792,
              22.9122502
            ],
            [
              108.3358458,
              22.9122241
            ],
            [
              108.3354069,
              22.9118198
            ],
            [
              108.3352795,
              22.909929
            ],
            [
              108.3345009,
              22.9090162
            ],
            [
              108.3333259,
              22.9084816
            ],
            [
              108.3328021,
              22.9087946
            ],
            [
              108.3324196,
              22.9094412
            ],
            [
              108.3328487,
              22.9103702
            ],
            [
              108.331448,
              22.9119555
            ],
            [
              108.3304643,
              22.912534
            ],
            [
              108.3295655,
              22.9124606
            ],
            [
              108.3281066,
              22.9115165
            ],
            [
              108.3276285,
              22.910752
            ],
            [
              108.3281431,
              22.90972
            ],
            [
              108.327613,
              22.908789
            ],
            [
              108.3279778,
              22.9063578
            ],
            [
              108.3281066,
              22.9047173
            ],
            [
              108.3300163,
              22.9026023
            ],
            [
              108.3305098,
              22.9003885
            ],
            [
              108.3317544,
              22.8994397
            ],
            [
              108.3318187,
              22.8982142
            ],
            [
              108.3321835,
              22.8974828
            ],
            [
              108.3317115,
              22.8960003
            ],
            [
              108.3330633,
              22.8955654
            ],
            [
              108.3332135,
              22.8960991
            ],
            [
              108.3341362,
              22.8969293
            ],
            [
              108.334737,
              22.8969096
            ],
            [
              108.3344795,
              22.8955852
            ],
            [
              108.334973,
              22.8949724
            ],
            [
              108.3344151,
              22.8945573
            ],
            [
              108.3345439,
              22.8938852
            ],
            [
              108.3353489,
              22.893905
            ],
            [
              108.3355631,
              22.8942672
            ]
          ]
        ]
      }
    },
    {
      "type": "Feature",
      "id": "way/1014107015",
      "properties": {
        "name": "埌东公园",
        "category": "绿城生态文化点",
        "tags": [
          "leisure:park"
        ],
        "osmType": "way",
        "osmId": 1014107015,
        "osmSource": "overpass",
        "cultureText": "来自 OSM/Overpass 的南宁生态文化相关公共空间。",
        "greenScore": 86,
        "quietScore": 70
      },
      "geometry": {
        "type": "Polygon",
        "coordinates": [
          [
            [
              108.4059952,
              22.8170458
            ],
            [
              108.4059055,
              22.8170085
            ],
            [
              108.4058285,
              22.8169566
            ],
            [
              108.4056714,
              22.8169091
            ],
            [
              108.4055059,
              22.8161097
            ],
            [
              108.4055193,
              22.8160306
            ],
            [
              108.4055595,
              22.8159861
            ],
            [
              108.4056507,
              22.8159465
            ],
            [
              108.4070742,
              22.8159077
            ],
            [
              108.4076416,
              22.8158798
            ],
            [
              108.410607,
              22.8158812
            ],
            [
              108.4107106,
              22.815898
            ],
            [
              108.410796,
              22.815913
            ],
            [
              108.4109871,
              22.8159149
            ],
            [
              108.4111456,
              22.8159111
            ],
            [
              108.4112005,
              22.815928
            ],
            [
              108.4112432,
              22.8159636
            ],
            [
              108.4112513,
              22.8160629
            ],
            [
              108.4112656,
              22.8162784
            ],
            [
              108.4116233,
              22.8162653
            ],
            [
              108.4116437,
              22.8159917
            ],
            [
              108.4116701,
              22.8159393
            ],
            [
              108.4117229,
              22.8159074
            ],
            [
              108.4118103,
              22.8159055
            ],
            [
              108.4124722,
              22.8158779
            ],
            [
              108.4126368,
              22.8158611
            ],
            [
              108.4132852,
              22.8158678
            ],
            [
              108.4132595,
              22.8161562
            ],
            [
              108.4133272,
              22.8162552
            ],
            [
              108.4133529,
              22.8164058
            ],
            [
              108.4133179,
              22.8166275
            ],
            [
              108.4131801,
              22.8171161
            ],
            [
              108.413012,
              22.8175035
            ],
            [
              108.4128579,
              22.8177446
            ],
            [
              108.4127855,
              22.8177919
            ],
            [
              108.4127201,
              22.8178005
            ],
            [
              108.4126361,
              22.8177962
            ],
            [
              108.4125707,
              22.8177725
            ],
            [
              108.4118865,
              22.8173184
            ],
            [
              108.4117488,
              22.8171742
            ],
            [
              108.411653,
              22.817002
            ],
            [
              108.41159,
              22.8167825
            ],
            [
              108.4116483,
              22.816761
            ],
            [
              108.4116203,
              22.8165823
            ],
            [
              108.4112981,
              22.8165995
            ],
            [
              108.4112234,
              22.8167696
            ],
            [
              108.4112771,
              22.8168427
            ],
            [
              108.4113518,
              22.8171139
            ],
            [
              108.4113531,
              22.8171542
            ],
            [
              108.4113372,
              22.8171966
            ],
            [
              108.4113088,
              22.8172194
            ],
            [
              108.4112469,
              22.8172357
            ],
            [
              108.4110763,
              22.8172141
            ],
            [
              108.4110153,
              22.8172197
            ],
            [
              108.4109523,
              22.8172403
            ],
            [
              108.4106514,
              22.8173134
            ],
            [
              108.410625,
              22.8173172
            ],
            [
              108.4105884,
              22.8173059
            ],
            [
              108.4105457,
              22.8173003
            ],
            [
              108.4101351,
              22.8174033
            ],
            [
              108.4101087,
              22.8174202
            ],
            [
              108.410127,
              22.8175214
            ],
            [
              108.4097753,
              22.8176507
            ],
            [
              108.409705,
              22.8175523
            ],
            [
              108.4094385,
              22.8177
            ],
            [
              108.4092197,
              22.8178448
            ],
            [
              108.409021,
              22.8180024
            ],
            [
              108.4091412,
              22.8181118
            ],
            [
              108.4090083,
              22.8182592
            ],
            [
              108.4088606,
              22.8185761
            ],
            [
              108.4087817,
              22.8186593
            ],
            [
              108.4087028,
              22.8186902
            ],
            [
              108.4086232,
              22.8186908
            ],
            [
              108.4083545,
              22.8185947
            ],
            [
              108.408321,
              22.8185505
            ],
            [
              108.4083056,
              22.8184923
            ],
            [
              108.4084252,
              22.8179965
            ],
            [
              108.4084379,
              22.8178051
            ],
            [
              108.4084547,
              22.8164533
            ],
            [
              108.4084321,
              22.8163865
            ],
            [
              108.4083677,
              22.8163303
            ],
            [
              108.4081017,
              22.8162672
            ],
            [
              108.4079571,
              22.8162737
            ],
            [
              108.4078377,
              22.8163221
            ],
            [
              108.4075976,
              22.8164943
            ],
            [
              108.407501,
              22.8165584
            ],
            [
              108.4074036,
              22.8165939
            ],
            [
              108.4071092,
              22.8166176
            ],
            [
              108.4069543,
              22.8166199
            ],
            [
              108.4068199,
              22.8166578
            ],
            [
              108.4067148,
              22.8167181
            ],
            [
              108.4065113,
              22.8169407
            ],
            [
              108.4064193,
              22.8170097
            ],
            [
              108.4063254,
              22.8170428
            ],
            [
              108.4059952,
              22.8170458
            ]
          ]
        ]
      }
    },
    {
      "type": "Feature",
      "id": "way/1015073777",
      "properties": {
        "name": "绿城生态文化点 park",
        "category": "绿城生态文化点",
        "tags": [
          "leisure:park"
        ],
        "osmType": "way",
        "osmId": 1015073777,
        "osmSource": "overpass",
        "cultureText": "来自 OSM/Overpass 的南宁生态文化相关公共空间。",
        "greenScore": 86,
        "quietScore": 70
      },
      "geometry": {
        "type": "Polygon",
        "coordinates": [
          [
            [
              108.3591279,
              22.7408369
            ],
            [
              108.3591373,
              22.7399513
            ],
            [
              108.3591507,
              22.7398969
            ],
            [
              108.359195,
              22.7398412
            ],
            [
              108.3592647,
              22.7398165
            ],
            [
              108.3613247,
              22.7398177
            ],
            [
              108.3613837,
              22.7398301
            ],
            [
              108.3614561,
              22.7398598
            ],
            [
              108.3614936,
              22.7399191
            ],
            [
              108.3615124,
              22.7399958
            ],
            [
              108.3614936,
              22.7402754
            ],
            [
              108.3614266,
              22.7405697
            ],
            [
              108.3613434,
              22.7407355
            ],
            [
              108.3612308,
              22.7408443
            ],
            [
              108.3611181,
              22.740921
            ],
            [
              108.3609948,
              22.7409581
            ],
            [
              108.3608499,
              22.7409779
            ],
            [
              108.3592889,
              22.7409705
            ],
            [
              108.3592245,
              22.7409556
            ],
            [
              108.3591735,
              22.7409272
            ],
            [
              108.3591387,
              22.7408901
            ],
            [
              108.3591279,
              22.7408369
            ]
          ]
        ]
      }
    },
    {
      "type": "Feature",
      "id": "way/1019915823",
      "properties": {
        "name": "绿城生态文化点 park",
        "category": "绿城生态文化点",
        "tags": [
          "leisure:park"
        ],
        "osmType": "way",
        "osmId": 1019915823,
        "osmSource": "overpass",
        "cultureText": "来自 OSM/Overpass 的南宁生态文化相关公共空间。",
        "greenScore": 86,
        "quietScore": 70
      },
      "geometry": {
        "type": "Polygon",
        "coordinates": [
          [
            [
              108.3665053,
              22.7479809
            ],
            [
              108.3651404,
              22.7481917
            ],
            [
              108.3636407,
              22.7481894
            ],
            [
              108.3635581,
              22.7476148
            ],
            [
              108.3635749,
              22.7470343
            ],
            [
              108.363599,
              22.7462838
            ],
            [
              108.363641,
              22.7462074
            ],
            [
              108.363711,
              22.7461513
            ],
            [
              108.3638346,
              22.7461253
            ],
            [
              108.3650088,
              22.7464139
            ],
            [
              108.3655904,
              22.7465549
            ],
            [
              108.3667726,
              22.7468394
            ],
            [
              108.3668981,
              22.746984
            ],
            [
              108.3669103,
              22.7471262
            ],
            [
              108.3668871,
              22.7472101
            ],
            [
              108.3665053,
              22.7479809
            ]
          ]
        ]
      }
    },
    {
      "type": "Feature",
      "id": "way/1059583605",
      "properties": {
        "name": "南宁剧场",
        "category": "文化艺术点",
        "tags": [
          "amenity:theatre"
        ],
        "osmType": "way",
        "osmId": 1059583605,
        "osmSource": "overpass",
        "cultureText": "来自 OSM/Overpass 的南宁生态文化相关公共空间。",
        "greenScore": 74,
        "quietScore": 70
      },
      "geometry": {
        "type": "Polygon",
        "coordinates": [
          [
            [
              108.3092045,
              22.8098417
            ],
            [
              108.3092673,
              22.8094593
            ],
            [
              108.309676,
              22.8095164
            ],
            [
              108.3096958,
              22.809396
            ],
            [
              108.3098349,
              22.8094154
            ],
            [
              108.3098105,
              22.8095635
            ],
            [
              108.3100817,
              22.8096013
            ],
            [
              108.3101204,
              22.8093657
            ],
            [
              108.3102405,
              22.8093824
            ],
            [
              108.3101993,
              22.8096335
            ],
            [
              108.3103466,
              22.8096541
            ],
            [
              108.3102857,
              22.810025
            ],
            [
              108.3101278,
              22.810003
            ],
            [
              108.3100845,
              22.810267
            ],
            [
              108.3095367,
              22.8101905
            ],
            [
              108.3095852,
              22.8098948
            ],
            [
              108.3092045,
              22.8098417
            ]
          ]
        ]
      }
    },
    {
      "type": "Feature",
      "id": "way/1061757427",
      "properties": {
        "name": "百益上河城·艺术中心",
        "category": "文化艺术点",
        "tags": [
          "amenity:arts_centre"
        ],
        "osmType": "way",
        "osmId": 1061757427,
        "osmSource": "overpass",
        "cultureText": "来自 OSM/Overpass 的南宁生态文化相关公共空间。",
        "greenScore": 74,
        "quietScore": 70
      },
      "geometry": {
        "type": "Polygon",
        "coordinates": [
          [
            [
              108.3025998,
              22.7894843
            ],
            [
              108.3034847,
              22.789501
            ],
            [
              108.303489,
              22.789307
            ],
            [
              108.3026042,
              22.7892901
            ],
            [
              108.3025998,
              22.7894843
            ]
          ]
        ]
      }
    },
    {
      "type": "Feature",
      "id": "way/1065768282",
      "properties": {
        "name": "广西中医药大学药用植物园",
        "category": "绿城生态文化点",
        "tags": [
          "leisure:garden"
        ],
        "osmType": "way",
        "osmId": 1065768282,
        "osmSource": "overpass",
        "cultureText": "来自 OSM/Overpass 的南宁生态文化相关公共空间。",
        "greenScore": 86,
        "quietScore": 70
      },
      "geometry": {
        "type": "Polygon",
        "coordinates": [
          [
            [
              108.3140625,
              22.8437814
            ],
            [
              108.3147648,
              22.8438399
            ],
            [
              108.3148123,
              22.8433553
            ],
            [
              108.3139152,
              22.8432807
            ],
            [
              108.3138857,
              22.8435824
            ],
            [
              108.3140804,
              22.8435986
            ],
            [
              108.3140625,
              22.8437814
            ]
          ]
        ]
      }
    },
    {
      "type": "Feature",
      "id": "way/1077683246",
      "properties": {
        "name": "兴宁法治广场",
        "category": "绿城生态文化点",
        "tags": [
          "leisure:park"
        ],
        "osmType": "way",
        "osmId": 1077683246,
        "osmSource": "overpass",
        "cultureText": "来自 OSM/Overpass 的南宁生态文化相关公共空间。",
        "greenScore": 86,
        "quietScore": 70
      },
      "geometry": {
        "type": "Polygon",
        "coordinates": [
          [
            [
              108.3171967,
              22.8311239
            ],
            [
              108.317694,
              22.8313935
            ],
            [
              108.3183369,
              22.830709
            ],
            [
              108.3184686,
              22.8305119
            ],
            [
              108.3190046,
              22.8303331
            ],
            [
              108.3196426,
              22.8300833
            ],
            [
              108.3203465,
              22.8298359
            ],
            [
              108.3202977,
              22.8294905
            ],
            [
              108.3197238,
              22.829671
            ],
            [
              108.319684,
              22.8297199
            ],
            [
              108.3183169,
              22.8302087
            ],
            [
              108.318361,
              22.8303238
            ],
            [
              108.3182358,
              22.830398
            ],
            [
              108.3181217,
              22.8303069
            ],
            [
              108.3179448,
              22.8303857
            ],
            [
              108.3175708,
              22.8307548
            ],
            [
              108.3171967,
              22.8311239
            ]
          ]
        ]
      }
    },
    {
      "type": "Feature",
      "id": "way/1119614774",
      "properties": {
        "name": "景秀广场",
        "category": "绿城生态文化点",
        "tags": [
          "leisure:park"
        ],
        "osmType": "way",
        "osmId": 1119614774,
        "osmSource": "overpass",
        "cultureText": "来自 OSM/Overpass 的南宁生态文化相关公共空间。",
        "greenScore": 86,
        "quietScore": 70
      },
      "geometry": {
        "type": "Polygon",
        "coordinates": [
          [
            [
              108.3825051,
              22.8180631
            ],
            [
              108.3838512,
              22.8181363
            ],
            [
              108.3840966,
              22.818113
            ],
            [
              108.3847353,
              22.81796
            ],
            [
              108.3851431,
              22.8178003
            ],
            [
              108.385486,
              22.8177371
            ],
            [
              108.3858649,
              22.8177338
            ],
            [
              108.3862474,
              22.8178535
            ],
            [
              108.3865397,
              22.8179333
            ],
            [
              108.3872903,
              22.8179333
            ],
            [
              108.3872903,
              22.8175541
            ],
            [
              108.3867238,
              22.8175042
            ],
            [
              108.3864314,
              22.8174144
            ],
            [
              108.3859804,
              22.8173146
            ],
            [
              108.3856484,
              22.8172481
            ],
            [
              108.3851359,
              22.8172548
            ],
            [
              108.3847209,
              22.817328
            ],
            [
              108.3841832,
              22.8175042
            ],
            [
              108.3836996,
              22.8176273
            ],
            [
              108.3832918,
              22.8176373
            ],
            [
              108.3825088,
              22.8175508
            ],
            [
              108.3825051,
              22.8180631
            ]
          ]
        ]
      }
    },
    {
      "type": "Feature",
      "id": "way/1119614775",
      "properties": {
        "name": "花坛广场",
        "category": "绿城生态文化点",
        "tags": [
          "leisure:park"
        ],
        "osmType": "way",
        "osmId": 1119614775,
        "osmSource": "overpass",
        "cultureText": "来自 OSM/Overpass 的南宁生态文化相关公共空间。",
        "greenScore": 86,
        "quietScore": 70
      },
      "geometry": {
        "type": "Polygon",
        "coordinates": [
          [
            [
              108.3875594,
              22.8178983
            ],
            [
              108.3884005,
              22.8179458
            ],
            [
              108.3889412,
              22.8179655
            ],
            [
              108.3892288,
              22.8179735
            ],
            [
              108.3897566,
              22.8179299
            ],
            [
              108.3903574,
              22.8178825
            ],
            [
              108.3910312,
              22.8178034
            ],
            [
              108.3918638,
              22.8177915
            ],
            [
              108.3918852,
              22.8177282
            ],
            [
              108.3918809,
              22.8175344
            ],
            [
              108.391838,
              22.8174909
            ],
            [
              108.391426,
              22.8174671
            ],
            [
              108.3906621,
              22.817475
            ],
            [
              108.390203,
              22.817475
            ],
            [
              108.3898425,
              22.8174909
            ],
            [
              108.3893961,
              22.8175304
            ],
            [
              108.388864,
              22.8175502
            ],
            [
              108.3883404,
              22.8175581
            ],
            [
              108.3875894,
              22.8175542
            ],
            [
              108.3875336,
              22.8176174
            ],
            [
              108.3875336,
              22.8178587
            ],
            [
              108.3875594,
              22.8178983
            ]
          ]
        ]
      }
    },
    {
      "type": "Feature",
      "id": "way/1130560653",
      "properties": {
        "name": "广西方志馆",
        "category": "博物馆",
        "tags": [
          "tourism:museum"
        ],
        "osmType": "way",
        "osmId": 1130560653,
        "osmSource": "overpass",
        "cultureText": "来自 OSM/Overpass 的南宁生态文化相关公共空间。",
        "greenScore": 74,
        "quietScore": 70
      },
      "geometry": {
        "type": "Polygon",
        "coordinates": [
          [
            [
              108.2108037,
              22.8392978
            ],
            [
              108.2112272,
              22.8392985
            ],
            [
              108.2112278,
              22.8390315
            ],
            [
              108.2108042,
              22.8390308
            ],
            [
              108.2108037,
              22.8392978
            ]
          ]
        ]
      }
    },
    {
      "type": "Feature",
      "id": "way/1132535201",
      "properties": {
        "name": "绿城生态文化点 park",
        "category": "绿城生态文化点",
        "tags": [
          "leisure:park"
        ],
        "osmType": "way",
        "osmId": 1132535201,
        "osmSource": "overpass",
        "cultureText": "来自 OSM/Overpass 的南宁生态文化相关公共空间。",
        "greenScore": 86,
        "quietScore": 70
      },
      "geometry": {
        "type": "Polygon",
        "coordinates": [
          [
            [
              108.2707141,
              22.8339316
            ],
            [
              108.2715755,
              22.8336475
            ],
            [
              108.2721716,
              22.8337886
            ],
            [
              108.272598,
              22.8341688
            ],
            [
              108.2728392,
              22.8345003
            ],
            [
              108.272788,
              22.8352984
            ],
            [
              108.2735564,
              22.8365125
            ],
            [
              108.2737111,
              22.8370321
            ],
            [
              108.274265,
              22.8377817
            ],
            [
              108.2727642,
              22.8380908
            ],
            [
              108.2727532,
              22.8377754
            ],
            [
              108.2728907,
              22.8374537
            ],
            [
              108.2729103,
              22.8369611
            ],
            [
              108.2722162,
              22.8361676
            ],
            [
              108.271955,
              22.8356906
            ],
            [
              108.2719591,
              22.8355427
            ],
            [
              108.2718933,
              22.8353765
            ],
            [
              108.2714911,
              22.8351186
            ],
            [
              108.2711213,
              22.834281
            ],
            [
              108.2707141,
              22.8339316
            ]
          ]
        ]
      }
    },
    {
      "type": "Feature",
      "id": "way/1132535203",
      "properties": {
        "name": "绿城生态文化点 park",
        "category": "绿城生态文化点",
        "tags": [
          "leisure:park"
        ],
        "osmType": "way",
        "osmId": 1132535203,
        "osmSource": "overpass",
        "cultureText": "来自 OSM/Overpass 的南宁生态文化相关公共空间。",
        "greenScore": 86,
        "quietScore": 70
      },
      "geometry": {
        "type": "Polygon",
        "coordinates": [
          [
            [
              108.2702016,
              22.8388535
            ],
            [
              108.2720873,
              22.8384128
            ],
            [
              108.2720125,
              22.83824
            ],
            [
              108.271457,
              22.83789
            ],
            [
              108.2711192,
              22.8374633
            ],
            [
              108.2704611,
              22.8369033
            ],
            [
              108.2699925,
              22.8366854
            ],
            [
              108.2693886,
              22.8367298
            ],
            [
              108.2692455,
              22.8369369
            ],
            [
              108.2691703,
              22.8368646
            ],
            [
              108.2690376,
              22.8368053
            ],
            [
              108.2689241,
              22.8367304
            ],
            [
              108.2688496,
              22.8366363
            ],
            [
              108.2687782,
              22.8365219
            ],
            [
              108.2686707,
              22.8363918
            ],
            [
              108.2686542,
              22.8360645
            ],
            [
              108.2685494,
              22.8358775
            ],
            [
              108.2683765,
              22.8355097
            ],
            [
              108.268119,
              22.8353228
            ],
            [
              108.2680123,
              22.8351491
            ],
            [
              108.2680232,
              22.8346979
            ],
            [
              108.2675102,
              22.8342238
            ],
            [
              108.2671143,
              22.8338673
            ],
            [
              108.2670757,
              22.8336943
            ],
            [
              108.2649773,
              22.8336247
            ],
            [
              108.2653216,
              22.8341214
            ],
            [
              108.2656309,
              22.8345169
            ],
            [
              108.2660651,
              22.834825
            ],
            [
              108.2666539,
              22.8350365
            ],
            [
              108.2671129,
              22.8352159
            ],
            [
              108.2674672,
              22.8354228
            ],
            [
              108.2677466,
              22.8357586
            ],
            [
              108.2677217,
              22.8362552
            ],
            [
              108.2677616,
              22.8365127
            ],
            [
              108.2679263,
              22.8367887
            ],
            [
              108.2682556,
              22.8370232
            ],
            [
              108.2685849,
              22.837198
            ],
            [
              108.2688993,
              22.8373083
            ],
            [
              108.2692835,
              22.8373773
            ],
            [
              108.2697525,
              22.8374095
            ],
            [
              108.2702316,
              22.8375888
            ],
            [
              108.2704162,
              22.8378234
            ],
            [
              108.2706557,
              22.8377452
            ],
            [
              108.2708403,
              22.8384258
            ],
            [
              108.2704262,
              22.838527
            ],
            [
              108.2702016,
              22.8388535
            ]
          ]
        ]
      }
    },
    {
      "type": "Feature",
      "id": "way/1132535205",
      "properties": {
        "name": "绿城生态文化点 park",
        "category": "绿城生态文化点",
        "tags": [
          "leisure:park"
        ],
        "osmType": "way",
        "osmId": 1132535205,
        "osmSource": "overpass",
        "cultureText": "来自 OSM/Overpass 的南宁生态文化相关公共空间。",
        "greenScore": 86,
        "quietScore": 70
      },
      "geometry": {
        "type": "Polygon",
        "coordinates": [
          [
            [
              108.2728514,
              22.8388506
            ],
            [
              108.2729569,
              22.838965
            ],
            [
              108.2730233,
              22.8391108
            ],
            [
              108.2732239,
              22.8391561
            ],
            [
              108.2737541,
              22.8391955
            ],
            [
              108.2741029,
              22.839313
            ],
            [
              108.27421,
              22.8395033
            ],
            [
              108.2743057,
              22.8398998
            ],
            [
              108.2743851,
              22.8402872
            ],
            [
              108.2745603,
              22.8405733
            ],
            [
              108.2746612,
              22.8407378
            ],
            [
              108.2746,
              22.840855
            ],
            [
              108.2744648,
              22.8409866
            ],
            [
              108.2744387,
              22.8411492
            ],
            [
              108.2745821,
              22.8413418
            ],
            [
              108.2747673,
              22.8414115
            ],
            [
              108.2749735,
              22.8414952
            ],
            [
              108.2750122,
              22.8415881
            ],
            [
              108.2750197,
              22.8417188
            ],
            [
              108.2749586,
              22.8419083
            ],
            [
              108.2749873,
              22.8420026
            ],
            [
              108.2751714,
              22.842123
            ],
            [
              108.2752351,
              22.8422978
            ],
            [
              108.2752208,
              22.8426021
            ],
            [
              108.2753461,
              22.8428331
            ],
            [
              108.2755963,
              22.8429828
            ],
            [
              108.275775,
              22.8437865
            ],
            [
              108.2756879,
              22.8439426
            ],
            [
              108.2756672,
              22.8442366
            ],
            [
              108.2756627,
              22.8445853
            ],
            [
              108.2756511,
              22.8450649
            ],
            [
              108.2756252,
              22.8454515
            ],
            [
              108.2757404,
              22.8456726
            ],
            [
              108.2759607,
              22.845955
            ],
            [
              108.2760191,
              22.8462016
            ],
            [
              108.2760955,
              22.8463772
            ],
            [
              108.2760845,
              22.8465354
            ],
            [
              108.2760109,
              22.8466453
            ],
            [
              108.2758832,
              22.8468669
            ],
            [
              108.2757357,
              22.8470691
            ],
            [
              108.2757011,
              22.8472708
            ],
            [
              108.2757357,
              22.8474476
            ],
            [
              108.2759185,
              22.8476438
            ],
            [
              108.2760264,
              22.8479709
            ],
            [
              108.2761586,
              22.8482184
            ],
            [
              108.2762897,
              22.8486467
            ],
            [
              108.2762313,
              22.8488604
            ],
            [
              108.2760834,
              22.8491707
            ],
            [
              108.2758879,
              22.8494072
            ],
            [
              108.2755575,
              22.8497492
            ],
            [
              108.2753983,
              22.8503046
            ],
            [
              108.2754185,
              22.8507251
            ],
            [
              108.2755153,
              22.8508978
            ],
            [
              108.2770507,
              22.8511165
            ],
            [
              108.2771061,
              22.8511269
            ],
            [
              108.277189,
              22.8510814
            ],
            [
              108.2772137,
              22.8510326
            ],
            [
              108.2771865,
              22.850777
            ],
            [
              108.2770779,
              22.8497562
            ],
            [
              108.2771661,
              22.8489271
            ],
            [
              108.2772861,
              22.8483126
            ],
            [
              108.2773954,
              22.847594
            ],
            [
              108.2773531,
              22.8468104
            ],
            [
              108.2772155,
              22.8463031
            ],
            [
              108.2770814,
              22.8458544
            ],
            [
              108.2770003,
              22.8454512
            ],
            [
              108.2769579,
              22.8448854
            ],
            [
              108.2769262,
              22.8441441
            ],
            [
              108.2769085,
              22.8433279
            ],
            [
              108.2768133,
              22.8428954
            ],
            [
              108.2767039,
              22.8426418
            ],
            [
              108.276344,
              22.8420695
            ],
            [
              108.2759629,
              22.8415688
            ],
            [
              108.27579,
              22.8411948
            ],
            [
              108.2756277,
              22.8408306
            ],
            [
              108.2755642,
              22.8400145
            ],
            [
              108.2755572,
              22.8398909
            ],
            [
              108.2747209,
              22.8399072
            ],
            [
              108.2745974,
              22.8393674
            ],
            [
              108.2746539,
              22.839052
            ],
            [
              108.2745516,
              22.8384341
            ],
            [
              108.2728514,
              22.8388506
            ]
          ]
        ]
      }
    },
    {
      "type": "Feature",
      "id": "way/1132535207",
      "properties": {
        "name": "绿城生态文化点 park",
        "category": "绿城生态文化点",
        "tags": [
          "leisure:park"
        ],
        "osmType": "way",
        "osmId": 1132535207,
        "osmSource": "overpass",
        "cultureText": "来自 OSM/Overpass 的南宁生态文化相关公共空间。",
        "greenScore": 86,
        "quietScore": 70
      },
      "geometry": {
        "type": "Polygon",
        "coordinates": [
          [
            [
              108.273338,
              22.8505709
            ],
            [
              108.2743957,
              22.8507375
            ],
            [
              108.2743983,
              22.8507002
            ],
            [
              108.2742621,
              22.850384
            ],
            [
              108.2744871,
              22.8503245
            ],
            [
              108.2746784,
              22.8501953
            ],
            [
              108.27465,
              22.8498675
            ],
            [
              108.2745731,
              22.8496624
            ],
            [
              108.2744732,
              22.8493641
            ],
            [
              108.2742734,
              22.8484831
            ],
            [
              108.2742151,
              22.8478154
            ],
            [
              108.2743011,
              22.8472558
            ],
            [
              108.2743929,
              22.8468337
            ],
            [
              108.2747648,
              22.8461488
            ],
            [
              108.2746685,
              22.8457124
            ],
            [
              108.2746606,
              22.8454277
            ],
            [
              108.2747345,
              22.8452784
            ],
            [
              108.2747566,
              22.8450328
            ],
            [
              108.2746946,
              22.8447008
            ],
            [
              108.2746317,
              22.8443935
            ],
            [
              108.2743731,
              22.8441436
            ],
            [
              108.2741272,
              22.8439693
            ],
            [
              108.2741492,
              22.8439085
            ],
            [
              108.2741267,
              22.8435466
            ],
            [
              108.2738858,
              22.8429919
            ],
            [
              108.2737809,
              22.8426082
            ],
            [
              108.273804,
              22.8423211
            ],
            [
              108.273662,
              22.8417823
            ],
            [
              108.2735825,
              22.8413528
            ],
            [
              108.2734375,
              22.8409727
            ],
            [
              108.2732895,
              22.8405901
            ],
            [
              108.2730989,
              22.8402443
            ],
            [
              108.2726914,
              22.8397943
            ],
            [
              108.2724472,
              22.8393715
            ],
            [
              108.272214,
              22.8390145
            ],
            [
              108.2722335,
              22.8389313
            ],
            [
              108.2717771,
              22.8390324
            ],
            [
              108.2718988,
              22.8393456
            ],
            [
              108.2721044,
              22.8397864
            ],
            [
              108.2722722,
              22.8404361
            ],
            [
              108.2724065,
              22.8409427
            ],
            [
              108.2727632,
              22.8414106
            ],
            [
              108.2729688,
              22.8417934
            ],
            [
              108.2729813,
              22.8419674
            ],
            [
              108.2728471,
              22.8423618
            ],
            [
              108.2726666,
              22.8430385
            ],
            [
              108.2725785,
              22.8433517
            ],
            [
              108.2725701,
              22.8435605
            ],
            [
              108.2727925,
              22.8438776
            ],
            [
              108.2731198,
              22.8442372
            ],
            [
              108.2733338,
              22.8444924
            ],
            [
              108.2736233,
              22.8447167
            ],
            [
              108.2736401,
              22.8449371
            ],
            [
              108.2735772,
              22.8453625
            ],
            [
              108.2736821,
              22.8455829
            ],
            [
              108.273766,
              22.8458381
            ],
            [
              108.2736401,
              22.8460933
            ],
            [
              108.2733716,
              22.8465921
            ],
            [
              108.2732163,
              22.8467893
            ],
            [
              108.2730065,
              22.846886
            ],
            [
              108.2727044,
              22.8468782
            ],
            [
              108.2727254,
              22.8474969
            ],
            [
              108.2728177,
              22.8481852
            ],
            [
              108.2727632,
              22.8505207
            ],
            [
              108.273338,
              22.8505709
            ]
          ]
        ]
      }
    },
    {
      "type": "Feature",
      "id": "way/1132535210",
      "properties": {
        "name": "绿城生态文化点 park",
        "category": "绿城生态文化点",
        "tags": [
          "leisure:park"
        ],
        "osmType": "way",
        "osmId": 1132535210,
        "osmSource": "overpass",
        "cultureText": "来自 OSM/Overpass 的南宁生态文化相关公共空间。",
        "greenScore": 86,
        "quietScore": 70
      },
      "geometry": {
        "type": "Polygon",
        "coordinates": [
          [
            [
              108.2755648,
              22.8512899
            ],
            [
              108.2777427,
              22.8516219
            ],
            [
              108.2778291,
              22.8516743
            ],
            [
              108.2778291,
              22.8522739
            ],
            [
              108.2789494,
              22.8524575
            ],
            [
              108.2789176,
              22.853732
            ],
            [
              108.278773,
              22.8538881
            ],
            [
              108.2784484,
              22.8539466
            ],
            [
              108.2777815,
              22.8540051
            ],
            [
              108.2771993,
              22.8540344
            ],
            [
              108.2771182,
              22.8541254
            ],
            [
              108.2771146,
              22.8542262
            ],
            [
              108.2776686,
              22.8546749
            ],
            [
              108.2779861,
              22.8548603
            ],
            [
              108.2782261,
              22.8550878
            ],
            [
              108.2788012,
              22.8550813
            ],
            [
              108.2788259,
              22.8563526
            ],
            [
              108.2786601,
              22.8564111
            ],
            [
              108.2785648,
              22.8565054
            ],
            [
              108.2785366,
              22.8567785
            ],
            [
              108.2785401,
              22.8574385
            ],
            [
              108.2784731,
              22.8575101
            ],
            [
              108.2782719,
              22.8575458
            ],
            [
              108.276416,
              22.8575621
            ],
            [
              108.2761867,
              22.8575881
            ],
            [
              108.2757915,
              22.8575751
            ],
            [
              108.275294,
              22.8576011
            ],
            [
              108.2751211,
              22.8576206
            ],
            [
              108.2749859,
              22.8576178
            ],
            [
              108.2750223,
              22.8575757
            ],
            [
              108.275349,
              22.8573266
            ],
            [
              108.2756316,
              22.8570142
            ],
            [
              108.2759148,
              22.8567407
            ],
            [
              108.2762202,
              22.8565219
            ],
            [
              108.2764061,
              22.8564084
            ],
            [
              108.2769355,
              22.856266
            ],
            [
              108.2770392,
              22.8561599
            ],
            [
              108.2771442,
              22.8558392
            ],
            [
              108.277269,
              22.8556512
            ],
            [
              108.2774548,
              22.8555963
            ],
            [
              108.2776617,
              22.8556031
            ],
            [
              108.27764,
              22.8552331
            ],
            [
              108.2775033,
              22.8549466
            ],
            [
              108.2774344,
              22.8547903
            ],
            [
              108.2768506,
              22.8543682
            ],
            [
              108.2768517,
              22.8540116
            ],
            [
              108.2770106,
              22.8537597
            ],
            [
              108.2770869,
              22.8534888
            ],
            [
              108.2769634,
              22.8530306
            ],
            [
              108.2768628,
              22.8528522
            ],
            [
              108.2765746,
              22.8527347
            ],
            [
              108.2760878,
              22.852329
            ],
            [
              108.2760078,
              22.8519463
            ],
            [
              108.2758299,
              22.8517003
            ],
            [
              108.275574,
              22.8513627
            ],
            [
              108.2755648,
              22.8512899
            ]
          ]
        ]
      }
    },
    {
      "type": "Feature",
      "id": "way/1132535216",
      "properties": {
        "name": "绿城生态文化点 park",
        "category": "绿城生态文化点",
        "tags": [
          "leisure:park"
        ],
        "osmType": "way",
        "osmId": 1132535216,
        "osmSource": "overpass",
        "cultureText": "来自 OSM/Overpass 的南宁生态文化相关公共空间。",
        "greenScore": 86,
        "quietScore": 70
      },
      "geometry": {
        "type": "Polygon",
        "coordinates": [
          [
            [
              108.2742887,
              22.8576177
            ],
            [
              108.2725177,
              22.8575786
            ],
            [
              108.272546,
              22.8565382
            ],
            [
              108.2727251,
              22.8565504
            ],
            [
              108.2729029,
              22.8565929
            ],
            [
              108.2730149,
              22.8563926
            ],
            [
              108.2730544,
              22.8558039
            ],
            [
              108.2730435,
              22.8555563
            ],
            [
              108.2730611,
              22.8551759
            ],
            [
              108.2734675,
              22.8551707
            ],
            [
              108.2734678,
              22.8551288
            ],
            [
              108.273454,
              22.8526561
            ],
            [
              108.2728208,
              22.8526285
            ],
            [
              108.2728307,
              22.8508996
            ],
            [
              108.274545,
              22.8511401
            ],
            [
              108.2745202,
              22.8512977
            ],
            [
              108.2744404,
              22.8518645
            ],
            [
              108.2744252,
              22.8522459
            ],
            [
              108.2743507,
              22.8525612
            ],
            [
              108.2744193,
              22.8527707
            ],
            [
              108.2745665,
              22.8528503
            ],
            [
              108.2746562,
              22.8530817
            ],
            [
              108.2746121,
              22.8534379
            ],
            [
              108.2746525,
              22.8538055
            ],
            [
              108.2744751,
              22.8542479
            ],
            [
              108.2739101,
              22.8548636
            ],
            [
              108.2737776,
              22.8552931
            ],
            [
              108.2736184,
              22.8555102
            ],
            [
              108.2737927,
              22.8559066
            ],
            [
              108.2739408,
              22.8560939
            ],
            [
              108.2739192,
              22.8564284
            ],
            [
              108.2738402,
              22.8567858
            ],
            [
              108.2736649,
              22.8573152
            ],
            [
              108.2740717,
              22.8573527
            ],
            [
              108.2742894,
              22.8575348
            ],
            [
              108.2742887,
              22.8576177
            ]
          ]
        ]
      }
    },
    {
      "type": "Feature",
      "id": "way/1132535217",
      "properties": {
        "name": "绿城生态文化点 park",
        "category": "绿城生态文化点",
        "tags": [
          "leisure:park"
        ],
        "osmType": "way",
        "osmId": 1132535217,
        "osmSource": "overpass",
        "cultureText": "来自 OSM/Overpass 的南宁生态文化相关公共空间。",
        "greenScore": 86,
        "quietScore": 70
      },
      "geometry": {
        "type": "Polygon",
        "coordinates": [
          [
            [
              108.2748716,
              22.8560035
            ],
            [
              108.2750163,
              22.8560449
            ],
            [
              108.2751211,
              22.8560265
            ],
            [
              108.2752658,
              22.8559484
            ],
            [
              108.2753855,
              22.8557322
            ],
            [
              108.2755502,
              22.8554885
            ],
            [
              108.2757997,
              22.8551989
            ],
            [
              108.2759294,
              22.8549598
            ],
            [
              108.2760043,
              22.8547069
            ],
            [
              108.2760093,
              22.8544816
            ],
            [
              108.2759694,
              22.8542287
            ],
            [
              108.2759095,
              22.8539758
            ],
            [
              108.2758496,
              22.8537597
            ],
            [
              108.2758945,
              22.8535619
            ],
            [
              108.2759045,
              22.8533458
            ],
            [
              108.2758396,
              22.8531435
            ],
            [
              108.2757498,
              22.8530286
            ],
            [
              108.2755502,
              22.8530332
            ],
            [
              108.2753307,
              22.8531251
            ],
            [
              108.275171,
              22.8532952
            ],
            [
              108.2750812,
              22.8535022
            ],
            [
              108.2750363,
              22.8537505
            ],
            [
              108.2750612,
              22.8539574
            ],
            [
              108.2750013,
              22.8541735
            ],
            [
              108.2748666,
              22.8544172
            ],
            [
              108.274667,
              22.8548402
            ],
            [
              108.2745672,
              22.8551253
            ],
            [
              108.2745423,
              22.8553138
            ],
            [
              108.2746171,
              22.8556081
            ],
            [
              108.2747069,
              22.8558564
            ],
            [
              108.2748716,
              22.8560035
            ]
          ]
        ]
      }
    },
    {
      "type": "Feature",
      "id": "way/1132535218",
      "properties": {
        "name": "绿城生态文化点 park",
        "category": "绿城生态文化点",
        "tags": [
          "leisure:park"
        ],
        "osmType": "way",
        "osmId": 1132535218,
        "osmSource": "overpass",
        "cultureText": "来自 OSM/Overpass 的南宁生态文化相关公共空间。",
        "greenScore": 86,
        "quietScore": 70
      },
      "geometry": {
        "type": "Polygon",
        "coordinates": [
          [
            [
              108.2737996,
              22.8581991
            ],
            [
              108.2725541,
              22.8582002
            ],
            [
              108.2723485,
              22.8590663
            ],
            [
              108.2716478,
              22.8622251
            ],
            [
              108.2714968,
              22.862979
            ],
            [
              108.2719278,
              22.863029
            ],
            [
              108.2719875,
              22.8628403
            ],
            [
              108.2721797,
              22.8627076
            ],
            [
              108.2724499,
              22.8623313
            ],
            [
              108.2725279,
              22.8620492
            ],
            [
              108.2727801,
              22.8609537
            ],
            [
              108.2730991,
              22.8605878
            ],
            [
              108.273468,
              22.8600747
            ],
            [
              108.2733879,
              22.859644
            ],
            [
              108.2735274,
              22.8591029
            ],
            [
              108.2734692,
              22.8584754
            ],
            [
              108.2737996,
              22.8581991
            ]
          ]
        ]
      }
    },
    {
      "type": "Feature",
      "id": "way/1132535219",
      "properties": {
        "name": "绿城生态文化点 park",
        "category": "绿城生态文化点",
        "tags": [
          "leisure:park"
        ],
        "osmType": "way",
        "osmId": 1132535219,
        "osmSource": "overpass",
        "cultureText": "来自 OSM/Overpass 的南宁生态文化相关公共空间。",
        "greenScore": 86,
        "quietScore": 70
      },
      "geometry": {
        "type": "Polygon",
        "coordinates": [
          [
            [
              108.2714875,
              22.8641078
            ],
            [
              108.2715736,
              22.864157
            ],
            [
              108.2719177,
              22.8641351
            ],
            [
              108.2737306,
              22.8636813
            ],
            [
              108.2738166,
              22.8636129
            ],
            [
              108.2738166,
              22.8635665
            ],
            [
              108.2738344,
              22.8634626
            ],
            [
              108.2723183,
              22.8631919
            ],
            [
              108.2721195,
              22.8634079
            ],
            [
              108.2720008,
              22.863427
            ],
            [
              108.2714875,
              22.8633641
            ],
            [
              108.2714608,
              22.8638426
            ],
            [
              108.2714875,
              22.8641078
            ]
          ]
        ]
      }
    },
    {
      "type": "Feature",
      "id": "way/1160101927",
      "properties": {
        "name": "北湖北湿地公园",
        "category": "绿城生态文化点",
        "tags": [
          "leisure:park"
        ],
        "osmType": "way",
        "osmId": 1160101927,
        "osmSource": "overpass",
        "cultureText": "来自 OSM/Overpass 的南宁生态文化相关公共空间。",
        "greenScore": 86,
        "quietScore": 70
      },
      "geometry": {
        "type": "Polygon",
        "coordinates": [
          [
            [
              108.3118832,
              22.8803421
            ],
            [
              108.3118468,
              22.8815666
            ],
            [
              108.3127815,
              22.8818238
            ],
            [
              108.3156036,
              22.882411
            ],
            [
              108.3165321,
              22.8828018
            ],
            [
              108.3174161,
              22.883213
            ],
            [
              108.3182873,
              22.8837665
            ],
            [
              108.3192915,
              22.8845692
            ],
            [
              108.3201678,
              22.8854176
            ],
            [
              108.3209176,
              22.8863047
            ],
            [
              108.3210078,
              22.8864313
            ],
            [
              108.321364,
              22.8871785
            ],
            [
              108.3216772,
              22.8880365
            ],
            [
              108.3227244,
              22.8887244
            ],
            [
              108.3237286,
              22.8877439
            ],
            [
              108.3248873,
              22.8875106
            ],
            [
              108.3254881,
              22.8873801
            ],
            [
              108.3263293,
              22.8875818
            ],
            [
              108.3268271,
              22.8878981
            ],
            [
              108.3271318,
              22.8879337
            ],
            [
              108.3274579,
              22.8880958
            ],
            [
              108.327488,
              22.8887402
            ],
            [
              108.3277455,
              22.8891277
            ],
            [
              108.3284579,
              22.8890011
            ],
            [
              108.3288827,
              22.8890684
            ],
            [
              108.3292647,
              22.8892384
            ],
            [
              108.3295179,
              22.8895151
            ],
            [
              108.3301745,
              22.8893016
            ],
            [
              108.3297797,
              22.888503
            ],
            [
              108.3295179,
              22.8880444
            ],
            [
              108.329196,
              22.887649
            ],
            [
              108.3292089,
              22.8874711
            ],
            [
              108.3293419,
              22.8870322
            ],
            [
              108.3293677,
              22.8865617
            ],
            [
              108.3293548,
              22.8862138
            ],
            [
              108.3290201,
              22.885684
            ],
            [
              108.3286639,
              22.885431
            ],
            [
              108.3282433,
              22.8853559
            ],
            [
              108.3273206,
              22.8856603
            ],
            [
              108.3272219,
              22.8853084
            ],
            [
              108.3282648,
              22.8847114
            ],
            [
              108.3285137,
              22.8839918
            ],
            [
              108.3290286,
              22.8838692
            ],
            [
              108.3290887,
              22.8837032
            ],
            [
              108.3278571,
              22.8832287
            ],
            [
              108.3276596,
              22.8835015
            ],
            [
              108.3269859,
              22.8837348
            ],
            [
              108.3262843,
              22.8841769
            ],
            [
              108.3251658,
              22.8848391
            ],
            [
              108.3244121,
              22.8857411
            ],
            [
              108.3235726,
              22.8859634
            ],
            [
              108.3226606,
              22.8857312
            ],
            [
              108.3226955,
              22.8856027
            ],
            [
              108.322159,
              22.8853951
            ],
            [
              108.3239534,
              22.8827782
            ],
            [
              108.3243048,
              22.8825459
            ],
            [
              108.3243956,
              22.8821204
            ],
            [
              108.3221021,
              22.8816512
            ],
            [
              108.3201108,
              22.8811965
            ],
            [
              108.3153902,
              22.8801764
            ],
            [
              108.31527,
              22.8802515
            ],
            [
              108.3151799,
              22.8804848
            ],
            [
              108.3149867,
              22.8804492
            ],
            [
              108.3143602,
              22.8803187
            ],
            [
              108.3142357,
              22.8803503
            ],
            [
              108.3141542,
              22.8802515
            ],
            [
              108.3136092,
              22.8801329
            ],
            [
              108.3136648,
              22.8797667
            ],
            [
              108.3136692,
              22.8797375
            ],
            [
              108.3133688,
              22.8793816
            ],
            [
              108.3134633,
              22.8792512
            ],
            [
              108.3137722,
              22.8791088
            ],
            [
              108.3138023,
              22.8790139
            ],
            [
              108.3126994,
              22.8787727
            ],
            [
              108.312296,
              22.8787372
            ],
            [
              108.3121071,
              22.8788202
            ],
            [
              108.311987,
              22.8789151
            ],
            [
              108.3119097,
              22.8793896
            ],
            [
              108.3118832,
              22.8803421
            ]
          ]
        ]
      }
    },
    {
      "type": "Feature",
      "id": "way/1187658627",
      "properties": {
        "name": "绿城生态文化点 garden",
        "category": "绿城生态文化点",
        "tags": [
          "leisure:garden"
        ],
        "osmType": "way",
        "osmId": 1187658627,
        "osmSource": "overpass",
        "cultureText": "来自 OSM/Overpass 的南宁生态文化相关公共空间。",
        "greenScore": 86,
        "quietScore": 70
      },
      "geometry": {
        "type": "Polygon",
        "coordinates": [
          [
            [
              108.4168965,
              22.8271335
            ],
            [
              108.4171884,
              22.8271996
            ],
            [
              108.4172516,
              22.826944
            ],
            [
              108.4169612,
              22.8268865
            ],
            [
              108.4168965,
              22.8271335
            ]
          ]
        ]
      }
    },
    {
      "type": "Feature",
      "id": "way/1197867622",
      "properties": {
        "name": "广西电信博物馆",
        "category": "博物馆",
        "tags": [
          "tourism:museum"
        ],
        "osmType": "way",
        "osmId": 1197867622,
        "osmSource": "overpass",
        "cultureText": "来自 OSM/Overpass 的南宁生态文化相关公共空间。",
        "greenScore": 74,
        "quietScore": 70
      },
      "geometry": {
        "type": "Polygon",
        "coordinates": [
          [
            [
              108.3174373,
              22.8132051
            ],
            [
              108.3177689,
              22.8134278
            ],
            [
              108.3178226,
              22.8134666
            ],
            [
              108.3179277,
              22.8133407
            ],
            [
              108.3177082,
              22.8131943
            ],
            [
              108.3176673,
              22.8132427
            ],
            [
              108.3174828,
              22.8131276
            ],
            [
              108.3174373,
              22.8132051
            ]
          ]
        ]
      }
    },
    {
      "type": "Feature",
      "id": "way/1212185610",
      "properties": {
        "name": "广西自然资源博物馆",
        "category": "博物馆",
        "tags": [
          "tourism:museum"
        ],
        "osmType": "way",
        "osmId": 1212185610,
        "osmSource": "overpass",
        "cultureText": "来自 OSM/Overpass 的南宁生态文化相关公共空间。",
        "greenScore": 74,
        "quietScore": 70
      },
      "geometry": {
        "type": "Polygon",
        "coordinates": [
          [
            [
              108.3910963,
              22.8005033
            ],
            [
              108.3915484,
              22.8006734
            ],
            [
              108.3917104,
              22.8003074
            ],
            [
              108.3912584,
              22.8001372
            ],
            [
              108.3910963,
              22.8005033
            ]
          ]
        ]
      }
    },
    {
      "type": "Feature",
      "id": "way/1212185634",
      "properties": {
        "name": "国锋广场",
        "category": "绿城生态文化点",
        "tags": [
          "leisure:park"
        ],
        "osmType": "way",
        "osmId": 1212185634,
        "osmSource": "overpass",
        "cultureText": "来自 OSM/Overpass 的南宁生态文化相关公共空间。",
        "greenScore": 86,
        "quietScore": 70
      },
      "geometry": {
        "type": "Polygon",
        "coordinates": [
          [
            [
              108.3906353,
              22.8064325
            ],
            [
              108.3910666,
              22.8060264
            ],
            [
              108.3901454,
              22.8052538
            ],
            [
              108.3897156,
              22.805704
            ],
            [
              108.3897657,
              22.8059405
            ],
            [
              108.3906353,
              22.8064325
            ]
          ]
        ]
      }
    },
    {
      "type": "Feature",
      "id": "way/1212185647",
      "properties": {
        "name": "龙滩文化广场",
        "category": "绿城生态文化点",
        "tags": [
          "leisure:park"
        ],
        "osmType": "way",
        "osmId": 1212185647,
        "osmSource": "overpass",
        "cultureText": "来自 OSM/Overpass 的南宁生态文化相关公共空间。",
        "greenScore": 86,
        "quietScore": 70
      },
      "geometry": {
        "type": "Polygon",
        "coordinates": [
          [
            [
              108.3867936,
              22.8153531
            ],
            [
              108.3870699,
              22.8153556
            ],
            [
              108.3872603,
              22.8152023
            ],
            [
              108.3873381,
              22.8150564
            ],
            [
              108.3873769,
              22.8137063
            ],
            [
              108.3868212,
              22.813714
            ],
            [
              108.3867936,
              22.8153531
            ]
          ]
        ]
      }
    },
    {
      "type": "Feature",
      "id": "way/1212185670",
      "properties": {
        "name": "假日都市",
        "category": "绿城生态文化点",
        "tags": [
          "leisure:park"
        ],
        "osmType": "way",
        "osmId": 1212185670,
        "osmSource": "overpass",
        "cultureText": "来自 OSM/Overpass 的南宁生态文化相关公共空间。",
        "greenScore": 86,
        "quietScore": 70
      },
      "geometry": {
        "type": "Polygon",
        "coordinates": [
          [
            [
              108.3661273,
              22.8087018
            ],
            [
              108.36638,
              22.8087103
            ],
            [
              108.367332,
              22.8078526
            ],
            [
              108.3668113,
              22.8078469
            ],
            [
              108.3664416,
              22.8078128
            ],
            [
              108.3663153,
              22.8077702
            ],
            [
              108.3662691,
              22.8076736
            ],
            [
              108.366303,
              22.8076197
            ],
            [
              108.3661273,
              22.8074209
            ],
            [
              108.3658993,
              22.8073783
            ],
            [
              108.36581,
              22.8072504
            ],
            [
              108.3657114,
              22.8073839
            ],
            [
              108.3654464,
              22.8074919
            ],
            [
              108.3653355,
              22.8075288
            ],
            [
              108.3650675,
              22.8077872
            ],
            [
              108.3661273,
              22.8087018
            ]
          ]
        ]
      }
    },
    {
      "type": "Feature",
      "id": "way/1212196222",
      "properties": {
        "name": "风铃谷",
        "category": "绿城生态文化点",
        "tags": [
          "leisure:park"
        ],
        "osmType": "way",
        "osmId": 1212196222,
        "osmSource": "overpass",
        "cultureText": "来自 OSM/Overpass 的南宁生态文化相关公共空间。",
        "greenScore": 86,
        "quietScore": 70
      },
      "geometry": {
        "type": "Polygon",
        "coordinates": [
          [
            [
              108.4122071,
              22.7796087
            ],
            [
              108.4136892,
              22.7792641
            ],
            [
              108.414176,
              22.7779516
            ],
            [
              108.4133379,
              22.7762415
            ],
            [
              108.4118775,
              22.7759858
            ],
            [
              108.4108238,
              22.7767074
            ],
            [
              108.4110949,
              22.7776335
            ],
            [
              108.4116557,
              22.7787925
            ],
            [
              108.4122071,
              22.7796087
            ]
          ]
        ]
      }
    },
    {
      "type": "Feature",
      "id": "way/1226696702",
      "properties": {
        "name": "绿城生态文化点 park",
        "category": "绿城生态文化点",
        "tags": [
          "leisure:park"
        ],
        "osmType": "way",
        "osmId": 1226696702,
        "osmSource": "overpass",
        "cultureText": "来自 OSM/Overpass 的南宁生态文化相关公共空间。",
        "greenScore": 86,
        "quietScore": 70
      },
      "geometry": {
        "type": "Polygon",
        "coordinates": [
          [
            [
              108.3127483,
              22.8449632
            ],
            [
              108.3123272,
              22.8447111
            ],
            [
              108.3123058,
              22.8446913
            ],
            [
              108.3122969,
              22.8446609
            ],
            [
              108.3123009,
              22.844624
            ],
            [
              108.3123756,
              22.8443378
            ],
            [
              108.312392,
              22.8442474
            ],
            [
              108.3124083,
              22.8440387
            ],
            [
              108.312413,
              22.8437805
            ],
            [
              108.3125531,
              22.8437009
            ],
            [
              108.3125672,
              22.8436838
            ],
            [
              108.3125765,
              22.8436597
            ],
            [
              108.312696,
              22.8427841
            ],
            [
              108.3127206,
              22.8424831
            ],
            [
              108.3127545,
              22.8422304
            ],
            [
              108.31281,
              22.8421083
            ],
            [
              108.3128651,
              22.8418214
            ],
            [
              108.3128956,
              22.8417596
            ],
            [
              108.3129546,
              22.8417296
            ],
            [
              108.3130745,
              22.8417184
            ],
            [
              108.3132681,
              22.8416936
            ],
            [
              108.3132986,
              22.8415925
            ],
            [
              108.313386,
              22.8416224
            ],
            [
              108.3134388,
              22.8416206
            ],
            [
              108.3134917,
              22.8416
            ],
            [
              108.3135283,
              22.8415756
            ],
            [
              108.3139267,
              22.8414538
            ],
            [
              108.3141523,
              22.8413639
            ],
            [
              108.3142397,
              22.8412984
            ],
            [
              108.31426,
              22.8412571
            ],
            [
              108.314132,
              22.8412272
            ],
            [
              108.3142336,
              22.8408731
            ],
            [
              108.3143312,
              22.8408862
            ],
            [
              108.3143942,
              22.8408225
            ],
            [
              108.3145385,
              22.8407139
            ],
            [
              108.3146483,
              22.8406108
            ],
            [
              108.3146991,
              22.8405678
            ],
            [
              108.3147104,
              22.8405417
            ],
            [
              108.3147104,
              22.8405042
            ],
            [
              108.3146874,
              22.8404471
            ],
            [
              108.3146432,
              22.840408
            ],
            [
              108.3145812,
              22.8403982
            ],
            [
              108.3144273,
              22.8403003
            ],
            [
              108.3144857,
              22.8402123
            ],
            [
              108.3152643,
              22.8406379
            ],
            [
              108.3152453,
              22.8406534
            ],
            [
              108.3151554,
              22.8406571
            ],
            [
              108.3150575,
              22.8406856
            ],
            [
              108.3149596,
              22.8407301
            ],
            [
              108.3148698,
              22.8407807
            ],
            [
              108.3148081,
              22.8408524
            ],
            [
              108.3147531,
              22.8409303
            ],
            [
              108.3147075,
              22.8409773
            ],
            [
              108.3146753,
              22.8410057
            ],
            [
              108.3146149,
              22.8410279
            ],
            [
              108.3145801,
              22.8410687
            ],
            [
              108.314568,
              22.8411515
            ],
            [
              108.3145841,
              22.8412257
            ],
            [
              108.3144843,
              22.8415774
            ],
            [
              108.3144612,
              22.8415987
            ],
            [
              108.3143949,
              22.8416256
            ],
            [
              108.3141737,
              22.8417016
            ],
            [
              108.3138374,
              22.8417349
            ],
            [
              108.3134395,
              22.8419346
            ],
            [
              108.3131797,
              22.8422255
            ],
            [
              108.3131003,
              22.8424002
            ],
            [
              108.3127826,
              22.8445798
            ],
            [
              108.3127483,
              22.8449632
            ]
          ]
        ]
      }
    },
    {
      "type": "Feature",
      "id": "way/1226696703",
      "properties": {
        "name": "绿城生态文化点 park",
        "category": "绿城生态文化点",
        "tags": [
          "leisure:park"
        ],
        "osmType": "way",
        "osmId": 1226696703,
        "osmSource": "overpass",
        "cultureText": "来自 OSM/Overpass 的南宁生态文化相关公共空间。",
        "greenScore": 86,
        "quietScore": 70
      },
      "geometry": {
        "type": "Polygon",
        "coordinates": [
          [
            [
              108.315056,
              22.8401163
            ],
            [
              108.3155625,
              22.840403
            ],
            [
              108.3157782,
              22.8401304
            ],
            [
              108.3160308,
              22.8400651
            ],
            [
              108.3158314,
              22.8386829
            ],
            [
              108.315595,
              22.8380437
            ],
            [
              108.3152868,
              22.838048
            ],
            [
              108.3151887,
              22.8376026
            ],
            [
              108.3153008,
              22.8375703
            ],
            [
              108.3153101,
              22.8373982
            ],
            [
              108.3150159,
              22.8372863
            ],
            [
              108.3150416,
              22.8371464
            ],
            [
              108.3145232,
              22.8370108
            ],
            [
              108.3145443,
              22.8369183
            ],
            [
              108.3143954,
              22.8368652
            ],
            [
              108.314373,
              22.8367584
            ],
            [
              108.3141047,
              22.8367903
            ],
            [
              108.3139095,
              22.8365205
            ],
            [
              108.3136859,
              22.8358311
            ],
            [
              108.313722,
              22.8357319
            ],
            [
              108.3134378,
              22.8355863
            ],
            [
              108.3134222,
              22.835683
            ],
            [
              108.3134145,
              22.8357311
            ],
            [
              108.3133241,
              22.8362882
            ],
            [
              108.313257,
              22.8363856
            ],
            [
              108.3133831,
              22.8364681
            ],
            [
              108.3133099,
              22.8366048
            ],
            [
              108.3134075,
              22.8367697
            ],
            [
              108.3138831,
              22.8370563
            ],
            [
              108.3138099,
              22.8371837
            ],
            [
              108.3146719,
              22.8377185
            ],
            [
              108.3146118,
              22.8377923
            ],
            [
              108.3146534,
              22.837815
            ],
            [
              108.3145902,
              22.8379513
            ],
            [
              108.3145794,
              22.8379982
            ],
            [
              108.3145918,
              22.8380535
            ],
            [
              108.3150428,
              22.8385187
            ],
            [
              108.315055,
              22.838544
            ],
            [
              108.315052,
              22.838574
            ],
            [
              108.3150286,
              22.8386049
            ],
            [
              108.3148123,
              22.83882
            ],
            [
              108.3147553,
              22.8388413
            ],
            [
              108.3146876,
              22.8390187
            ],
            [
              108.3147338,
              22.8391721
            ],
            [
              108.3147661,
              22.8393339
            ],
            [
              108.3148077,
              22.8393879
            ],
            [
              108.3151097,
              22.8397385
            ],
            [
              108.3151651,
              22.8399458
            ],
            [
              108.315056,
              22.8401163
            ]
          ]
        ]
      }
    },
    {
      "type": "Feature",
      "id": "way/1226696704",
      "properties": {
        "name": "绿城生态文化点 park",
        "category": "绿城生态文化点",
        "tags": [
          "leisure:park"
        ],
        "osmType": "way",
        "osmId": 1226696704,
        "osmSource": "overpass",
        "cultureText": "来自 OSM/Overpass 的南宁生态文化相关公共空间。",
        "greenScore": 86,
        "quietScore": 70
      },
      "geometry": {
        "type": "Polygon",
        "coordinates": [
          [
            [
              108.3134066,
              22.8352874
            ],
            [
              108.314272,
              22.8339177
            ],
            [
              108.3142966,
              22.8338879
            ],
            [
              108.3143305,
              22.8338822
            ],
            [
              108.3145446,
              22.8339944
            ],
            [
              108.3145601,
              22.8340228
            ],
            [
              108.3145462,
              22.8340711
            ],
            [
              108.3140682,
              22.8348803
            ],
            [
              108.3139748,
              22.8348674
            ],
            [
              108.3136806,
              22.8354635
            ],
            [
              108.3134066,
              22.8352874
            ]
          ]
        ]
      }
    },
    {
      "type": "Feature",
      "id": "way/1226696705",
      "properties": {
        "name": "绿城生态文化点 park",
        "category": "绿城生态文化点",
        "tags": [
          "leisure:park"
        ],
        "osmType": "way",
        "osmId": 1226696705,
        "osmSource": "overpass",
        "cultureText": "来自 OSM/Overpass 的南宁生态文化相关公共空间。",
        "greenScore": 86,
        "quietScore": 70
      },
      "geometry": {
        "type": "Polygon",
        "coordinates": [
          [
            [
              108.3164035,
              22.832697
            ],
            [
              108.3166671,
              22.832834
            ],
            [
              108.3174148,
              22.8317054
            ],
            [
              108.3174287,
              22.8316688
            ],
            [
              108.3174086,
              22.8316404
            ],
            [
              108.3172235,
              22.8315588
            ],
            [
              108.3170948,
              22.8316651
            ],
            [
              108.3167917,
              22.8321769
            ],
            [
              108.3167903,
              22.8322349
            ],
            [
              108.3164035,
              22.832697
            ]
          ]
        ]
      }
    },
    {
      "type": "Feature",
      "id": "way/1226696706",
      "properties": {
        "name": "绿城生态文化点 park",
        "category": "绿城生态文化点",
        "tags": [
          "leisure:park"
        ],
        "osmType": "way",
        "osmId": 1226696706,
        "osmSource": "overpass",
        "cultureText": "来自 OSM/Overpass 的南宁生态文化相关公共空间。",
        "greenScore": 86,
        "quietScore": 70
      },
      "geometry": {
        "type": "Polygon",
        "coordinates": [
          [
            [
              108.3121045,
              22.8482588
            ],
            [
              108.3124903,
              22.8483371
            ],
            [
              108.3124102,
              22.8489379
            ],
            [
              108.3125073,
              22.8491821
            ],
            [
              108.3127846,
              22.8499061
            ],
            [
              108.312877,
              22.8502255
            ],
            [
              108.3129362,
              22.8503095
            ],
            [
              108.3132317,
              22.8505068
            ],
            [
              108.3132883,
              22.8505704
            ],
            [
              108.3132423,
              22.8510351
            ],
            [
              108.3130105,
              22.8510384
            ],
            [
              108.3129486,
              22.8514673
            ],
            [
              108.3124814,
              22.8514134
            ],
            [
              108.312554,
              22.8509699
            ],
            [
              108.3126442,
              22.8508933
            ],
            [
              108.3126424,
              22.8507188
            ],
            [
              108.3126478,
              22.850665
            ],
            [
              108.3126761,
              22.850616
            ],
            [
              108.3126778,
              22.8505002
            ],
            [
              108.3126354,
              22.850254
            ],
            [
              108.3125009,
              22.850073
            ],
            [
              108.3124443,
              22.849923
            ],
            [
              108.3123133,
              22.8495609
            ],
            [
              108.3121487,
              22.849119
            ],
            [
              108.3120726,
              22.8489527
            ],
            [
              108.3120797,
              22.8487586
            ],
            [
              108.3121222,
              22.8487227
            ],
            [
              108.3121045,
              22.8482588
            ]
          ]
        ]
      }
    },
    {
      "type": "Feature",
      "id": "way/1226696707",
      "properties": {
        "name": "绿城生态文化点 park",
        "category": "绿城生态文化点",
        "tags": [
          "leisure:park"
        ],
        "osmType": "way",
        "osmId": 1226696707,
        "osmSource": "overpass",
        "cultureText": "来自 OSM/Overpass 的南宁生态文化相关公共空间。",
        "greenScore": 86,
        "quietScore": 70
      },
      "geometry": {
        "type": "Polygon",
        "coordinates": [
          [
            [
              108.3126272,
              22.8518622
            ],
            [
              108.312807,
              22.8518105
            ],
            [
              108.3128654,
              22.8520257
            ],
            [
              108.3129962,
              22.8522323
            ],
            [
              108.3133557,
              22.8525206
            ],
            [
              108.3134958,
              22.8525572
            ],
            [
              108.3133354,
              22.8533991
            ],
            [
              108.3135603,
              22.8534516
            ],
            [
              108.3136759,
              22.8538534
            ],
            [
              108.3134433,
              22.8547591
            ],
            [
              108.3134802,
              22.8547931
            ],
            [
              108.3134556,
              22.8549578
            ],
            [
              108.3135049,
              22.8550217
            ],
            [
              108.3137791,
              22.8551736
            ],
            [
              108.3141119,
              22.8553553
            ],
            [
              108.3143953,
              22.8553553
            ],
            [
              108.3146495,
              22.8555327
            ],
            [
              108.3146695,
              22.8555782
            ],
            [
              108.3146834,
              22.8556449
            ],
            [
              108.3145555,
              22.8559998
            ],
            [
              108.3145324,
              22.8561261
            ],
            [
              108.3145447,
              22.856261
            ],
            [
              108.3146603,
              22.8567181
            ],
            [
              108.3142197,
              22.8565988
            ],
            [
              108.312713,
              22.8562651
            ],
            [
              108.3126967,
              22.8555415
            ],
            [
              108.3129408,
              22.8555415
            ],
            [
              108.312981,
              22.8555217
            ],
            [
              108.312989,
              22.8554327
            ],
            [
              108.3129408,
              22.8551781
            ],
            [
              108.3129172,
              22.8551036
            ],
            [
              108.3129349,
              22.8549487
            ],
            [
              108.3129862,
              22.8547171
            ],
            [
              108.3129296,
              22.8544073
            ],
            [
              108.3127774,
              22.8543144
            ],
            [
              108.3131101,
              22.8532234
            ],
            [
              108.3131844,
              22.8529821
            ],
            [
              108.3131738,
              22.8528288
            ],
            [
              108.3129915,
              22.8527457
            ],
            [
              108.3130393,
              22.8525826
            ],
            [
              108.3128305,
              22.8523478
            ],
            [
              108.3126272,
              22.8518622
            ]
          ]
        ]
      }
    },
    {
      "type": "Feature",
      "id": "way/1226696708",
      "properties": {
        "name": "绿城生态文化点 park",
        "category": "绿城生态文化点",
        "tags": [
          "leisure:park"
        ],
        "osmType": "way",
        "osmId": 1226696708,
        "osmSource": "overpass",
        "cultureText": "来自 OSM/Overpass 的南宁生态文化相关公共空间。",
        "greenScore": 86,
        "quietScore": 70
      },
      "geometry": {
        "type": "Polygon",
        "coordinates": [
          [
            [
              108.3147376,
              22.8569234
            ],
            [
              108.3143243,
              22.8568782
            ],
            [
              108.3143663,
              22.857272
            ],
            [
              108.3142402,
              22.8584016
            ],
            [
              108.3142192,
              22.8585156
            ],
            [
              108.3141538,
              22.8586232
            ],
            [
              108.3141056,
              22.8587503
            ],
            [
              108.3140629,
              22.8590987
            ],
            [
              108.3138495,
              22.8591755
            ],
            [
              108.3137357,
              22.8600296
            ],
            [
              108.3149004,
              22.8601233
            ],
            [
              108.3146436,
              22.8596276
            ],
            [
              108.3146608,
              22.859078
            ],
            [
              108.3145668,
              22.8590496
            ],
            [
              108.3146639,
              22.8585883
            ],
            [
              108.3147517,
              22.8584165
            ],
            [
              108.3149181,
              22.8577167
            ],
            [
              108.3148811,
              22.8573519
            ],
            [
              108.3147376,
              22.8569234
            ]
          ]
        ]
      }
    },
    {
      "type": "Feature",
      "id": "way/1226696709",
      "properties": {
        "name": "绿城生态文化点 park",
        "category": "绿城生态文化点",
        "tags": [
          "leisure:park"
        ],
        "osmType": "way",
        "osmId": 1226696709,
        "osmSource": "overpass",
        "cultureText": "来自 OSM/Overpass 的南宁生态文化相关公共空间。",
        "greenScore": 86,
        "quietScore": 70
      },
      "geometry": {
        "type": "Polygon",
        "coordinates": [
          [
            [
              108.3147203,
              22.8606771
            ],
            [
              108.3151786,
              22.8606999
            ],
            [
              108.315462,
              22.8609611
            ],
            [
              108.3155791,
              22.8611371
            ],
            [
              108.3156284,
              22.8612961
            ],
            [
              108.3156346,
              22.8615601
            ],
            [
              108.3151786,
              22.8646631
            ],
            [
              108.3151817,
              22.8649272
            ],
            [
              108.3151325,
              22.8653324
            ],
            [
              108.3150654,
              22.8653923
            ],
            [
              108.314421,
              22.8652781
            ],
            [
              108.3146548,
              22.8640363
            ],
            [
              108.3149678,
              22.8640438
            ],
            [
              108.3151101,
              22.8631616
            ],
            [
              108.3150857,
              22.8630155
            ],
            [
              108.3152057,
              22.8629106
            ],
            [
              108.3152138,
              22.8627701
            ],
            [
              108.3151467,
              22.8627364
            ],
            [
              108.3151853,
              22.8622494
            ],
            [
              108.315287,
              22.8622494
            ],
            [
              108.3153012,
              22.8620677
            ],
            [
              108.3152829,
              22.862034
            ],
            [
              108.3152423,
              22.8620115
            ],
            [
              108.3151853,
              22.8620096
            ],
            [
              108.3152179,
              22.8616931
            ],
            [
              108.3151142,
              22.8615957
            ],
            [
              108.3151325,
              22.8612679
            ],
            [
              108.3148174,
              22.8612342
            ],
            [
              108.3147463,
              22.861178
            ],
            [
              108.3147203,
              22.8606771
            ]
          ]
        ]
      }
    },
    {
      "type": "Feature",
      "id": "way/1226696710",
      "properties": {
        "name": "绿城生态文化点 park",
        "category": "绿城生态文化点",
        "tags": [
          "leisure:park"
        ],
        "osmType": "way",
        "osmId": 1226696710,
        "osmSource": "overpass",
        "cultureText": "来自 OSM/Overpass 的南宁生态文化相关公共空间。",
        "greenScore": 86,
        "quietScore": 70
      },
      "geometry": {
        "type": "Polygon",
        "coordinates": [
          [
            [
              108.3146429,
              22.8656497
            ],
            [
              108.3148247,
              22.8656355
            ],
            [
              108.3150188,
              22.8656525
            ],
            [
              108.3150989,
              22.8657178
            ],
            [
              108.3148123,
              22.8675943
            ],
            [
              108.3148123,
              22.8680372
            ],
            [
              108.3148154,
              22.868182
            ],
            [
              108.3145658,
              22.869925
            ],
            [
              108.3144981,
              22.8700443
            ],
            [
              108.3144118,
              22.8701238
            ],
            [
              108.3142855,
              22.8701834
            ],
            [
              108.3141776,
              22.8702032
            ],
            [
              108.3134043,
              22.8701607
            ],
            [
              108.3133088,
              22.8701152
            ],
            [
              108.3132687,
              22.8700585
            ],
            [
              108.3132441,
              22.8699165
            ],
            [
              108.3134074,
              22.8688264
            ],
            [
              108.3136076,
              22.8678583
            ],
            [
              108.3144087,
              22.8679236
            ],
            [
              108.3144734,
              22.8678952
            ],
            [
              108.3145073,
              22.8678299
            ],
            [
              108.3145011,
              22.8674439
            ],
            [
              108.3144703,
              22.8673615
            ],
            [
              108.3146676,
              22.8659593
            ],
            [
              108.3145944,
              22.8659424
            ],
            [
              108.3146429,
              22.8656497
            ]
          ]
        ]
      }
    },
    {
      "type": "Feature",
      "id": "way/1226696711",
      "properties": {
        "name": "绿城生态文化点 park",
        "category": "绿城生态文化点",
        "tags": [
          "leisure:park"
        ],
        "osmType": "way",
        "osmId": 1226696711,
        "osmSource": "overpass",
        "cultureText": "来自 OSM/Overpass 的南宁生态文化相关公共空间。",
        "greenScore": 86,
        "quietScore": 70
      },
      "geometry": {
        "type": "Polygon",
        "coordinates": [
          [
            [
              108.3127432,
              22.8704847
            ],
            [
              108.3141816,
              22.8706568
            ],
            [
              108.3143357,
              22.8707429
            ],
            [
              108.3143824,
              22.8708375
            ],
            [
              108.3144197,
              22.8710183
            ],
            [
              108.3142796,
              22.872038
            ],
            [
              108.3134764,
              22.8721757
            ],
            [
              108.3134531,
              22.8723392
            ],
            [
              108.3134175,
              22.8724197
            ],
            [
              108.313362,
              22.8724736
            ],
            [
              108.3123186,
              22.8731757
            ],
            [
              108.311973,
              22.8735315
            ],
            [
              108.3118551,
              22.8737713
            ],
            [
              108.3117941,
              22.8739885
            ],
            [
              108.3117535,
              22.8754644
            ],
            [
              108.3116315,
              22.8755131
            ],
            [
              108.311664,
              22.8757303
            ],
            [
              108.3112372,
              22.8780339
            ],
            [
              108.3096801,
              22.8777005
            ],
            [
              108.3098956,
              22.8769252
            ],
            [
              108.3100297,
              22.8762659
            ],
            [
              108.3101558,
              22.8760037
            ],
            [
              108.3102574,
              22.8755917
            ],
            [
              108.3103184,
              22.8754718
            ],
            [
              108.3104159,
              22.8753894
            ],
            [
              108.3105867,
              22.8753482
            ],
            [
              108.3106314,
              22.8753557
            ],
            [
              108.3107127,
              22.8750373
            ],
            [
              108.3105989,
              22.8749849
            ],
            [
              108.3104973,
              22.8749137
            ],
            [
              108.3104566,
              22.8748163
            ],
            [
              108.3104566,
              22.8745991
            ],
            [
              108.3105786,
              22.8741084
            ],
            [
              108.3106192,
              22.8738537
            ],
            [
              108.3110014,
              22.8722617
            ],
            [
              108.3110482,
              22.8722354
            ],
            [
              108.3111072,
              22.8722231
            ],
            [
              108.3111849,
              22.8722379
            ],
            [
              108.3112198,
              22.8720797
            ],
            [
              108.3111045,
              22.8720352
            ],
            [
              108.3110803,
              22.8720204
            ],
            [
              108.3110535,
              22.871971
            ],
            [
              108.3111045,
              22.8717189
            ],
            [
              108.3126789,
              22.8718721
            ],
            [
              108.3127432,
              22.8704847
            ]
          ]
        ]
      }
    },
    {
      "type": "Feature",
      "id": "way/1226696712",
      "properties": {
        "name": "绿城生态文化点 park",
        "category": "绿城生态文化点",
        "tags": [
          "leisure:park"
        ],
        "osmType": "way",
        "osmId": 1226696712,
        "osmSource": "overpass",
        "cultureText": "来自 OSM/Overpass 的南宁生态文化相关公共空间。",
        "greenScore": 86,
        "quietScore": 70
      },
      "geometry": {
        "type": "Polygon",
        "coordinates": [
          [
            [
              108.3105257,
              22.8790815
            ],
            [
              108.3106597,
              22.8785011
            ],
            [
              108.3102223,
              22.8783932
            ],
            [
              108.3102777,
              22.8781718
            ],
            [
              108.3113987,
              22.878406
            ],
            [
              108.3113566,
              22.8785222
            ],
            [
              108.3114921,
              22.8786061
            ],
            [
              108.3115388,
              22.8786534
            ],
            [
              108.3115551,
              22.8787136
            ],
            [
              108.3115575,
              22.8787975
            ],
            [
              108.3114687,
              22.880269
            ],
            [
              108.3106719,
              22.8797017
            ],
            [
              108.3105257,
              22.8790815
            ]
          ]
        ]
      }
    },
    {
      "type": "Feature",
      "id": "way/1226702949",
      "properties": {
        "name": "绿城生态文化点 park",
        "category": "绿城生态文化点",
        "tags": [
          "leisure:park"
        ],
        "osmType": "way",
        "osmId": 1226702949,
        "osmSource": "overpass",
        "cultureText": "来自 OSM/Overpass 的南宁生态文化相关公共空间。",
        "greenScore": 86,
        "quietScore": 70
      },
      "geometry": {
        "type": "Polygon",
        "coordinates": [
          [
            [
              108.2793243,
              22.8636688
            ],
            [
              108.279371,
              22.8631481
            ],
            [
              108.2797586,
              22.8630534
            ],
            [
              108.2799314,
              22.8630534
            ],
            [
              108.2801416,
              22.8631137
            ],
            [
              108.2823178,
              22.8637247
            ],
            [
              108.2825933,
              22.8642927
            ],
            [
              108.2827007,
              22.8647445
            ],
            [
              108.2827007,
              22.865106
            ],
            [
              108.2797166,
              22.8645549
            ],
            [
              108.2798263,
              22.8644081
            ],
            [
              108.2800032,
              22.8643462
            ],
            [
              108.2800988,
              22.8642679
            ],
            [
              108.2801873,
              22.8641374
            ],
            [
              108.280251,
              22.8639157
            ],
            [
              108.2796882,
              22.8636613
            ],
            [
              108.2793243,
              22.8636688
            ]
          ]
        ]
      }
    },
    {
      "type": "Feature",
      "id": "way/1226702950",
      "properties": {
        "name": "绿城生态文化点 park",
        "category": "绿城生态文化点",
        "tags": [
          "leisure:park"
        ],
        "osmType": "way",
        "osmId": 1226702950,
        "osmSource": "overpass",
        "cultureText": "来自 OSM/Overpass 的南宁生态文化相关公共空间。",
        "greenScore": 86,
        "quietScore": 70
      },
      "geometry": {
        "type": "Polygon",
        "coordinates": [
          [
            [
              108.2792651,
              22.8664364
            ],
            [
              108.2789749,
              22.8663842
            ],
            [
              108.279024,
              22.8661593
            ],
            [
              108.2791688,
              22.866184
            ],
            [
              108.2798984,
              22.8657293
            ],
            [
              108.280188,
              22.8653091
            ],
            [
              108.2802363,
              22.8651707
            ],
            [
              108.2821461,
              22.8654673
            ],
            [
              108.2822641,
              22.8655266
            ],
            [
              108.2823016,
              22.8656057
            ],
            [
              108.2823338,
              22.8657639
            ],
            [
              108.2822319,
              22.8662186
            ],
            [
              108.2822158,
              22.8665251
            ],
            [
              108.2815345,
              22.869499
            ],
            [
              108.2815467,
              22.869805
            ],
            [
              108.2814608,
              22.8700522
            ],
            [
              108.2808493,
              22.8699484
            ],
            [
              108.2802109,
              22.8703784
            ],
            [
              108.2793097,
              22.8716931
            ],
            [
              108.2782688,
              22.8714938
            ],
            [
              108.2781965,
              22.8714386
            ],
            [
              108.2795242,
              22.8692371
            ],
            [
              108.2795886,
              22.8691704
            ],
            [
              108.2796637,
              22.8686711
            ],
            [
              108.2798487,
              22.8686019
            ],
            [
              108.2798863,
              22.8685748
            ],
            [
              108.2799104,
              22.8685352
            ],
            [
              108.2800472,
              22.8678235
            ],
            [
              108.2796422,
              22.8677567
            ],
            [
              108.2794625,
              22.86747
            ],
            [
              108.2790709,
              22.8673959
            ],
            [
              108.2792651,
              22.8664364
            ]
          ]
        ]
      }
    },
    {
      "type": "Feature",
      "id": "way/1226702951",
      "properties": {
        "name": "绿城生态文化点 park",
        "category": "绿城生态文化点",
        "tags": [
          "leisure:park"
        ],
        "osmType": "way",
        "osmId": 1226702951,
        "osmSource": "overpass",
        "cultureText": "来自 OSM/Overpass 的南宁生态文化相关公共空间。",
        "greenScore": 86,
        "quietScore": 70
      },
      "geometry": {
        "type": "Polygon",
        "coordinates": [
          [
            [
              108.2782681,
              22.8720884
            ],
            [
              108.2789145,
              22.8721933
            ],
            [
              108.2788495,
              22.8723019
            ],
            [
              108.2785283,
              22.8735118
            ],
            [
              108.2784267,
              22.8735493
            ],
            [
              108.2781014,
              22.8750101
            ],
            [
              108.2774062,
              22.874894
            ],
            [
              108.2782681,
              22.8720884
            ]
          ]
        ]
      }
    },
    {
      "type": "Feature",
      "id": "way/1226702952",
      "properties": {
        "name": "绿城生态文化点 park",
        "category": "绿城生态文化点",
        "tags": [
          "leisure:park"
        ],
        "osmType": "way",
        "osmId": 1226702952,
        "osmSource": "overpass",
        "cultureText": "来自 OSM/Overpass 的南宁生态文化相关公共空间。",
        "greenScore": 86,
        "quietScore": 70
      },
      "geometry": {
        "type": "Polygon",
        "coordinates": [
          [
            [
              108.2774245,
              22.8752892
            ],
            [
              108.2780405,
              22.8753959
            ],
            [
              108.2777964,
              22.8773952
            ],
            [
              108.2779169,
              22.8776587
            ],
            [
              108.2782777,
              22.8780675
            ],
            [
              108.2774539,
              22.8780138
            ],
            [
              108.277363,
              22.8775923
            ],
            [
              108.2773507,
              22.8775128
            ],
            [
              108.2773901,
              22.8770378
            ],
            [
              108.2770098,
              22.8770057
            ],
            [
              108.2771081,
              22.8759828
            ],
            [
              108.2774415,
              22.8759854
            ],
            [
              108.2774245,
              22.8752892
            ]
          ]
        ]
      }
    },
    {
      "type": "Feature",
      "id": "way/1226702953",
      "properties": {
        "name": "绿城生态文化点 park",
        "category": "绿城生态文化点",
        "tags": [
          "leisure:park"
        ],
        "osmType": "way",
        "osmId": 1226702953,
        "osmSource": "overpass",
        "cultureText": "来自 OSM/Overpass 的南宁生态文化相关公共空间。",
        "greenScore": 86,
        "quietScore": 70
      },
      "geometry": {
        "type": "Polygon",
        "coordinates": [
          [
            [
              108.2778699,
              22.8783285
            ],
            [
              108.2784571,
              22.8783921
            ],
            [
              108.2786276,
              22.8785793
            ],
            [
              108.278721,
              22.8786352
            ],
            [
              108.2789078,
              22.8787019
            ],
            [
              108.2801299,
              22.8788237
            ],
            [
              108.2801114,
              22.8792495
            ],
            [
              108.2788092,
              22.8791234
            ],
            [
              108.2785491,
              22.8790354
            ],
            [
              108.2783864,
              22.8789549
            ],
            [
              108.2782157,
              22.8788182
            ],
            [
              108.2778699,
              22.8783285
            ]
          ]
        ]
      }
    },
    {
      "type": "Feature",
      "id": "way/1226702954",
      "properties": {
        "name": "绿城生态文化点 park",
        "category": "绿城生态文化点",
        "tags": [
          "leisure:park"
        ],
        "osmType": "way",
        "osmId": 1226702954,
        "osmSource": "overpass",
        "cultureText": "来自 OSM/Overpass 的南宁生态文化相关公共空间。",
        "greenScore": 86,
        "quietScore": 70
      },
      "geometry": {
        "type": "Polygon",
        "coordinates": [
          [
            [
              108.2803683,
              22.8793536
            ],
            [
              108.2804314,
              22.8787491
            ],
            [
              108.2804571,
              22.8786996
            ],
            [
              108.2805435,
              22.8786329
            ],
            [
              108.2806229,
              22.8786071
            ],
            [
              108.2808377,
              22.8786264
            ],
            [
              108.2820028,
              22.8787534
            ],
            [
              108.2827477,
              22.8788394
            ],
            [
              108.2828995,
              22.8788824
            ],
            [
              108.2829695,
              22.8789298
            ],
            [
              108.2830396,
              22.8790029
            ],
            [
              108.2830629,
              22.8791083
            ],
            [
              108.2830489,
              22.8798419
            ],
            [
              108.282125,
              22.8798388
            ],
            [
              108.2815069,
              22.8796719
            ],
            [
              108.2803683,
              22.8793536
            ]
          ]
        ]
      }
    },
    {
      "type": "Feature",
      "id": "way/1226702955",
      "properties": {
        "name": "绿城生态文化点 park",
        "category": "绿城生态文化点",
        "tags": [
          "leisure:park"
        ],
        "osmType": "way",
        "osmId": 1226702955,
        "osmSource": "overpass",
        "cultureText": "来自 OSM/Overpass 的南宁生态文化相关公共空间。",
        "greenScore": 86,
        "quietScore": 70
      },
      "geometry": {
        "type": "Polygon",
        "coordinates": [
          [
            [
              108.2842979,
              22.8792519
            ],
            [
              108.2836755,
              22.8787921
            ],
            [
              108.283543,
              22.8806116
            ],
            [
              108.2834937,
              22.8814388
            ],
            [
              108.2835079,
              22.881566
            ],
            [
              108.2835539,
              22.8816279
            ],
            [
              108.2836601,
              22.8817323
            ],
            [
              108.283791,
              22.8817747
            ],
            [
              108.2861269,
              22.8818399
            ],
            [
              108.2861941,
              22.8819279
            ],
            [
              108.2861411,
              22.8841712
            ],
            [
              108.2862048,
              22.8843604
            ],
            [
              108.2863109,
              22.8844451
            ],
            [
              108.2867073,
              22.8845853
            ],
            [
              108.2871094,
              22.8852393
            ],
            [
              108.2870485,
              22.8854247
            ],
            [
              108.2875201,
              22.8856925
            ],
            [
              108.2879185,
              22.8854809
            ],
            [
              108.2879246,
              22.8854359
            ],
            [
              108.2875322,
              22.8851157
            ],
            [
              108.2870708,
              22.8844246
            ],
            [
              108.2869976,
              22.8840426
            ],
            [
              108.2871033,
              22.8840014
            ],
            [
              108.2871907,
              22.8837486
            ],
            [
              108.2871196,
              22.8837167
            ],
            [
              108.2873168,
              22.8827335
            ],
            [
              108.2874469,
              22.882741
            ],
            [
              108.2874936,
              22.882374
            ],
            [
              108.2876278,
              22.8817822
            ],
            [
              108.2875261,
              22.8817354
            ],
            [
              108.2875404,
              22.8814245
            ],
            [
              108.2875953,
              22.8811567
            ],
            [
              108.2873412,
              22.8808758
            ],
            [
              108.2870769,
              22.8804712
            ],
            [
              108.2868675,
              22.8803738
            ],
            [
              108.2867639,
              22.8804076
            ],
            [
              108.2865504,
              22.8803345
            ],
            [
              108.2863045,
              22.8800985
            ],
            [
              108.2860748,
              22.879885
            ],
            [
              108.2859142,
              22.8798139
            ],
            [
              108.2856825,
              22.8797483
            ],
            [
              108.2846986,
              22.8797221
            ],
            [
              108.2844181,
              22.8795929
            ],
            [
              108.2843144,
              22.8794318
            ],
            [
              108.2842979,
              22.8792519
            ]
          ]
        ]
      }
    },
    {
      "type": "Feature",
      "id": "way/1226702956",
      "properties": {
        "name": "绿城生态文化点 park",
        "category": "绿城生态文化点",
        "tags": [
          "leisure:park"
        ],
        "osmType": "way",
        "osmId": 1226702956,
        "osmSource": "overpass",
        "cultureText": "来自 OSM/Overpass 的南宁生态文化相关公共空间。",
        "greenScore": 86,
        "quietScore": 70
      },
      "geometry": {
        "type": "Polygon",
        "coordinates": [
          [
            [
              108.2875994,
              22.8858033
            ],
            [
              108.2880098,
              22.8855785
            ],
            [
              108.2880626,
              22.885581
            ],
            [
              108.2881104,
              22.8856006
            ],
            [
              108.288167,
              22.8856658
            ],
            [
              108.2884997,
              22.8859641
            ],
            [
              108.2885262,
              22.8860571
            ],
            [
              108.2886625,
              22.8861027
            ],
            [
              108.28882,
              22.8864614
            ],
            [
              108.2895261,
              22.886732
            ],
            [
              108.2906196,
              22.8871328
            ],
            [
              108.2914758,
              22.8876247
            ],
            [
              108.2916633,
              22.8878855
            ],
            [
              108.2917518,
              22.8881561
            ],
            [
              108.2917708,
              22.88854
            ],
            [
              108.2914981,
              22.8885315
            ],
            [
              108.2915378,
              22.8892706
            ],
            [
              108.2917003,
              22.8905837
            ],
            [
              108.2917587,
              22.8912355
            ],
            [
              108.2917644,
              22.8914812
            ],
            [
              108.2916724,
              22.8915154
            ],
            [
              108.2916847,
              22.8921268
            ],
            [
              108.2909344,
              22.8921887
            ],
            [
              108.2907327,
              22.8921545
            ],
            [
              108.2901629,
              22.8919279
            ],
            [
              108.2902567,
              22.8911128
            ],
            [
              108.2903062,
              22.891116
            ],
            [
              108.2903487,
              22.890878
            ],
            [
              108.2902248,
              22.8908438
            ],
            [
              108.2893315,
              22.8902501
            ],
            [
              108.2889142,
              22.8898255
            ],
            [
              108.2889284,
              22.8897562
            ],
            [
              108.2890097,
              22.8896251
            ],
            [
              108.2890158,
              22.8892393
            ],
            [
              108.2890321,
              22.8890371
            ],
            [
              108.2890544,
              22.8889472
            ],
            [
              108.2892191,
              22.8886981
            ],
            [
              108.2894813,
              22.8884584
            ],
            [
              108.2897496,
              22.8883348
            ],
            [
              108.2898512,
              22.8882075
            ],
            [
              108.2899082,
              22.8881101
            ],
            [
              108.2898878,
              22.8879846
            ],
            [
              108.289589,
              22.8878928
            ],
            [
              108.289528,
              22.887788
            ],
            [
              108.2891581,
              22.887803
            ],
            [
              108.2890747,
              22.887803
            ],
            [
              108.2889426,
              22.8877487
            ],
            [
              108.2888532,
              22.887685
            ],
            [
              108.2884974,
              22.8874003
            ],
            [
              108.2884283,
              22.8872393
            ],
            [
              108.2884507,
              22.8868067
            ],
            [
              108.2881498,
              22.8866194
            ],
            [
              108.2881437,
              22.8864808
            ],
            [
              108.2875994,
              22.8858033
            ]
          ]
        ]
      }
    },
    {
      "type": "Feature",
      "id": "way/1226702957",
      "properties": {
        "name": "绿城生态文化点 park",
        "category": "绿城生态文化点",
        "tags": [
          "leisure:park"
        ],
        "osmType": "way",
        "osmId": 1226702957,
        "osmSource": "overpass",
        "cultureText": "来自 OSM/Overpass 的南宁生态文化相关公共空间。",
        "greenScore": 86,
        "quietScore": 70
      },
      "geometry": {
        "type": "Polygon",
        "coordinates": [
          [
            [
              108.2907821,
              22.8925298
            ],
            [
              108.2916928,
              22.8924696
            ],
            [
              108.2922513,
              22.8928769
            ],
            [
              108.2924686,
              22.8931067
            ],
            [
              108.2925169,
              22.8935367
            ],
            [
              108.2924507,
              22.8936573
            ],
            [
              108.2917537,
              22.8941263
            ],
            [
              108.2918684,
              22.8950073
            ],
            [
              108.2925794,
              22.8960654
            ],
            [
              108.2931572,
              22.8967818
            ],
            [
              108.2935292,
              22.8970552
            ],
            [
              108.2931877,
              22.8974428
            ],
            [
              108.2933503,
              22.8975627
            ],
            [
              108.2930698,
              22.8980851
            ],
            [
              108.2931897,
              22.8983623
            ],
            [
              108.2939703,
              22.8985027
            ],
            [
              108.2947221,
              22.8984376
            ],
            [
              108.2947597,
              22.8991097
            ],
            [
              108.2946202,
              22.8994062
            ],
            [
              108.2924073,
              22.8992847
            ],
            [
              108.2922021,
              22.8992064
            ],
            [
              108.2920817,
              22.8990532
            ],
            [
              108.2920959,
              22.8977271
            ],
            [
              108.2919251,
              22.8969331
            ],
            [
              108.2912421,
              22.8963807
            ],
            [
              108.2911446,
              22.8961635
            ],
            [
              108.2908336,
              22.896068
            ],
            [
              108.2909637,
              22.8956485
            ],
            [
              108.290799,
              22.8950394
            ],
            [
              108.2905884,
              22.8944698
            ],
            [
              108.2905523,
              22.8942486
            ],
            [
              108.2906804,
              22.8937598
            ],
            [
              108.2908288,
              22.893404
            ],
            [
              108.290965,
              22.893243
            ],
            [
              108.2909833,
              22.89311
            ],
            [
              108.2909589,
              22.8929902
            ],
            [
              108.2907821,
              22.8925298
            ]
          ]
        ]
      }
    },
    {
      "type": "Feature",
      "id": "way/1226702958",
      "properties": {
        "name": "绿城生态文化点 park",
        "category": "绿城生态文化点",
        "tags": [
          "leisure:park"
        ],
        "osmType": "way",
        "osmId": 1226702958,
        "osmSource": "overpass",
        "cultureText": "来自 OSM/Overpass 的南宁生态文化相关公共空间。",
        "greenScore": 86,
        "quietScore": 70
      },
      "geometry": {
        "type": "Polygon",
        "coordinates": [
          [
            [
              108.29542,
              22.898614
            ],
            [
              108.2956749,
              22.8987673
            ],
            [
              108.295866,
              22.8995166
            ],
            [
              108.2954408,
              22.8995393
            ],
            [
              108.29542,
              22.898614
            ]
          ]
        ]
      }
    },
    {
      "type": "Feature",
      "id": "way/1226702959",
      "properties": {
        "name": "绿城生态文化点 park",
        "category": "绿城生态文化点",
        "tags": [
          "leisure:park"
        ],
        "osmType": "way",
        "osmId": 1226702959,
        "osmSource": "overpass",
        "cultureText": "来自 OSM/Overpass 的南宁生态文化相关公共空间。",
        "greenScore": 86,
        "quietScore": 70
      },
      "geometry": {
        "type": "Polygon",
        "coordinates": [
          [
            [
              108.2955821,
              22.8998376
            ],
            [
              108.2963076,
              22.899792
            ],
            [
              108.2964669,
              22.8999974
            ],
            [
              108.2965908,
              22.9000756
            ],
            [
              108.2966899,
              22.9001245
            ],
            [
              108.2973694,
              22.900418
            ],
            [
              108.2974756,
              22.900594
            ],
            [
              108.2977198,
              22.9012298
            ],
            [
              108.2980241,
              22.9014286
            ],
            [
              108.2981516,
              22.9013797
            ],
            [
              108.2983073,
              22.9016373
            ],
            [
              108.2984772,
              22.9023708
            ],
            [
              108.2985019,
              22.9025632
            ],
            [
              108.2984665,
              22.9028859
            ],
            [
              108.298286,
              22.903851
            ],
            [
              108.2981516,
              22.9041542
            ],
            [
              108.2980135,
              22.90434
            ],
            [
              108.2974225,
              22.9048518
            ],
            [
              108.2973375,
              22.9049855
            ],
            [
              108.2972951,
              22.9051485
            ],
            [
              108.2972997,
              22.9053126
            ],
            [
              108.2973775,
              22.9054104
            ],
            [
              108.2962591,
              22.905368
            ],
            [
              108.2963512,
              22.9045041
            ],
            [
              108.2964644,
              22.9042074
            ],
            [
              108.296967,
              22.903826
            ],
            [
              108.2971404,
              22.9036238
            ],
            [
              108.2972466,
              22.9034054
            ],
            [
              108.2972926,
              22.9030826
            ],
            [
              108.2972183,
              22.902724
            ],
            [
              108.296921,
              22.9020361
            ],
            [
              108.2965706,
              22.901746
            ],
            [
              108.2956398,
              22.9014917
            ],
            [
              108.295661,
              22.9012341
            ],
            [
              108.2966449,
              22.9014656
            ],
            [
              108.2968163,
              22.9014713
            ],
            [
              108.2968726,
              22.901454
            ],
            [
              108.2969102,
              22.901412
            ],
            [
              108.2969128,
              22.9013181
            ],
            [
              108.2968565,
              22.9007326
            ],
            [
              108.2967626,
              22.9006535
            ],
            [
              108.2966714,
              22.9005917
            ],
            [
              108.2961699,
              22.900483
            ],
            [
              108.2958292,
              22.9003051
            ],
            [
              108.2957058,
              22.9001816
            ],
            [
              108.295679,
              22.9000951
            ],
            [
              108.2955821,
              22.8998376
            ]
          ]
        ]
      }
    },
    {
      "type": "Feature",
      "id": "way/1226702960",
      "properties": {
        "name": "绿城生态文化点 park",
        "category": "绿城生态文化点",
        "tags": [
          "leisure:park"
        ],
        "osmType": "way",
        "osmId": 1226702960,
        "osmSource": "overpass",
        "cultureText": "来自 OSM/Overpass 的南宁生态文化相关公共空间。",
        "greenScore": 86,
        "quietScore": 70
      },
      "geometry": {
        "type": "Polygon",
        "coordinates": [
          [
            [
              108.2964482,
              22.9056631
            ],
            [
              108.2976551,
              22.9056794
            ],
            [
              108.2984938,
              22.9061358
            ],
            [
              108.2987487,
              22.9062303
            ],
            [
              108.2990601,
              22.9062825
            ],
            [
              108.3001183,
              22.9071855
            ],
            [
              108.3005466,
              22.9074822
            ],
            [
              108.3011659,
              22.9089655
            ],
            [
              108.3013748,
              22.9091872
            ],
            [
              108.3017322,
              22.9092981
            ],
            [
              108.3025533,
              22.909347
            ],
            [
              108.3037212,
              22.9092883
            ],
            [
              108.3045777,
              22.9094219
            ],
            [
              108.3058091,
              22.910061
            ],
            [
              108.3070353,
              22.911094
            ],
            [
              108.3071401,
              22.9112359
            ],
            [
              108.3072818,
              22.9115367
            ],
            [
              108.3073866,
              22.9125527
            ],
            [
              108.3076947,
              22.913143
            ],
            [
              108.3083787,
              22.9136084
            ],
            [
              108.3092105,
              22.9142612
            ],
            [
              108.3103444,
              22.9144939
            ],
            [
              108.311472,
              22.9151012
            ],
            [
              108.3122423,
              22.9152431
            ],
            [
              108.3126182,
              22.9157766
            ],
            [
              108.3140355,
              22.9160944
            ],
            [
              108.3147872,
              22.9163839
            ],
            [
              108.3153627,
              22.9170928
            ],
            [
              108.3154827,
              22.9173535
            ],
            [
              108.3161914,
              22.9174727
            ],
            [
              108.3182618,
              22.9183525
            ],
            [
              108.3187183,
              22.9186778
            ],
            [
              108.3193937,
              22.9194254
            ],
            [
              108.3200584,
              22.91968
            ],
            [
              108.3203308,
              22.9198822
            ],
            [
              108.3206357,
              22.9203428
            ],
            [
              108.3207942,
              22.9204533
            ],
            [
              108.3209914,
              22.9205113
            ],
            [
              108.3223634,
              22.9206922
            ],
            [
              108.3225297,
              22.9207564
            ],
            [
              108.3248498,
              22.9217817
            ],
            [
              108.3257618,
              22.9225425
            ],
            [
              108.3250966,
              22.9231651
            ],
            [
              108.3243107,
              22.9228439
            ],
            [
              108.3235132,
              22.9222579
            ],
            [
              108.322669,
              22.9220281
            ],
            [
              108.322401,
              22.9218408
            ],
            [
              108.3220651,
              22.9215173
            ],
            [
              108.3213226,
              22.9214208
            ],
            [
              108.3211192,
              22.9213896
            ],
            [
              108.320919,
              22.9212931
            ],
            [
              108.3201918,
              22.9208759
            ],
            [
              108.319779,
              22.9205666
            ],
            [
              108.319628,
              22.9203396
            ],
            [
              108.3188886,
              22.9199281
            ],
            [
              108.3181614,
              22.9193265
            ],
            [
              108.3175452,
              22.9188952
            ],
            [
              108.3170461,
              22.9186965
            ],
            [
              108.3162019,
              22.9185007
            ],
            [
              108.3149664,
              22.9181034
            ],
            [
              108.3144549,
              22.9179558
            ],
            [
              108.3143194,
              22.9175302
            ],
            [
              108.3137216,
              22.9171953
            ],
            [
              108.3135029,
              22.9168235
            ],
            [
              108.3114384,
              22.9166006
            ],
            [
              108.3108106,
              22.915993
            ],
            [
              108.3097752,
              22.9160473
            ],
            [
              108.3095446,
              22.9158645
            ],
            [
              108.3095231,
              22.9155433
            ],
            [
              108.3091583,
              22.9152814
            ],
            [
              108.3085951,
              22.9153506
            ],
            [
              108.3080479,
              22.9150887
            ],
            [
              108.3063259,
              22.9140017
            ],
            [
              108.3062079,
              22.9137596
            ],
            [
              108.3058217,
              22.9124057
            ],
            [
              108.3055803,
              22.9120302
            ],
            [
              108.3035014,
              22.9120224
            ],
            [
              108.3029991,
              22.9117733
            ],
            [
              108.3023099,
              22.9118512
            ],
            [
              108.3019751,
              22.911805
            ],
            [
              108.3017991,
              22.9117158
            ],
            [
              108.3016059,
              22.9114513
            ],
            [
              108.301256,
              22.9116496
            ],
            [
              108.3005419,
              22.9115813
            ],
            [
              108.2995381,
              22.9125876
            ],
            [
              108.2985787,
              22.9118012
            ],
            [
              108.2993958,
              22.911277
            ],
            [
              108.2988592,
              22.9103483
            ],
            [
              108.2998715,
              22.9095132
            ],
            [
              108.3000626,
              22.909296
            ],
            [
              108.300087,
              22.9091237
            ],
            [
              108.300026,
              22.9087867
            ],
            [
              108.2996276,
              22.9078168
            ],
            [
              108.299465,
              22.9076408
            ],
            [
              108.2991519,
              22.9073711
            ],
            [
              108.2986803,
              22.9071764
            ],
            [
              108.2978142,
              22.9068933
            ],
            [
              108.2974406,
              22.9066438
            ],
            [
              108.2968522,
              22.9061706
            ],
            [
              108.2964482,
              22.9056631
            ]
          ]
        ]
      }
    },
    {
      "type": "Feature",
      "id": "way/1226702961",
      "properties": {
        "name": "绿城生态文化点 park",
        "category": "绿城生态文化点",
        "tags": [
          "leisure:park"
        ],
        "osmType": "way",
        "osmId": 1226702961,
        "osmSource": "overpass",
        "cultureText": "来自 OSM/Overpass 的南宁生态文化相关公共空间。",
        "greenScore": 86,
        "quietScore": 70
      },
      "geometry": {
        "type": "Polygon",
        "coordinates": [
          [
            [
              108.3253244,
              22.9232332
            ],
            [
              108.3260676,
              22.9225784
            ],
            [
              108.3266407,
              22.9230637
            ],
            [
              108.3267362,
              22.9232169
            ],
            [
              108.3267855,
              22.9234439
            ],
            [
              108.3267793,
              22.9241987
            ],
            [
              108.3268564,
              22.9243718
            ],
            [
              108.3273247,
              22.9248826
            ],
            [
              108.3281258,
              22.9254956
            ],
            [
              108.3284246,
              22.9259638
            ],
            [
              108.3286803,
              22.9262617
            ],
            [
              108.3290347,
              22.9265115
            ],
            [
              108.3302022,
              22.9270635
            ],
            [
              108.3306517,
              22.927145
            ],
            [
              108.3310339,
              22.9271255
            ],
            [
              108.3315117,
              22.9268647
            ],
            [
              108.3319168,
              22.9263941
            ],
            [
              108.3320795,
              22.9262932
            ],
            [
              108.3322812,
              22.9263062
            ],
            [
              108.3324546,
              22.9263584
            ],
            [
              108.3325856,
              22.9264627
            ],
            [
              108.3332226,
              22.9271244
            ],
            [
              108.3336402,
              22.9273232
            ],
            [
              108.3338929,
              22.9274062
            ],
            [
              108.3340047,
              22.927408
            ],
            [
              108.3341205,
              22.9273725
            ],
            [
              108.3342445,
              22.9272901
            ],
            [
              108.335292,
              22.926231
            ],
            [
              108.3356246,
              22.9260778
            ],
            [
              108.3359599,
              22.9257295
            ],
            [
              108.3371013,
              22.9257951
            ],
            [
              108.338018,
              22.9257984
            ],
            [
              108.3394797,
              22.9255995
            ],
            [
              108.3398163,
              22.9264201
            ],
            [
              108.3395749,
              22.9277689
            ],
            [
              108.3400899,
              22.9296611
            ],
            [
              108.340047,
              22.9301404
            ],
            [
              108.339194,
              22.9297797
            ],
            [
              108.3387863,
              22.9298242
            ],
            [
              108.3383357,
              22.9301848
            ],
            [
              108.3378905,
              22.9302293
            ],
            [
              108.3356052,
              22.9295722
            ],
            [
              108.3302504,
              22.9288696
            ],
            [
              108.3294427,
              22.9284987
            ],
            [
              108.3289851,
              22.9278364
            ],
            [
              108.3276588,
              22.9270278
            ],
            [
              108.3271525,
              22.9259498
            ],
            [
              108.3258276,
              22.9248147
            ],
            [
              108.3258251,
              22.9237523
            ],
            [
              108.3257803,
              22.9235689
            ],
            [
              108.3256868,
              22.9234528
            ],
            [
              108.3253244,
              22.9232332
            ]
          ]
        ]
      }
    },
    {
      "type": "Feature",
      "id": "way/1226704154",
      "properties": {
        "name": "绿城生态文化点 park",
        "category": "绿城生态文化点",
        "tags": [
          "leisure:park"
        ],
        "osmType": "way",
        "osmId": 1226704154,
        "osmSource": "overpass",
        "cultureText": "来自 OSM/Overpass 的南宁生态文化相关公共空间。",
        "greenScore": 86,
        "quietScore": 70
      },
      "geometry": {
        "type": "Polygon",
        "coordinates": [
          [
            [
              108.4814811,
              22.734297
            ],
            [
              108.4814596,
              22.733303
            ],
            [
              108.481478,
              22.7331865
            ],
            [
              108.481515,
              22.7331097
            ],
            [
              108.4815705,
              22.7330586
            ],
            [
              108.4816752,
              22.7330472
            ],
            [
              108.485313,
              22.7327805
            ],
            [
              108.4853049,
              22.7330055
            ],
            [
              108.4852561,
              22.733118
            ],
            [
              108.4851667,
              22.7331892
            ],
            [
              108.4849837,
              22.733298
            ],
            [
              108.4844999,
              22.7334067
            ],
            [
              108.4824566,
              22.7336887
            ],
            [
              108.4817055,
              22.734181
            ],
            [
              108.4814829,
              22.7344086
            ],
            [
              108.4814811,
              22.734297
            ]
          ]
        ]
      }
    },
    {
      "type": "Feature",
      "id": "way/1226704155",
      "properties": {
        "name": "绿城生态文化点 park",
        "category": "绿城生态文化点",
        "tags": [
          "leisure:park"
        ],
        "osmType": "way",
        "osmId": 1226704155,
        "osmSource": "overpass",
        "cultureText": "来自 OSM/Overpass 的南宁生态文化相关公共空间。",
        "greenScore": 86,
        "quietScore": 70
      },
      "geometry": {
        "type": "Polygon",
        "coordinates": [
          [
            [
              108.4834828,
              22.7324467
            ],
            [
              108.4835084,
              22.732539
            ],
            [
              108.4835384,
              22.7325717
            ],
            [
              108.4835986,
              22.7325978
            ],
            [
              108.4836782,
              22.7325978
            ],
            [
              108.4841153,
              22.7325031
            ],
            [
              108.4852199,
              22.7324496
            ],
            [
              108.4852785,
              22.732439
            ],
            [
              108.4853263,
              22.732408
            ],
            [
              108.485351,
              22.7323672
            ],
            [
              108.4853599,
              22.7322921
            ],
            [
              108.4851169,
              22.7298084
            ],
            [
              108.4847682,
              22.7299129
            ],
            [
              108.483506,
              22.7299466
            ],
            [
              108.4834828,
              22.7324467
            ]
          ]
        ]
      }
    },
    {
      "type": "Feature",
      "id": "way/1226704156",
      "properties": {
        "name": "绿城生态文化点 park",
        "category": "绿城生态文化点",
        "tags": [
          "leisure:park"
        ],
        "osmType": "way",
        "osmId": 1226704156,
        "osmSource": "overpass",
        "cultureText": "来自 OSM/Overpass 的南宁生态文化相关公共空间。",
        "greenScore": 86,
        "quietScore": 70
      },
      "geometry": {
        "type": "Polygon",
        "coordinates": [
          [
            [
              108.4855098,
              22.7307129
            ],
            [
              108.485381,
              22.7294512
            ],
            [
              108.4864271,
              22.7290876
            ],
            [
              108.4864217,
              22.7286249
            ],
            [
              108.4914752,
              22.7286036
            ],
            [
              108.491455,
              22.7295181
            ],
            [
              108.4905902,
              22.7295646
            ],
            [
              108.489812,
              22.7297234
            ],
            [
              108.4878594,
              22.7299114
            ],
            [
              108.4863091,
              22.7304012
            ],
            [
              108.4859389,
              22.7306585
            ],
            [
              108.4855098,
              22.7307129
            ]
          ]
        ]
      }
    },
    {
      "type": "Feature",
      "id": "way/1226708813",
      "properties": {
        "name": "绿城生态文化点 park",
        "category": "绿城生态文化点",
        "tags": [
          "leisure:park"
        ],
        "osmType": "way",
        "osmId": 1226708813,
        "osmSource": "overpass",
        "cultureText": "来自 OSM/Overpass 的南宁生态文化相关公共空间。",
        "greenScore": 86,
        "quietScore": 70
      },
      "geometry": {
        "type": "Polygon",
        "coordinates": [
          [
            [
              108.2106443,
              22.7902527
            ],
            [
              108.2126524,
              22.7902613
            ],
            [
              108.2128515,
              22.7902858
            ],
            [
              108.2129749,
              22.7903551
            ],
            [
              108.2130929,
              22.7904935
            ],
            [
              108.2130821,
              22.7906469
            ],
            [
              108.2136561,
              22.790632
            ],
            [
              108.2136991,
              22.7904787
            ],
            [
              108.2137688,
              22.790365
            ],
            [
              108.2139029,
              22.7903056
            ],
            [
              108.2140477,
              22.7902858
            ],
            [
              108.2150402,
              22.7903155
            ],
            [
              108.2152816,
              22.7904243
            ],
            [
              108.215539,
              22.790637
            ],
            [
              108.2157214,
              22.7912799
            ],
            [
              108.2161399,
              22.7919376
            ],
            [
              108.216451,
              22.7929416
            ],
            [
              108.2164188,
              22.7935103
            ],
            [
              108.2161238,
              22.7940247
            ],
            [
              108.2160755,
              22.7941928
            ],
            [
              108.2160487,
              22.7944203
            ],
            [
              108.2159843,
              22.7955825
            ],
            [
              108.214788,
              22.7955874
            ],
            [
              108.2144072,
              22.7954687
            ],
            [
              108.2142569,
              22.79535
            ],
            [
              108.2142033,
              22.7951967
            ],
            [
              108.2141979,
              22.7950236
            ],
            [
              108.2142945,
              22.7946478
            ],
            [
              108.2146861,
              22.7941582
            ],
            [
              108.2149168,
              22.7937527
            ],
            [
              108.2149168,
              22.7935054
            ],
            [
              108.2148524,
              22.7931394
            ],
            [
              108.2145466,
              22.7929169
            ],
            [
              108.2141121,
              22.7922443
            ],
            [
              108.2137902,
              22.7921256
            ],
            [
              108.2130929,
              22.7923036
            ],
            [
              108.2123955,
              22.7924322
            ],
            [
              108.2120683,
              22.7923778
            ],
            [
              108.2118376,
              22.7922838
            ],
            [
              108.2114728,
              22.7919921
            ],
            [
              108.2110222,
              22.7914579
            ],
            [
              108.2108237,
              22.7909832
            ],
            [
              108.2106443,
              22.7902527
            ]
          ]
        ]
      }
    },
    {
      "type": "Feature",
      "id": "way/1226708814",
      "properties": {
        "name": "绿城生态文化点 park",
        "category": "绿城生态文化点",
        "tags": [
          "leisure:park"
        ],
        "osmType": "way",
        "osmId": 1226708814,
        "osmSource": "overpass",
        "cultureText": "来自 OSM/Overpass 的南宁生态文化相关公共空间。",
        "greenScore": 86,
        "quietScore": 70
      },
      "geometry": {
        "type": "Polygon",
        "coordinates": [
          [
            [
              108.2147404,
              22.7963922
            ],
            [
              108.2146484,
              22.7960529
            ],
            [
              108.2148643,
              22.7958702
            ],
            [
              108.2150271,
              22.7958245
            ],
            [
              108.2152607,
              22.7958147
            ],
            [
              108.2160605,
              22.7959876
            ],
            [
              108.2162652,
              22.7960081
            ],
            [
              108.2163993,
              22.7960748
            ],
            [
              108.2165013,
              22.7961688
            ],
            [
              108.2165415,
              22.796285
            ],
            [
              108.2165656,
              22.7964185
            ],
            [
              108.2165406,
              22.8016091
            ],
            [
              108.2165289,
              22.8016879
            ],
            [
              108.2164845,
              22.801746
            ],
            [
              108.2163981,
              22.8018364
            ],
            [
              108.2163211,
              22.8019074
            ],
            [
              108.2163071,
              22.8019935
            ],
            [
              108.2160105,
              22.8019785
            ],
            [
              108.2159661,
              22.8019548
            ],
            [
              108.2159241,
              22.8018902
            ],
            [
              108.2158961,
              22.8017934
            ],
            [
              108.2158235,
              22.8017114
            ],
            [
              108.2157298,
              22.8002774
            ],
            [
              108.2156922,
              22.7992834
            ],
            [
              108.2156761,
              22.7990312
            ],
            [
              108.2156252,
              22.7979927
            ],
            [
              108.2147404,
              22.7963922
            ]
          ]
        ]
      }
    },
    {
      "type": "Feature",
      "id": "way/1226708815",
      "properties": {
        "name": "绿城生态文化点 park",
        "category": "绿城生态文化点",
        "tags": [
          "leisure:park"
        ],
        "osmType": "way",
        "osmId": 1226708815,
        "osmSource": "overpass",
        "cultureText": "来自 OSM/Overpass 的南宁生态文化相关公共空间。",
        "greenScore": 86,
        "quietScore": 70
      },
      "geometry": {
        "type": "Polygon",
        "coordinates": [
          [
            [
              108.2154078,
              22.8036178
            ],
            [
              108.2157405,
              22.8033634
            ],
            [
              108.2160661,
              22.8028264
            ],
            [
              108.2162431,
              22.8026582
            ],
            [
              108.2163396,
              22.8026483
            ],
            [
              108.2164523,
              22.8026978
            ],
            [
              108.2165328,
              22.8028363
            ],
            [
              108.2165596,
              22.8037561
            ],
            [
              108.2166508,
              22.8041714
            ],
            [
              108.216624,
              22.8053088
            ],
            [
              108.2155469,
              22.8053761
            ],
            [
              108.214871,
              22.8067594
            ],
            [
              108.2146875,
              22.8084413
            ],
            [
              108.2145359,
              22.8088805
            ],
            [
              108.2143778,
              22.8110995
            ],
            [
              108.2144144,
              22.8117403
            ],
            [
              108.2158007,
              22.8117515
            ],
            [
              108.2161178,
              22.8118067
            ],
            [
              108.2163088,
              22.8118749
            ],
            [
              108.2164259,
              22.8119601
            ],
            [
              108.2159452,
              22.8135761
            ],
            [
              108.2158066,
              22.8140418
            ],
            [
              108.2155478,
              22.8139822
            ],
            [
              108.2154122,
              22.8135562
            ],
            [
              108.2144332,
              22.8132924
            ],
            [
              108.2142315,
              22.8127541
            ],
            [
              108.2141501,
              22.8126693
            ],
            [
              108.2140368,
              22.8126171
            ],
            [
              108.2133325,
              22.812542
            ],
            [
              108.2133644,
              22.8111751
            ],
            [
              108.2133537,
              22.8107118
            ],
            [
              108.2135272,
              22.8101703
            ],
            [
              108.2135484,
              22.8095504
            ],
            [
              108.2135873,
              22.8089338
            ],
            [
              108.2137254,
              22.8088392
            ],
            [
              108.2137254,
              22.8085587
            ],
            [
              108.2136192,
              22.8084673
            ],
            [
              108.2136227,
              22.8062097
            ],
            [
              108.2154078,
              22.8036178
            ]
          ]
        ]
      }
    },
    {
      "type": "Feature",
      "id": "way/1226708816",
      "properties": {
        "name": "绿城生态文化点 park",
        "category": "绿城生态文化点",
        "tags": [
          "leisure:park"
        ],
        "osmType": "way",
        "osmId": 1226708816,
        "osmSource": "overpass",
        "cultureText": "来自 OSM/Overpass 的南宁生态文化相关公共空间。",
        "greenScore": 86,
        "quietScore": 70
      },
      "geometry": {
        "type": "Polygon",
        "coordinates": [
          [
            [
              108.2165216,
              22.8137834
            ],
            [
              108.2168086,
              22.8130392
            ],
            [
              108.2211191,
              22.8145245
            ],
            [
              108.2215207,
              22.8146666
            ],
            [
              108.221899,
              22.814701
            ],
            [
              108.2236035,
              22.8145245
            ],
            [
              108.2257097,
              22.8147484
            ],
            [
              108.2269099,
              22.8150368
            ],
            [
              108.2272041,
              22.815054
            ],
            [
              108.2274189,
              22.8149808
            ],
            [
              108.2279373,
              22.8147311
            ],
            [
              108.2281895,
              22.8146709
            ],
            [
              108.2285724,
              22.8146149
            ],
            [
              108.2289834,
              22.814645
            ],
            [
              108.2294877,
              22.8147656
            ],
            [
              108.2305525,
              22.8151573
            ],
            [
              108.2309214,
              22.8152477
            ],
            [
              108.2311783,
              22.8152649
            ],
            [
              108.2319955,
              22.815252
            ],
            [
              108.2320095,
              22.8158374
            ],
            [
              108.2307673,
              22.8159536
            ],
            [
              108.230305,
              22.8159321
            ],
            [
              108.2288993,
              22.8154199
            ],
            [
              108.228521,
              22.8153424
            ],
            [
              108.2272928,
              22.8158159
            ],
            [
              108.2269799,
              22.8158245
            ],
            [
              108.2254857,
              22.8156235
            ],
            [
              108.2248572,
              22.8155383
            ],
            [
              108.2243765,
              22.8152941
            ],
            [
              108.2229038,
              22.8152884
            ],
            [
              108.2220504,
              22.8153795
            ],
            [
              108.2209453,
              22.815246
            ],
            [
              108.2205966,
              22.8151471
            ],
            [
              108.2165216,
              22.8137834
            ]
          ]
        ]
      }
    },
    {
      "type": "Feature",
      "id": "way/1226886816",
      "properties": {
        "name": "绿城生态文化点 park",
        "category": "绿城生态文化点",
        "tags": [
          "leisure:park"
        ],
        "osmType": "way",
        "osmId": 1226886816,
        "osmSource": "overpass",
        "cultureText": "来自 OSM/Overpass 的南宁生态文化相关公共空间。",
        "greenScore": 86,
        "quietScore": 70
      },
      "geometry": {
        "type": "Polygon",
        "coordinates": [
          [
            [
              108.3080934,
              22.7614336
            ],
            [
              108.3080749,
              22.7615132
            ],
            [
              108.3080811,
              22.7615814
            ],
            [
              108.3081211,
              22.7616496
            ],
            [
              108.3082197,
              22.7617177
            ],
            [
              108.3097561,
              22.7624043
            ],
            [
              108.3100456,
              22.7614138
            ],
            [
              108.3103258,
              22.7608669
            ],
            [
              108.3106574,
              22.760475
            ],
            [
              108.3111161,
              22.7602266
            ],
            [
              108.3117323,
              22.7600334
            ],
            [
              108.3122314,
              22.7597095
            ],
            [
              108.3125026,
              22.7593288
            ],
            [
              108.3126258,
              22.7589481
            ],
            [
              108.3126813,
              22.7584594
            ],
            [
              108.312595,
              22.7580957
            ],
            [
              108.3122561,
              22.7578912
            ],
            [
              108.3115967,
              22.757124
            ],
            [
              108.3110981,
              22.7563837
            ],
            [
              108.3106102,
              22.7556039
            ],
            [
              108.3103338,
              22.7553564
            ],
            [
              108.3097809,
              22.7551765
            ],
            [
              108.3095207,
              22.754974
            ],
            [
              108.3092361,
              22.7545691
            ],
            [
              108.3085938,
              22.753242
            ],
            [
              108.3081384,
              22.7523272
            ],
            [
              108.3078132,
              22.7513224
            ],
            [
              108.3078051,
              22.7510075
            ],
            [
              108.3078213,
              22.7506251
            ],
            [
              108.3078213,
              22.7503926
            ],
            [
              108.3077075,
              22.7502202
            ],
            [
              108.3073253,
              22.7499652
            ],
            [
              108.3054227,
              22.7492979
            ],
            [
              108.3044063,
              22.7487205
            ],
            [
              108.3033574,
              22.7479332
            ],
            [
              108.3029021,
              22.7474383
            ],
            [
              108.3019996,
              22.7470108
            ],
            [
              108.3008369,
              22.7464035
            ],
            [
              108.3002433,
              22.745961
            ],
            [
              108.2995863,
              22.7453646
            ],
            [
              108.2982452,
              22.7432274
            ],
            [
              108.2976873,
              22.7422478
            ],
            [
              108.2973226,
              22.7415552
            ],
            [
              108.295445,
              22.742139
            ],
            [
              108.2958527,
              22.7438606
            ],
            [
              108.2965981,
              22.7450931
            ],
            [
              108.297899,
              22.7462779
            ],
            [
              108.2993138,
              22.7473276
            ],
            [
              108.3013429,
              22.7490406
            ],
            [
              108.3024947,
              22.750385
            ],
            [
              108.3038733,
              22.7519631
            ],
            [
              108.3044259,
              22.7526112
            ],
            [
              108.3049409,
              22.7534175
            ],
            [
              108.3055309,
              22.7547928
            ],
            [
              108.3057,
              22.7554264
            ],
            [
              108.3057484,
              22.7555472
            ],
            [
              108.3058254,
              22.7556268
            ],
            [
              108.305961,
              22.755712
            ],
            [
              108.3061243,
              22.7557546
            ],
            [
              108.3063892,
              22.7557774
            ],
            [
              108.3078866,
              22.7557859
            ],
            [
              108.3079667,
              22.7564337
            ],
            [
              108.3081762,
              22.757394
            ],
            [
              108.3083734,
              22.7582179
            ],
            [
              108.3083981,
              22.7591442
            ],
            [
              108.3083858,
              22.7598601
            ],
            [
              108.308281,
              22.7607068
            ],
            [
              108.3080934,
              22.7614336
            ]
          ]
        ]
      }
    },
    {
      "type": "Feature",
      "id": "way/1284692328",
      "properties": {
        "name": "绿城生态文化点 garden",
        "category": "绿城生态文化点",
        "tags": [
          "leisure:garden"
        ],
        "osmType": "way",
        "osmId": 1284692328,
        "osmSource": "overpass",
        "cultureText": "来自 OSM/Overpass 的南宁生态文化相关公共空间。",
        "greenScore": 86,
        "quietScore": 70
      },
      "geometry": {
        "type": "Polygon",
        "coordinates": [
          [
            [
              108.3660749,
              22.8171486
            ],
            [
              108.3658821,
              22.8167151
            ],
            [
              108.3659515,
              22.8166762
            ],
            [
              108.365991,
              22.8166218
            ],
            [
              108.3660105,
              22.8165606
            ],
            [
              108.3660105,
              22.8165106
            ],
            [
              108.3659977,
              22.8164642
            ],
            [
              108.3661436,
              22.8164036
            ],
            [
              108.3661457,
              22.8167233
            ],
            [
              108.3661464,
              22.816829
            ],
            [
              108.3661472,
              22.8169352
            ],
            [
              108.3661479,
              22.8170496
            ],
            [
              108.3661486,
              22.8171481
            ],
            [
              108.3660749,
              22.8171486
            ]
          ]
        ]
      }
    },
    {
      "type": "Feature",
      "id": "way/1284692329",
      "properties": {
        "name": "绿城生态文化点 garden",
        "category": "绿城生态文化点",
        "tags": [
          "leisure:garden"
        ],
        "osmType": "way",
        "osmId": 1284692329,
        "osmSource": "overpass",
        "cultureText": "来自 OSM/Overpass 的南宁生态文化相关公共空间。",
        "greenScore": 86,
        "quietScore": 70
      },
      "geometry": {
        "type": "Polygon",
        "coordinates": [
          [
            [
              108.3667557,
              22.8173103
            ],
            [
              108.3668438,
              22.8173097
            ],
            [
              108.3668443,
              22.8173791
            ],
            [
              108.3667253,
              22.8173798
            ],
            [
              108.3666457,
              22.8173802
            ],
            [
              108.3666441,
              22.8171453
            ],
            [
              108.3664799,
              22.8171463
            ],
            [
              108.3664793,
              22.8170578
            ],
            [
              108.3664792,
              22.8170365
            ],
            [
              108.3664785,
              22.8169432
            ],
            [
              108.3664784,
              22.8169197
            ],
            [
              108.3664778,
              22.8168388
            ],
            [
              108.3664777,
              22.8168153
            ],
            [
              108.3664771,
              22.8167355
            ],
            [
              108.366477,
              22.8167083
            ],
            [
              108.3664764,
              22.8166261
            ],
            [
              108.3664762,
              22.816594
            ],
            [
              108.3664756,
              22.8165032
            ],
            [
              108.3664754,
              22.8164778
            ],
            [
              108.366475,
              22.8164148
            ],
            [
              108.3668808,
              22.8164125
            ],
            [
              108.3668825,
              22.816662
            ],
            [
              108.3668397,
              22.8167019
            ],
            [
              108.3667105,
              22.8167027
            ],
            [
              108.3667115,
              22.8168425
            ],
            [
              108.3668151,
              22.8168419
            ],
            [
              108.3668172,
              22.8171443
            ],
            [
              108.366756,
              22.8171447
            ],
            [
              108.3667557,
              22.8173103
            ]
          ]
        ]
      }
    },
    {
      "type": "Feature",
      "id": "way/1284692341",
      "properties": {
        "name": "绿城生态文化点 garden",
        "category": "绿城生态文化点",
        "tags": [
          "leisure:garden"
        ],
        "osmType": "way",
        "osmId": 1284692341,
        "osmSource": "overpass",
        "cultureText": "来自 OSM/Overpass 的南宁生态文化相关公共空间。",
        "greenScore": 86,
        "quietScore": 70
      },
      "geometry": {
        "type": "Polygon",
        "coordinates": [
          [
            [
              108.3664031,
              22.8179931
            ],
            [
              108.3663558,
              22.8179698
            ],
            [
              108.3663975,
              22.8179368
            ],
            [
              108.3664612,
              22.8179145
            ],
            [
              108.36652,
              22.8178829
            ],
            [
              108.3666135,
              22.8178817
            ],
            [
              108.3665047,
              22.8179519
            ],
            [
              108.3664031,
              22.8179931
            ]
          ]
        ]
      }
    },
    {
      "type": "Feature",
      "id": "way/1284692342",
      "properties": {
        "name": "绿城生态文化点 garden",
        "category": "绿城生态文化点",
        "tags": [
          "leisure:garden"
        ],
        "osmType": "way",
        "osmId": 1284692342,
        "osmSource": "overpass",
        "cultureText": "来自 OSM/Overpass 的南宁生态文化相关公共空间。",
        "greenScore": 86,
        "quietScore": 70
      },
      "geometry": {
        "type": "Polygon",
        "coordinates": [
          [
            [
              108.3659694,
              22.8178962
            ],
            [
              108.3660666,
              22.8178968
            ],
            [
              108.3661299,
              22.8179255
            ],
            [
              108.3661922,
              22.8179692
            ],
            [
              108.3661379,
              22.8179876
            ],
            [
              108.3660487,
              22.8179488
            ],
            [
              108.3659694,
              22.8178962
            ]
          ]
        ]
      }
    },
    {
      "type": "Feature",
      "id": "way/1310873297",
      "properties": {
        "name": "绿城生态文化点 park",
        "category": "绿城生态文化点",
        "tags": [
          "leisure:park"
        ],
        "osmType": "way",
        "osmId": 1310873297,
        "osmSource": "overpass",
        "cultureText": "来自 OSM/Overpass 的南宁生态文化相关公共空间。",
        "greenScore": 86,
        "quietScore": 70
      },
      "geometry": {
        "type": "Polygon",
        "coordinates": [
          [
            [
              108.3808692,
              22.7610752
            ],
            [
              108.3805411,
              22.7611245
            ],
            [
              108.3804408,
              22.7610695
            ],
            [
              108.3802158,
              22.7601398
            ],
            [
              108.3802077,
              22.7599874
            ],
            [
              108.3801264,
              22.75965
            ],
            [
              108.3800071,
              22.7593925
            ],
            [
              108.3798147,
              22.7587502
            ],
            [
              108.379793,
              22.7584678
            ],
            [
              108.3796765,
              22.7579529
            ],
            [
              108.3796711,
              22.7578605
            ],
            [
              108.3797578,
              22.757803
            ],
            [
              108.3798554,
              22.7577805
            ],
            [
              108.3799285,
              22.757793
            ],
            [
              108.3798852,
              22.7580129
            ],
            [
              108.3799556,
              22.7584228
            ],
            [
              108.3800315,
              22.7587502
            ],
            [
              108.3802047,
              22.7587181
            ],
            [
              108.3808692,
              22.7610752
            ]
          ]
        ]
      }
    },
    {
      "type": "Feature",
      "id": "way/1310873314",
      "properties": {
        "name": "绿城生态文化点 park",
        "category": "绿城生态文化点",
        "tags": [
          "leisure:park"
        ],
        "osmType": "way",
        "osmId": 1310873314,
        "osmSource": "overpass",
        "cultureText": "来自 OSM/Overpass 的南宁生态文化相关公共空间。",
        "greenScore": 86,
        "quietScore": 70
      },
      "geometry": {
        "type": "Polygon",
        "coordinates": [
          [
            [
              108.3911486,
              22.7695982
            ],
            [
              108.3914306,
              22.7694424
            ],
            [
              108.3914617,
              22.7692615
            ],
            [
              108.3904748,
              22.7676396
            ],
            [
              108.3900921,
              22.7678576
            ],
            [
              108.3903976,
              22.7684158
            ],
            [
              108.3911486,
              22.7695982
            ]
          ]
        ]
      }
    },
    {
      "type": "Feature",
      "id": "way/1319212906",
      "properties": {
        "name": "绿城生态文化点 park",
        "category": "绿城生态文化点",
        "tags": [
          "leisure:park"
        ],
        "osmType": "way",
        "osmId": 1319212906,
        "osmSource": "overpass",
        "cultureText": "来自 OSM/Overpass 的南宁生态文化相关公共空间。",
        "greenScore": 86,
        "quietScore": 70
      },
      "geometry": {
        "type": "Polygon",
        "coordinates": [
          [
            [
              108.4942628,
              22.7712728
            ],
            [
              108.4947189,
              22.77128
            ],
            [
              108.4947547,
              22.7712398
            ],
            [
              108.4947734,
              22.7711566
            ],
            [
              108.494764,
              22.7710418
            ],
            [
              108.4948123,
              22.7709571
            ],
            [
              108.494915,
              22.7708293
            ],
            [
              108.4949462,
              22.770769
            ],
            [
              108.4949539,
              22.7707231
            ],
            [
              108.4949353,
              22.7706915
            ],
            [
              108.494887,
              22.7706772
            ],
            [
              108.4942721,
              22.7706628
            ],
            [
              108.494255,
              22.7706829
            ],
            [
              108.4942441,
              22.7712384
            ],
            [
              108.4942457,
              22.7712599
            ],
            [
              108.4942628,
              22.7712728
            ]
          ]
        ]
      }
    },
    {
      "type": "Feature",
      "id": "way/1339237875",
      "properties": {
        "name": "绿城生态文化点 park",
        "category": "绿城生态文化点",
        "tags": [
          "leisure:park"
        ],
        "osmType": "way",
        "osmId": 1339237875,
        "osmSource": "overpass",
        "cultureText": "来自 OSM/Overpass 的南宁生态文化相关公共空间。",
        "greenScore": 86,
        "quietScore": 70
      },
      "geometry": {
        "type": "Polygon",
        "coordinates": [
          [
            [
              108.384058,
              22.7522515
            ],
            [
              108.3838577,
              22.7522523
            ],
            [
              108.3838581,
              22.7523307
            ],
            [
              108.3836922,
              22.7523314
            ],
            [
              108.3836924,
              22.7523739
            ],
            [
              108.3831165,
              22.7523761
            ],
            [
              108.3831173,
              22.7525498
            ],
            [
              108.3830254,
              22.7525502
            ],
            [
              108.3830194,
              22.751254
            ],
            [
              108.3840534,
              22.75125
            ],
            [
              108.384058,
              22.7522515
            ]
          ]
        ]
      }
    },
    {
      "type": "Feature",
      "id": "way/1344504680",
      "properties": {
        "name": "邕江南岸江滨公园",
        "category": "绿城生态文化点",
        "tags": [
          "leisure:park"
        ],
        "osmType": "way",
        "osmId": 1344504680,
        "osmSource": "overpass",
        "cultureText": "来自 OSM/Overpass 的南宁生态文化相关公共空间。",
        "greenScore": 86,
        "quietScore": 70
      },
      "geometry": {
        "type": "Polygon",
        "coordinates": [
          [
            [
              108.3277207,
              22.7674616
            ],
            [
              108.3278029,
              22.7675195
            ],
            [
              108.3278624,
              22.7677026
            ],
            [
              108.3279154,
              22.7677392
            ],
            [
              108.3281206,
              22.7678979
            ],
            [
              108.3280875,
              22.7680138
            ],
            [
              108.3282,
              22.7681542
            ],
            [
              108.3283721,
              22.7680382
            ],
            [
              108.3284606,
              22.7681426
            ],
            [
              108.3278806,
              22.768663
            ],
            [
              108.3273319,
              22.7691617
            ],
            [
              108.3268107,
              22.7696604
            ],
            [
              108.3264854,
              22.7701663
            ],
            [
              108.3263051,
              22.7703578
            ],
            [
              108.3259994,
              22.7706794
            ],
            [
              108.3258074,
              22.7708493
            ],
            [
              108.3255683,
              22.7710842
            ],
            [
              108.3249765,
              22.7717455
            ],
            [
              108.3248942,
              22.7718828
            ],
            [
              108.3246434,
              22.7723453
            ],
            [
              108.3244592,
              22.7727681
            ],
            [
              108.3243534,
              22.7729488
            ],
            [
              108.3242005,
              22.7730753
            ],
            [
              108.3240007,
              22.7731548
            ],
            [
              108.3236048,
              22.773209
            ],
            [
              108.3231619,
              22.773229
            ],
            [
              108.3228092,
              22.773229
            ],
            [
              108.322686,
              22.7732232
            ],
            [
              108.3227153,
              22.7730748
            ],
            [
              108.3227548,
              22.7729209
            ],
            [
              108.3227735,
              22.7728478
            ],
            [
              108.3227065,
              22.7727618
            ],
            [
              108.3226801,
              22.7725055
            ],
            [
              108.322701,
              22.7723811
            ],
            [
              108.3228108,
              22.7721064
            ],
            [
              108.3229597,
              22.7718607
            ],
            [
              108.32314,
              22.7716764
            ],
            [
              108.323285,
              22.7716186
            ],
            [
              108.3234888,
              22.7714921
            ],
            [
              108.3238728,
              22.7711524
            ],
            [
              108.323916,
              22.7711561
            ],
            [
              108.3246802,
              22.7706032
            ],
            [
              108.3247076,
              22.7706104
            ],
            [
              108.3247742,
              22.7705743
            ],
            [
              108.3247625,
              22.7705273
            ],
            [
              108.3248761,
              22.7704369
            ],
            [
              108.3250251,
              22.7702852
            ],
            [
              108.3255855,
              22.7698479
            ],
            [
              108.3258794,
              22.7695697
            ],
            [
              108.3262713,
              22.7691577
            ],
            [
              108.3266789,
              22.7686735
            ],
            [
              108.326965,
              22.7683085
            ],
            [
              108.3275098,
              22.7676977
            ],
            [
              108.3276744,
              22.7675424
            ],
            [
              108.3277207,
              22.7674616
            ]
          ]
        ]
      }
    },
    {
      "type": "Feature",
      "id": "way/1344504724",
      "properties": {
        "name": "绿城生态文化点 garden",
        "category": "绿城生态文化点",
        "tags": [
          "leisure:garden"
        ],
        "osmType": "way",
        "osmId": 1344504724,
        "osmSource": "overpass",
        "cultureText": "来自 OSM/Overpass 的南宁生态文化相关公共空间。",
        "greenScore": 86,
        "quietScore": 70
      },
      "geometry": {
        "type": "Polygon",
        "coordinates": [
          [
            [
              108.3234595,
              22.7701479
            ],
            [
              108.3234641,
              22.7701936
            ],
            [
              108.3233649,
              22.7703058
            ],
            [
              108.3233694,
              22.7703473
            ],
            [
              108.3233965,
              22.7703805
            ],
            [
              108.3234595,
              22.7704096
            ],
            [
              108.3235136,
              22.7704179
            ],
            [
              108.3240041,
              22.7700572
            ],
            [
              108.3239648,
              22.7700117
            ],
            [
              108.3241514,
              22.7698744
            ],
            [
              108.3241904,
              22.7699194
            ],
            [
              108.3242751,
              22.769857
            ],
            [
              108.3243066,
              22.7698737
            ],
            [
              108.3245274,
              22.7697158
            ],
            [
              108.3239912,
              22.7696909
            ],
            [
              108.3239327,
              22.7697199
            ],
            [
              108.3237119,
              22.7699484
            ],
            [
              108.3236443,
              22.7699484
            ],
            [
              108.3234595,
              22.7701479
            ]
          ]
        ]
      }
    },
    {
      "type": "Feature",
      "id": "way/1385503800",
      "properties": {
        "name": "绿谷音乐广场",
        "category": "文化艺术点",
        "tags": [
          "amenity:theatre"
        ],
        "osmType": "way",
        "osmId": 1385503800,
        "osmSource": "overpass",
        "cultureText": "来自 OSM/Overpass 的南宁生态文化相关公共空间。",
        "greenScore": 74,
        "quietScore": 70
      },
      "geometry": {
        "type": "Polygon",
        "coordinates": [
          [
            [
              108.4084446,
              22.8029397
            ],
            [
              108.4084661,
              22.8030208
            ],
            [
              108.4085384,
              22.8030587
            ],
            [
              108.4086108,
              22.803028
            ],
            [
              108.4086538,
              22.8029541
            ],
            [
              108.4086694,
              22.8027108
            ],
            [
              108.408644,
              22.8025792
            ],
            [
              108.4085463,
              22.802572
            ],
            [
              108.4084778,
              22.8026765
            ],
            [
              108.4084446,
              22.8029397
            ]
          ]
        ]
      }
    },
    {
      "type": "Feature",
      "id": "way/1388683605",
      "properties": {
        "name": "绿城生态文化点 park",
        "category": "绿城生态文化点",
        "tags": [
          "leisure:park"
        ],
        "osmType": "way",
        "osmId": 1388683605,
        "osmSource": "overpass",
        "cultureText": "来自 OSM/Overpass 的南宁生态文化相关公共空间。",
        "greenScore": 86,
        "quietScore": 70
      },
      "geometry": {
        "type": "Polygon",
        "coordinates": [
          [
            [
              108.3679955,
              22.8310037
            ],
            [
              108.3685159,
              22.8307988
            ],
            [
              108.3690092,
              22.8307339
            ],
            [
              108.3695946,
              22.830609
            ],
            [
              108.3703969,
              22.8304241
            ],
            [
              108.3710202,
              22.8302742
            ],
            [
              108.3715515,
              22.8300844
            ],
            [
              108.3719905,
              22.8299245
            ],
            [
              108.3723158,
              22.8295598
            ],
            [
              108.3720675,
              22.8294075
            ],
            [
              108.371572,
              22.8297641
            ],
            [
              108.3709397,
              22.8300207
            ],
            [
              108.3704961,
              22.8302165
            ],
            [
              108.3700525,
              22.8303339
            ],
            [
              108.3696184,
              22.8303643
            ],
            [
              108.3692173,
              22.8304339
            ],
            [
              108.3688209,
              22.8304992
            ],
            [
              108.3683631,
              22.8306035
            ],
            [
              108.3678346,
              22.8308558
            ],
            [
              108.3672636,
              22.8311733
            ],
            [
              108.3670135,
              22.8316343
            ],
            [
              108.3669852,
              22.8319126
            ],
            [
              108.3665464,
              22.8321649
            ],
            [
              108.3662679,
              22.8321345
            ],
            [
              108.3658102,
              22.8320692
            ],
            [
              108.3656592,
              22.8318344
            ],
            [
              108.3655318,
              22.8316691
            ],
            [
              108.3650316,
              22.831469
            ],
            [
              108.3643757,
              22.8311602
            ],
            [
              108.3637292,
              22.8307514
            ],
            [
              108.3635215,
              22.8307645
            ],
            [
              108.3633092,
              22.8308079
            ],
            [
              108.3628326,
              22.8310211
            ],
            [
              108.3621813,
              22.8314864
            ],
            [
              108.3615113,
              22.8318822
            ],
            [
              108.3608931,
              22.8323737
            ],
            [
              108.3608081,
              22.8326085
            ],
            [
              108.3612942,
              22.8323476
            ],
            [
              108.3620964,
              22.8318474
            ],
            [
              108.3626108,
              22.8314951
            ],
            [
              108.3630402,
              22.8311689
            ],
            [
              108.3633422,
              22.8310211
            ],
            [
              108.3636489,
              22.8309689
            ],
            [
              108.3638754,
              22.8310472
            ],
            [
              108.3642105,
              22.8312733
            ],
            [
              108.3647013,
              22.8315734
            ],
            [
              108.3648947,
              22.8316995
            ],
            [
              108.3652062,
              22.8317822
            ],
            [
              108.3655554,
              22.831817
            ],
            [
              108.3655412,
              22.8323084
            ],
            [
              108.366787,
              22.8323345
            ],
            [
              108.3670371,
              22.8322649
            ],
            [
              108.3672023,
              22.8321823
            ],
            [
              108.3671362,
              22.8318952
            ],
            [
              108.3672589,
              22.8314603
            ],
            [
              108.3674996,
              22.8312472
            ],
            [
              108.3679955,
              22.8310037
            ]
          ]
        ]
      }
    },
    {
      "type": "Feature",
      "id": "way/1391135182",
      "properties": {
        "name": "绿城生态文化点 park",
        "category": "绿城生态文化点",
        "tags": [
          "leisure:park"
        ],
        "osmType": "way",
        "osmId": 1391135182,
        "osmSource": "overpass",
        "cultureText": "来自 OSM/Overpass 的南宁生态文化相关公共空间。",
        "greenScore": 86,
        "quietScore": 70
      },
      "geometry": {
        "type": "Polygon",
        "coordinates": [
          [
            [
              108.3727455,
              22.7723467
            ],
            [
              108.3724964,
              22.772335
            ],
            [
              108.3723478,
              22.7722045
            ],
            [
              108.3723926,
              22.7710536
            ],
            [
              108.3725766,
              22.7709144
            ],
            [
              108.3727772,
              22.7708752
            ],
            [
              108.3727765,
              22.7709076
            ],
            [
              108.3727455,
              22.7723467
            ]
          ]
        ]
      }
    },
    {
      "type": "Feature",
      "id": "way/1391135183",
      "properties": {
        "name": "绿城生态文化点 park",
        "category": "绿城生态文化点",
        "tags": [
          "leisure:park"
        ],
        "osmType": "way",
        "osmId": 1391135183,
        "osmSource": "overpass",
        "cultureText": "来自 OSM/Overpass 的南宁生态文化相关公共空间。",
        "greenScore": 86,
        "quietScore": 70
      },
      "geometry": {
        "type": "Polygon",
        "coordinates": [
          [
            [
              108.3727418,
              22.7726287
            ],
            [
              108.3726805,
              22.7740581
            ],
            [
              108.3724209,
              22.774045
            ],
            [
              108.3723115,
              22.7739643
            ],
            [
              108.3722797,
              22.7738713
            ],
            [
              108.3723364,
              22.7726955
            ],
            [
              108.372398,
              22.7726034
            ],
            [
              108.3725372,
              22.772547
            ],
            [
              108.3727545,
              22.7725429
            ],
            [
              108.3727418,
              22.7726287
            ]
          ]
        ]
      }
    },
    {
      "type": "Feature",
      "id": "way/1391135185",
      "properties": {
        "name": "绿城生态文化点 park",
        "category": "绿城生态文化点",
        "tags": [
          "leisure:park"
        ],
        "osmType": "way",
        "osmId": 1391135185,
        "osmSource": "overpass",
        "cultureText": "来自 OSM/Overpass 的南宁生态文化相关公共空间。",
        "greenScore": 86,
        "quietScore": 70
      },
      "geometry": {
        "type": "Polygon",
        "coordinates": [
          [
            [
              108.3715321,
              22.7775
            ],
            [
              108.3717404,
              22.7775131
            ],
            [
              108.3718808,
              22.7774403
            ],
            [
              108.3719049,
              22.7762248
            ],
            [
              108.371846,
              22.776014
            ],
            [
              108.3715691,
              22.7760003
            ],
            [
              108.3715321,
              22.7775
            ]
          ]
        ]
      }
    },
    {
      "type": "Feature",
      "id": "way/1391135186",
      "properties": {
        "name": "绿城生态文化点 park",
        "category": "绿城生态文化点",
        "tags": [
          "leisure:park"
        ],
        "osmType": "way",
        "osmId": 1391135186,
        "osmSource": "overpass",
        "cultureText": "来自 OSM/Overpass 的南宁生态文化相关公共空间。",
        "greenScore": 86,
        "quietScore": 70
      },
      "geometry": {
        "type": "Polygon",
        "coordinates": [
          [
            [
              108.371594,
              22.7758014
            ],
            [
              108.3717792,
              22.7758081
            ],
            [
              108.3718701,
              22.7757687
            ],
            [
              108.371945,
              22.7756836
            ],
            [
              108.3719755,
              22.77512
            ],
            [
              108.3720103,
              22.7748973
            ],
            [
              108.3720225,
              22.7744237
            ],
            [
              108.3719884,
              22.774335
            ],
            [
              108.3719222,
              22.7742881
            ],
            [
              108.3716385,
              22.7742849
            ],
            [
              108.371594,
              22.7758014
            ]
          ]
        ]
      }
    },
    {
      "type": "Feature",
      "id": "way/1391135187",
      "properties": {
        "name": "绿城生态文化点 park",
        "category": "绿城生态文化点",
        "tags": [
          "leisure:park"
        ],
        "osmType": "way",
        "osmId": 1391135187,
        "osmSource": "overpass",
        "cultureText": "来自 OSM/Overpass 的南宁生态文化相关公共空间。",
        "greenScore": 86,
        "quietScore": 70
      },
      "geometry": {
        "type": "Polygon",
        "coordinates": [
          [
            [
              108.3716323,
              22.7740526
            ],
            [
              108.3718792,
              22.7740561
            ],
            [
              108.3719971,
              22.7739918
            ],
            [
              108.3720616,
              22.7738956
            ],
            [
              108.3721017,
              22.7727364
            ],
            [
              108.3720303,
              22.7726224
            ],
            [
              108.3719196,
              22.772569
            ],
            [
              108.3717103,
              22.7725677
            ],
            [
              108.3716323,
              22.7740526
            ]
          ]
        ]
      }
    },
    {
      "type": "Feature",
      "id": "way/1391135188",
      "properties": {
        "name": "绿城生态文化点 park",
        "category": "绿城生态文化点",
        "tags": [
          "leisure:park"
        ],
        "osmType": "way",
        "osmId": 1391135188,
        "osmSource": "overpass",
        "cultureText": "来自 OSM/Overpass 的南宁生态文化相关公共空间。",
        "greenScore": 86,
        "quietScore": 70
      },
      "geometry": {
        "type": "Polygon",
        "coordinates": [
          [
            [
              108.3725546,
              22.7769306
            ],
            [
              108.3722725,
              22.7769262
            ],
            [
              108.3723045,
              22.7760627
            ],
            [
              108.3723995,
              22.7760122
            ],
            [
              108.372592,
              22.7760109
            ],
            [
              108.3725546,
              22.7769306
            ]
          ]
        ]
      }
    },
    {
      "type": "Feature",
      "id": "way/1391135190",
      "properties": {
        "name": "绿城生态文化点 park",
        "category": "绿城生态文化点",
        "tags": [
          "leisure:park"
        ],
        "osmType": "way",
        "osmId": 1391135190,
        "osmSource": "overpass",
        "cultureText": "来自 OSM/Overpass 的南宁生态文化相关公共空间。",
        "greenScore": 86,
        "quietScore": 70
      },
      "geometry": {
        "type": "Polygon",
        "coordinates": [
          [
            [
              108.3725846,
              22.7758271
            ],
            [
              108.3723807,
              22.7758248
            ],
            [
              108.3722176,
              22.775704
            ],
            [
              108.3722591,
              22.7744194
            ],
            [
              108.3723955,
              22.7742912
            ],
            [
              108.3726314,
              22.7742881
            ],
            [
              108.3726294,
              22.774322
            ],
            [
              108.3725846,
              22.7758271
            ]
          ]
        ]
      }
    },
    {
      "type": "Feature",
      "id": "way/1391135191",
      "properties": {
        "name": "绿城生态文化点 park",
        "category": "绿城生态文化点",
        "tags": [
          "leisure:park"
        ],
        "osmType": "way",
        "osmId": 1391135191,
        "osmSource": "overpass",
        "cultureText": "来自 OSM/Overpass 的南宁生态文化相关公共空间。",
        "greenScore": 86,
        "quietScore": 70
      },
      "geometry": {
        "type": "Polygon",
        "coordinates": [
          [
            [
              108.371706,
              22.7723787
            ],
            [
              108.3717398,
              22.7711296
            ],
            [
              108.369843,
              22.7714341
            ],
            [
              108.369843,
              22.7713463
            ],
            [
              108.3699075,
              22.7712783
            ],
            [
              108.3705587,
              22.7711126
            ],
            [
              108.3720239,
              22.7708846
            ],
            [
              108.37207,
              22.7709002
            ],
            [
              108.3721299,
              22.7709399
            ],
            [
              108.3721652,
              22.7710206
            ],
            [
              108.3721237,
              22.7721988
            ],
            [
              108.3721145,
              22.7722512
            ],
            [
              108.3720608,
              22.7723277
            ],
            [
              108.3719655,
              22.7723631
            ],
            [
              108.3719118,
              22.7723687
            ],
            [
              108.371706,
              22.7723787
            ]
          ]
        ]
      }
    },
    {
      "type": "Feature",
      "id": "way/1391135227",
      "properties": {
        "name": "绿城生态文化点 park",
        "category": "绿城生态文化点",
        "tags": [
          "leisure:park"
        ],
        "osmType": "way",
        "osmId": 1391135227,
        "osmSource": "overpass",
        "cultureText": "来自 OSM/Overpass 的南宁生态文化相关公共空间。",
        "greenScore": 86,
        "quietScore": 70
      },
      "geometry": {
        "type": "Polygon",
        "coordinates": [
          [
            [
              108.3714724,
              22.7793139
            ],
            [
              108.3717111,
              22.7793256
            ],
            [
              108.3718102,
              22.7792678
            ],
            [
              108.3718628,
              22.7791913
            ],
            [
              108.3718729,
              22.7790887
            ],
            [
              108.3718891,
              22.7779568
            ],
            [
              108.3718567,
              22.7778878
            ],
            [
              108.3717131,
              22.7778393
            ],
            [
              108.3715938,
              22.7778356
            ],
            [
              108.3698848,
              22.7777964
            ],
            [
              108.3696461,
              22.778009
            ],
            [
              108.3696481,
              22.7791037
            ],
            [
              108.3696926,
              22.7791801
            ],
            [
              108.3697472,
              22.7792547
            ],
            [
              108.3697694,
              22.7792747
            ],
            [
              108.3698043,
              22.7779805
            ],
            [
              108.3711881,
              22.7780121
            ],
            [
              108.3711704,
              22.7786711
            ],
            [
              108.3714896,
              22.7786784
            ],
            [
              108.3714724,
              22.7793139
            ]
          ]
        ]
      }
    },
    {
      "type": "Feature",
      "id": "way/1391135228",
      "properties": {
        "name": "绿城生态文化点 park",
        "category": "绿城生态文化点",
        "tags": [
          "leisure:park"
        ],
        "osmType": "way",
        "osmId": 1391135228,
        "osmSource": "overpass",
        "cultureText": "来自 OSM/Overpass 的南宁生态文化相关公共空间。",
        "greenScore": 86,
        "quietScore": 70
      },
      "geometry": {
        "type": "Polygon",
        "coordinates": [
          [
            [
              108.3738725,
              22.7794073
            ],
            [
              108.3740168,
              22.7794039
            ],
            [
              108.3741442,
              22.7793125
            ],
            [
              108.3741745,
              22.7782142
            ],
            [
              108.3740977,
              22.7780911
            ],
            [
              108.3739945,
              22.7780183
            ],
            [
              108.3738732,
              22.7780034
            ],
            [
              108.3731026,
              22.777968
            ],
            [
              108.3728559,
              22.7779176
            ],
            [
              108.3725727,
              22.7778841
            ],
            [
              108.3722835,
              22.777899
            ],
            [
              108.3721985,
              22.7779494
            ],
            [
              108.3721399,
              22.7780239
            ],
            [
              108.3720893,
              22.7791782
            ],
            [
              108.3721338,
              22.779264
            ],
            [
              108.372237,
              22.7793386
            ],
            [
              108.3723138,
              22.779361
            ],
            [
              108.3724786,
              22.779367
            ],
            [
              108.3725028,
              22.7786581
            ],
            [
              108.3728386,
              22.7786677
            ],
            [
              108.3728555,
              22.7781687
            ],
            [
              108.3739135,
              22.7781992
            ],
            [
              108.3738725,
              22.7794073
            ]
          ]
        ]
      }
    },
    {
      "type": "Feature",
      "id": "way/1391135229",
      "properties": {
        "name": "绿城生态文化点 park",
        "category": "绿城生态文化点",
        "tags": [
          "leisure:park"
        ],
        "osmType": "way",
        "osmId": 1391135229,
        "osmSource": "overpass",
        "cultureText": "来自 OSM/Overpass 的南宁生态文化相关公共空间。",
        "greenScore": 86,
        "quietScore": 70
      },
      "geometry": {
        "type": "Polygon",
        "coordinates": [
          [
            [
              108.3738953,
              22.7796125
            ],
            [
              108.37401,
              22.7796186
            ],
            [
              108.3741066,
              22.7796681
            ],
            [
              108.3741571,
              22.7797486
            ],
            [
              108.3740989,
              22.7809272
            ],
            [
              108.3740269,
              22.7810163
            ],
            [
              108.3739579,
              22.7810601
            ],
            [
              108.373892,
              22.7810742
            ],
            [
              108.3722028,
              22.7809781
            ],
            [
              108.3721063,
              22.7809414
            ],
            [
              108.3720327,
              22.7808255
            ],
            [
              108.3720741,
              22.7796695
            ],
            [
              108.3721768,
              22.779555
            ],
            [
              108.3722825,
              22.7795366
            ],
            [
              108.3724741,
              22.7795508
            ],
            [
              108.3724496,
              22.7801253
            ],
            [
              108.3724281,
              22.7807606
            ],
            [
              108.373843,
              22.7808128
            ],
            [
              108.3738953,
              22.7796125
            ]
          ]
        ]
      }
    },
    {
      "type": "Feature",
      "id": "way/1391135231",
      "properties": {
        "name": "绿城生态文化点 park",
        "category": "绿城生态文化点",
        "tags": [
          "leisure:park"
        ],
        "osmType": "way",
        "osmId": 1391135231,
        "osmSource": "overpass",
        "cultureText": "来自 OSM/Overpass 的南宁生态文化相关公共空间。",
        "greenScore": 86,
        "quietScore": 70
      },
      "geometry": {
        "type": "Polygon",
        "coordinates": [
          [
            [
              108.371452,
              22.7795019
            ],
            [
              108.3716793,
              22.7795117
            ],
            [
              108.3717805,
              22.7795498
            ],
            [
              108.3718356,
              22.7796417
            ],
            [
              108.3718571,
              22.7796926
            ],
            [
              108.3718203,
              22.7808359
            ],
            [
              108.3717513,
              22.7809192
            ],
            [
              108.3716793,
              22.7809715
            ],
            [
              108.3715659,
              22.7809998
            ],
            [
              108.3697265,
              22.7809249
            ],
            [
              108.3696514,
              22.7808924
            ],
            [
              108.3695993,
              22.7808048
            ],
            [
              108.3695916,
              22.7807228
            ],
            [
              108.36961,
              22.7796389
            ],
            [
              108.3696238,
              22.7795484
            ],
            [
              108.3696775,
              22.7794933
            ],
            [
              108.3697317,
              22.7794656
            ],
            [
              108.3697918,
              22.7794526
            ],
            [
              108.3697466,
              22.7807408
            ],
            [
              108.3714069,
              22.7807903
            ],
            [
              108.371452,
              22.7795019
            ]
          ]
        ]
      }
    },
    {
      "type": "Feature",
      "id": "way/1391135232",
      "properties": {
        "name": "绿城生态文化点 park",
        "category": "绿城生态文化点",
        "tags": [
          "leisure:park"
        ],
        "osmType": "way",
        "osmId": 1391135232,
        "osmSource": "overpass",
        "cultureText": "来自 OSM/Overpass 的南宁生态文化相关公共空间。",
        "greenScore": 86,
        "quietScore": 70
      },
      "geometry": {
        "type": "Polygon",
        "coordinates": [
          [
            [
              108.3723889,
              22.7827892
            ],
            [
              108.3721582,
              22.7827804
            ],
            [
              108.3720702,
              22.7827602
            ],
            [
              108.3720043,
              22.7827106
            ],
            [
              108.3719782,
              22.7826145
            ],
            [
              108.3720181,
              22.7813822
            ],
            [
              108.372038,
              22.7813229
            ],
            [
              108.3721085,
              22.7812536
            ],
            [
              108.3722005,
              22.7812352
            ],
            [
              108.372423,
              22.7812401
            ],
            [
              108.3723889,
              22.7827892
            ]
          ]
        ]
      }
    },
    {
      "type": "Feature",
      "id": "way/1391135237",
      "properties": {
        "name": "绿城生态文化点 park",
        "category": "绿城生态文化点",
        "tags": [
          "leisure:park"
        ],
        "osmType": "way",
        "osmId": 1391135237,
        "osmSource": "overpass",
        "cultureText": "来自 OSM/Overpass 的南宁生态文化相关公共空间。",
        "greenScore": 86,
        "quietScore": 70
      },
      "geometry": {
        "type": "Polygon",
        "coordinates": [
          [
            [
              108.3713505,
              22.782777
            ],
            [
              108.3713946,
              22.781239
            ],
            [
              108.3716711,
              22.7812519
            ],
            [
              108.3717036,
              22.7812861
            ],
            [
              108.3717914,
              22.7813751
            ],
            [
              108.3717654,
              22.7826131
            ],
            [
              108.3717286,
              22.7826894
            ],
            [
              108.3716382,
              22.7827713
            ],
            [
              108.3713505,
              22.782777
            ]
          ]
        ]
      }
    },
    {
      "type": "Feature",
      "id": "way/1391135252",
      "properties": {
        "name": "绿城生态文化点 park",
        "category": "绿城生态文化点",
        "tags": [
          "leisure:park"
        ],
        "osmType": "way",
        "osmId": 1391135252,
        "osmSource": "overpass",
        "cultureText": "来自 OSM/Overpass 的南宁生态文化相关公共空间。",
        "greenScore": 86,
        "quietScore": 70
      },
      "geometry": {
        "type": "Polygon",
        "coordinates": [
          [
            [
              108.3662265,
              22.7771588
            ],
            [
              108.3665472,
              22.7772252
            ],
            [
              108.3667586,
              22.7770475
            ],
            [
              108.3663961,
              22.7750467
            ],
            [
              108.3661987,
              22.7742177
            ],
            [
              108.366036,
              22.7741342
            ],
            [
              108.3656806,
              22.7741213
            ],
            [
              108.3662265,
              22.7771588
            ]
          ]
        ]
      }
    },
    {
      "type": "Feature",
      "id": "way/1393164015",
      "properties": {
        "name": "绿城生态文化点 park",
        "category": "绿城生态文化点",
        "tags": [
          "leisure:park"
        ],
        "osmType": "way",
        "osmId": 1393164015,
        "osmSource": "overpass",
        "cultureText": "来自 OSM/Overpass 的南宁生态文化相关公共空间。",
        "greenScore": 86,
        "quietScore": 70
      },
      "geometry": {
        "type": "Polygon",
        "coordinates": [
          [
            [
              108.3788931,
              22.7562125
            ],
            [
              108.379629,
              22.7565791
            ],
            [
              108.3794698,
              22.7570214
            ],
            [
              108.3794269,
              22.7570696
            ],
            [
              108.3793706,
              22.7571042
            ],
            [
              108.3793089,
              22.7571166
            ],
            [
              108.3792378,
              22.7571092
            ],
            [
              108.3785444,
              22.7568321
            ],
            [
              108.3780268,
              22.7565638
            ],
            [
              108.3779638,
              22.7565106
            ],
            [
              108.3779155,
              22.7564352
            ],
            [
              108.3778846,
              22.756335
            ],
            [
              108.3778913,
              22.7562608
            ],
            [
              108.3779503,
              22.7561569
            ],
            [
              108.3783873,
              22.7555439
            ],
            [
              108.378869,
              22.755776
            ],
            [
              108.3789226,
              22.7556783
            ],
            [
              108.3791025,
              22.755772
            ],
            [
              108.3788931,
              22.7562125
            ]
          ]
        ]
      }
    },
    {
      "type": "Feature",
      "id": "way/1393164039",
      "properties": {
        "name": "绿城生态文化点 park",
        "category": "绿城生态文化点",
        "tags": [
          "leisure:park"
        ],
        "osmType": "way",
        "osmId": 1393164039,
        "osmSource": "overpass",
        "cultureText": "来自 OSM/Overpass 的南宁生态文化相关公共空间。",
        "greenScore": 86,
        "quietScore": 70
      },
      "geometry": {
        "type": "Polygon",
        "coordinates": [
          [
            [
              108.3825932,
              22.7539226
            ],
            [
              108.3825348,
              22.7539229
            ],
            [
              108.3825363,
              22.7542018
            ],
            [
              108.3824685,
              22.7542021
            ],
            [
              108.3820358,
              22.754204
            ],
            [
              108.3820349,
              22.7540373
            ],
            [
              108.3821074,
              22.754037
            ],
            [
              108.3821068,
              22.7539223
            ],
            [
              108.3821641,
              22.753922
            ],
            [
              108.3821614,
              22.7534113
            ],
            [
              108.3825839,
              22.7534094
            ],
            [
              108.3826362,
              22.7534361
            ],
            [
              108.3826604,
              22.7534819
            ],
            [
              108.3826609,
              22.7535734
            ],
            [
              108.3826627,
              22.7539223
            ],
            [
              108.3825932,
              22.7539226
            ]
          ]
        ]
      }
    },
    {
      "type": "Feature",
      "id": "way/1393214350",
      "properties": {
        "name": "中泰友谊园",
        "category": "景观点",
        "tags": [
          "tourism:attraction"
        ],
        "osmType": "way",
        "osmId": 1393214350,
        "osmSource": "overpass",
        "cultureText": "来自 OSM/Overpass 的南宁生态文化相关公共空间。",
        "greenScore": 74,
        "quietScore": 70
      },
      "geometry": {
        "type": "Polygon",
        "coordinates": [
          [
            [
              108.3907823,
              22.7882467
            ],
            [
              108.3909312,
              22.7882428
            ],
            [
              108.39108,
              22.7882389
            ],
            [
              108.3910888,
              22.7885268
            ],
            [
              108.3907912,
              22.7885346
            ],
            [
              108.3907823,
              22.7882467
            ]
          ]
        ]
      }
    },
    {
      "type": "Feature",
      "id": "way/1393214373",
      "properties": {
        "name": "友谊长廊",
        "category": "景观点",
        "tags": [
          "tourism:attraction"
        ],
        "osmType": "way",
        "osmId": 1393214373,
        "osmSource": "overpass",
        "cultureText": "来自 OSM/Overpass 的南宁生态文化相关公共空间。",
        "greenScore": 74,
        "quietScore": 70
      },
      "geometry": {
        "type": "Polygon",
        "coordinates": [
          [
            [
              108.3724581,
              22.7954962
            ],
            [
              108.3718862,
              22.7953574
            ],
            [
              108.3719144,
              22.7952587
            ],
            [
              108.3710342,
              22.795045
            ],
            [
              108.3710558,
              22.7949692
            ],
            [
              108.3706658,
              22.7948745
            ],
            [
              108.3706441,
              22.7949503
            ],
            [
              108.3703182,
              22.7948712
            ],
            [
              108.370301,
              22.7949315
            ],
            [
              108.3701055,
              22.794884
            ],
            [
              108.3701227,
              22.7948238
            ],
            [
              108.3695824,
              22.7946926
            ],
            [
              108.3696018,
              22.7946247
            ],
            [
              108.3701421,
              22.7947558
            ],
            [
              108.3701595,
              22.794695
            ],
            [
              108.370355,
              22.7947424
            ],
            [
              108.3703376,
              22.7948033
            ],
            [
              108.3705984,
              22.7948666
            ],
            [
              108.3706205,
              22.7947894
            ],
            [
              108.3711313,
              22.7949134
            ],
            [
              108.3711093,
              22.7949906
            ],
            [
              108.3720004,
              22.795207
            ],
            [
              108.3719739,
              22.7952997
            ],
            [
              108.3724562,
              22.7954168
            ],
            [
              108.3724948,
              22.7953982
            ],
            [
              108.3725257,
              22.79529
            ],
            [
              108.372514,
              22.7952872
            ],
            [
              108.3725383,
              22.795202
            ],
            [
              108.3726437,
              22.7952276
            ],
            [
              108.3726383,
              22.7952466
            ],
            [
              108.3728736,
              22.7953037
            ],
            [
              108.3733613,
              22.7951324
            ],
            [
              108.3733313,
              22.7950599
            ],
            [
              108.3735016,
              22.7950001
            ],
            [
              108.373523,
              22.7949431
            ],
            [
              108.3736054,
              22.7949141
            ],
            [
              108.3736258,
              22.7949634
            ],
            [
              108.3735635,
              22.7949853
            ],
            [
              108.3736497,
              22.7951938
            ],
            [
              108.373712,
              22.7951719
            ],
            [
              108.3737259,
              22.7952056
            ],
            [
              108.3736247,
              22.7952411
            ],
            [
              108.3735969,
              22.7952308
            ],
            [
              108.3735903,
              22.7952147
            ],
            [
              108.37342,
              22.7952745
            ],
            [
              108.3733904,
              22.7952028
            ],
            [
              108.3728981,
              22.7953758
            ],
            [
              108.3726151,
              22.7953076
            ],
            [
              108.3725779,
              22.7954378
            ],
            [
              108.3724581,
              22.7954962
            ]
          ]
        ]
      }
    },
    {
      "type": "Feature",
      "id": "way/1395622529",
      "properties": {
        "name": "绿城生态文化点 park",
        "category": "绿城生态文化点",
        "tags": [
          "leisure:park"
        ],
        "osmType": "way",
        "osmId": 1395622529,
        "osmSource": "overpass",
        "cultureText": "来自 OSM/Overpass 的南宁生态文化相关公共空间。",
        "greenScore": 86,
        "quietScore": 70
      },
      "geometry": {
        "type": "Polygon",
        "coordinates": [
          [
            [
              108.2922869,
              22.8068445
            ],
            [
              108.292328,
              22.8074713
            ],
            [
              108.2924579,
              22.8076468
            ],
            [
              108.2925744,
              22.807689
            ],
            [
              108.2927367,
              22.8077136
            ],
            [
              108.2928435,
              22.8077061
            ],
            [
              108.2930736,
              22.8072573
            ],
            [
              108.292749,
              22.8071153
            ],
            [
              108.2924471,
              22.8069316
            ],
            [
              108.2924122,
              22.8068142
            ],
            [
              108.2922869,
              22.8068445
            ]
          ]
        ]
      }
    },
    {
      "type": "Feature",
      "id": "way/1412403228",
      "properties": {
        "name": "森田花园",
        "category": "绿城生态文化点",
        "tags": [
          "leisure:garden"
        ],
        "osmType": "way",
        "osmId": 1412403228,
        "osmSource": "overpass",
        "cultureText": "来自 OSM/Overpass 的南宁生态文化相关公共空间。",
        "greenScore": 86,
        "quietScore": 70
      },
      "geometry": {
        "type": "Polygon",
        "coordinates": [
          [
            [
              108.3300284,
              22.8636374
            ],
            [
              108.3299853,
              22.863633
            ],
            [
              108.3298596,
              22.8634728
            ],
            [
              108.3299804,
              22.8632399
            ],
            [
              108.3306285,
              22.86334
            ],
            [
              108.3307133,
              22.8630776
            ],
            [
              108.33073,
              22.8626629
            ],
            [
              108.3309732,
              22.8626602
            ],
            [
              108.3309652,
              22.863421
            ],
            [
              108.3309356,
              22.8634268
            ],
            [
              108.3308296,
              22.8634329
            ],
            [
              108.3308296,
              22.8638054
            ],
            [
              108.3307953,
              22.863839
            ],
            [
              108.3307594,
              22.863877
            ],
            [
              108.3305593,
              22.8640102
            ],
            [
              108.3305103,
              22.8639292
            ],
            [
              108.3303691,
              22.8637928
            ],
            [
              108.3303212,
              22.8638173
            ],
            [
              108.3301277,
              22.8635622
            ],
            [
              108.3300284,
              22.8636374
            ]
          ]
        ]
      }
    },
    {
      "type": "Feature",
      "id": "way/1412654594",
      "properties": {
        "name": "绿城生态文化点 garden",
        "category": "绿城生态文化点",
        "tags": [
          "leisure:garden"
        ],
        "osmType": "way",
        "osmId": 1412654594,
        "osmSource": "overpass",
        "cultureText": "来自 OSM/Overpass 的南宁生态文化相关公共空间。",
        "greenScore": 86,
        "quietScore": 70
      },
      "geometry": {
        "type": "Polygon",
        "coordinates": [
          [
            [
              108.3075611,
              22.8289013
            ],
            [
              108.3069845,
              22.8285373
            ],
            [
              108.3069952,
              22.82852
            ],
            [
              108.3075947,
              22.8288451
            ],
            [
              108.3075611,
              22.8289013
            ]
          ]
        ]
      }
    },
    {
      "type": "Feature",
      "id": "way/1412654595",
      "properties": {
        "name": "绿城生态文化点 garden",
        "category": "绿城生态文化点",
        "tags": [
          "leisure:garden"
        ],
        "osmType": "way",
        "osmId": 1412654595,
        "osmSource": "overpass",
        "cultureText": "来自 OSM/Overpass 的南宁生态文化相关公共空间。",
        "greenScore": 86,
        "quietScore": 70
      },
      "geometry": {
        "type": "Polygon",
        "coordinates": [
          [
            [
              108.3080265,
              22.8283185
            ],
            [
              108.3074605,
              22.8280256
            ],
            [
              108.3074713,
              22.8280064
            ],
            [
              108.3080607,
              22.828261
            ],
            [
              108.3080265,
              22.8283185
            ]
          ]
        ]
      }
    },
    {
      "type": "Feature",
      "id": "way/1412654596",
      "properties": {
        "name": "绿城生态文化点 garden",
        "category": "绿城生态文化点",
        "tags": [
          "leisure:garden"
        ],
        "osmType": "way",
        "osmId": 1412654596,
        "osmSource": "overpass",
        "cultureText": "来自 OSM/Overpass 的南宁生态文化相关公共空间。",
        "greenScore": 86,
        "quietScore": 70
      },
      "geometry": {
        "type": "Polygon",
        "coordinates": [
          [
            [
              108.3079205,
              22.828478
            ],
            [
              108.3075531,
              22.8282641
            ],
            [
              108.3072245,
              22.8280558
            ],
            [
              108.307244,
              22.8280237
            ],
            [
              108.3079581,
              22.8284125
            ],
            [
              108.3079205,
              22.828478
            ]
          ]
        ]
      }
    },
    {
      "type": "Feature",
      "id": "way/1412654597",
      "properties": {
        "name": "绿城生态文化点 garden",
        "category": "绿城生态文化点",
        "tags": [
          "leisure:garden"
        ],
        "osmType": "way",
        "osmId": 1412654597,
        "osmSource": "overpass",
        "cultureText": "来自 OSM/Overpass 的南宁生态文化相关公共空间。",
        "greenScore": 86,
        "quietScore": 70
      },
      "geometry": {
        "type": "Polygon",
        "coordinates": [
          [
            [
              108.3076657,
              22.8287437
            ],
            [
              108.3073506,
              22.8285595
            ],
            [
              108.307077,
              22.8283914
            ],
            [
              108.3069241,
              22.8282876
            ],
            [
              108.3069456,
              22.8282654
            ],
            [
              108.307258,
              22.8284532
            ],
            [
              108.3077006,
              22.828693
            ],
            [
              108.3076657,
              22.8287437
            ]
          ]
        ]
      }
    },
    {
      "type": "Feature",
      "id": "way/1412654598",
      "properties": {
        "name": "绿城生态文化点 garden",
        "category": "绿城生态文化点",
        "tags": [
          "leisure:garden"
        ],
        "osmType": "way",
        "osmId": 1412654598,
        "osmSource": "overpass",
        "cultureText": "来自 OSM/Overpass 的南宁生态文化相关公共空间。",
        "greenScore": 86,
        "quietScore": 70
      },
      "geometry": {
        "type": "Polygon",
        "coordinates": [
          [
            [
              108.3075558,
              22.829083
            ],
            [
              108.3073036,
              22.8289155
            ],
            [
              108.3073197,
              22.8288945
            ],
            [
              108.3075839,
              22.8290404
            ],
            [
              108.3075558,
              22.829083
            ]
          ]
        ]
      }
    },
    {
      "type": "Feature",
      "id": "way/1415301240",
      "properties": {
        "name": "绿城生态文化点 garden",
        "category": "绿城生态文化点",
        "tags": [
          "leisure:garden"
        ],
        "osmType": "way",
        "osmId": 1415301240,
        "osmSource": "overpass",
        "cultureText": "来自 OSM/Overpass 的南宁生态文化相关公共空间。",
        "greenScore": 86,
        "quietScore": 70
      },
      "geometry": {
        "type": "Polygon",
        "coordinates": [
          [
            [
              108.4173869,
              22.8281337
            ],
            [
              108.4173906,
              22.8281121
            ],
            [
              108.4173995,
              22.8280987
            ],
            [
              108.417415,
              22.8280875
            ],
            [
              108.417433,
              22.8280775
            ],
            [
              108.4174417,
              22.8280657
            ],
            [
              108.4174456,
              22.8280575
            ],
            [
              108.4174481,
              22.8280468
            ],
            [
              108.4174511,
              22.8280299
            ],
            [
              108.4174515,
              22.8280184
            ],
            [
              108.417447,
              22.8280034
            ],
            [
              108.4174399,
              22.8279921
            ],
            [
              108.417432,
              22.8279835
            ],
            [
              108.4174228,
              22.8279745
            ],
            [
              108.4174194,
              22.827967
            ],
            [
              108.4174212,
              22.8279557
            ],
            [
              108.4174235,
              22.8279487
            ],
            [
              108.4176948,
              22.8280016
            ],
            [
              108.417707,
              22.8280132
            ],
            [
              108.4177179,
              22.8280302
            ],
            [
              108.4177321,
              22.828042
            ],
            [
              108.4177558,
              22.8280511
            ],
            [
              108.4179157,
              22.8280834
            ],
            [
              108.4178946,
              22.8281815
            ],
            [
              108.4177479,
              22.8281514
            ],
            [
              108.4177423,
              22.8281767
            ],
            [
              108.4176038,
              22.8281484
            ],
            [
              108.4176008,
              22.8281682
            ],
            [
              108.4173869,
              22.8281337
            ]
          ]
        ]
      }
    },
    {
      "type": "Feature",
      "id": "way/1415301244",
      "properties": {
        "name": "绿城生态文化点 garden",
        "category": "绿城生态文化点",
        "tags": [
          "leisure:garden"
        ],
        "osmType": "way",
        "osmId": 1415301244,
        "osmSource": "overpass",
        "cultureText": "来自 OSM/Overpass 的南宁生态文化相关公共空间。",
        "greenScore": 86,
        "quietScore": 70
      },
      "geometry": {
        "type": "Polygon",
        "coordinates": [
          [
            [
              108.415222,
              22.825464
            ],
            [
              108.4152647,
              22.8253072
            ],
            [
              108.4155781,
              22.8253773
            ],
            [
              108.4155347,
              22.8255328
            ],
            [
              108.415222,
              22.825464
            ]
          ]
        ]
      }
    },
    {
      "type": "Feature",
      "id": "way/1415301246",
      "properties": {
        "name": "绿城生态文化点 garden",
        "category": "绿城生态文化点",
        "tags": [
          "leisure:garden"
        ],
        "osmType": "way",
        "osmId": 1415301246,
        "osmSource": "overpass",
        "cultureText": "来自 OSM/Overpass 的南宁生态文化相关公共空间。",
        "greenScore": 86,
        "quietScore": 70
      },
      "geometry": {
        "type": "Polygon",
        "coordinates": [
          [
            [
              108.4159409,
              22.8256159
            ],
            [
              108.4159744,
              22.825479
            ],
            [
              108.4163164,
              22.8255478
            ],
            [
              108.4162816,
              22.825685
            ],
            [
              108.4159409,
              22.8256159
            ]
          ]
        ]
      }
    },
    {
      "type": "Feature",
      "id": "way/1415301248",
      "properties": {
        "name": "绿城生态文化点 garden",
        "category": "绿城生态文化点",
        "tags": [
          "leisure:garden"
        ],
        "osmType": "way",
        "osmId": 1415301248,
        "osmSource": "overpass",
        "cultureText": "来自 OSM/Overpass 的南宁生态文化相关公共空间。",
        "greenScore": 86,
        "quietScore": 70
      },
      "geometry": {
        "type": "Polygon",
        "coordinates": [
          [
            [
              108.4154028,
              22.82486
            ],
            [
              108.4154187,
              22.8247952
            ],
            [
              108.4154446,
              22.8247982
            ],
            [
              108.4154578,
              22.8247997
            ],
            [
              108.4154731,
              22.8247964
            ],
            [
              108.4154874,
              22.8247897
            ],
            [
              108.4154943,
              22.8247842
            ],
            [
              108.4154963,
              22.8247771
            ],
            [
              108.4154913,
              22.8247677
            ],
            [
              108.4154821,
              22.8247612
            ],
            [
              108.4154695,
              22.8247573
            ],
            [
              108.4154552,
              22.8247545
            ],
            [
              108.4154433,
              22.8247515
            ],
            [
              108.4154346,
              22.8247496
            ],
            [
              108.4154496,
              22.8246833
            ],
            [
              108.4157795,
              22.8247619
            ],
            [
              108.415735,
              22.8249364
            ],
            [
              108.4154028,
              22.82486
            ]
          ]
        ]
      }
    },
    {
      "type": "Feature",
      "id": "way/1415301250",
      "properties": {
        "name": "绿城生态文化点 garden",
        "category": "绿城生态文化点",
        "tags": [
          "leisure:garden"
        ],
        "osmType": "way",
        "osmId": 1415301250,
        "osmSource": "overpass",
        "cultureText": "来自 OSM/Overpass 的南宁生态文化相关公共空间。",
        "greenScore": 86,
        "quietScore": 70
      },
      "geometry": {
        "type": "Polygon",
        "coordinates": [
          [
            [
              108.4161151,
              22.8250226
            ],
            [
              108.4161492,
              22.8248863
            ],
            [
              108.4165048,
              22.824956
            ],
            [
              108.4164975,
              22.8249937
            ],
            [
              108.4164796,
              22.8249916
            ],
            [
              108.4164611,
              22.8249916
            ],
            [
              108.4164494,
              22.8249973
            ],
            [
              108.4164415,
              22.8250107
            ],
            [
              108.4164432,
              22.825021
            ],
            [
              108.4164527,
              22.8250293
            ],
            [
              108.4164746,
              22.825036
            ],
            [
              108.4164852,
              22.8250391
            ],
            [
              108.4164684,
              22.8251
            ],
            [
              108.4161151,
              22.8250226
            ]
          ]
        ]
      }
    },
    {
      "type": "Feature",
      "id": "way/1415301252",
      "properties": {
        "name": "绿城生态文化点 garden",
        "category": "绿城生态文化点",
        "tags": [
          "leisure:garden"
        ],
        "osmType": "way",
        "osmId": 1415301252,
        "osmSource": "overpass",
        "cultureText": "来自 OSM/Overpass 的南宁生态文化相关公共空间。",
        "greenScore": 86,
        "quietScore": 70
      },
      "geometry": {
        "type": "Polygon",
        "coordinates": [
          [
            [
              108.4163263,
              22.8243557
            ],
            [
              108.4163423,
              22.8242148
            ],
            [
              108.4166969,
              22.8242473
            ],
            [
              108.4166898,
              22.8242902
            ],
            [
              108.4166578,
              22.8242928
            ],
            [
              108.4166301,
              22.8243023
            ],
            [
              108.4166254,
              22.8243162
            ],
            [
              108.4166259,
              22.8243314
            ],
            [
              108.4166357,
              22.8243414
            ],
            [
              108.4166607,
              22.8243466
            ],
            [
              108.4166875,
              22.8243453
            ],
            [
              108.4166832,
              22.8243886
            ],
            [
              108.4163263,
              22.8243557
            ]
          ]
        ]
      }
    },
    {
      "type": "Feature",
      "id": "way/1415301254",
      "properties": {
        "name": "绿城生态文化点 garden",
        "category": "绿城生态文化点",
        "tags": [
          "leisure:garden"
        ],
        "osmType": "way",
        "osmId": 1415301254,
        "osmSource": "overpass",
        "cultureText": "来自 OSM/Overpass 的南宁生态文化相关公共空间。",
        "greenScore": 86,
        "quietScore": 70
      },
      "geometry": {
        "type": "Polygon",
        "coordinates": [
          [
            [
              108.4154895,
              22.8242538
            ],
            [
              108.4155024,
              22.8241614
            ],
            [
              108.4155198,
              22.8241645
            ],
            [
              108.4155461,
              22.8241681
            ],
            [
              108.4155612,
              22.8241681
            ],
            [
              108.4155752,
              22.8241666
            ],
            [
              108.4155859,
              22.8241562
            ],
            [
              108.4155898,
              22.824149
            ],
            [
              108.4155898,
              22.8241397
            ],
            [
              108.4155775,
              22.8241315
            ],
            [
              108.4155618,
              22.8241263
            ],
            [
              108.4155433,
              22.8241232
            ],
            [
              108.4155259,
              22.8241206
            ],
            [
              108.4155136,
              22.8241175
            ],
            [
              108.4155226,
              22.8240489
            ],
            [
              108.4158759,
              22.8240891
            ],
            [
              108.4158434,
              22.8242961
            ],
            [
              108.4154895,
              22.8242538
            ]
          ]
        ]
      }
    },
    {
      "type": "Feature",
      "id": "way/1415301257",
      "properties": {
        "name": "绿城生态文化点 garden",
        "category": "绿城生态文化点",
        "tags": [
          "leisure:garden"
        ],
        "osmType": "way",
        "osmId": 1415301257,
        "osmSource": "overpass",
        "cultureText": "来自 OSM/Overpass 的南宁生态文化相关公共空间。",
        "greenScore": 86,
        "quietScore": 70
      },
      "geometry": {
        "type": "Polygon",
        "coordinates": [
          [
            [
              108.4157647,
              22.8236207
            ],
            [
              108.4158434,
              22.8236373
            ],
            [
              108.4158814,
              22.8236569
            ],
            [
              108.4159148,
              22.8236766
            ],
            [
              108.4159548,
              22.823692
            ],
            [
              108.4160188,
              22.8236914
            ],
            [
              108.4161048,
              22.823708
            ],
            [
              108.4162415,
              22.8233724
            ],
            [
              108.4159174,
              22.8232912
            ],
            [
              108.4159074,
              22.8235051
            ],
            [
              108.4157901,
              22.8234898
            ],
            [
              108.4157647,
              22.8236207
            ]
          ]
        ]
      }
    },
    {
      "type": "Feature",
      "id": "way/1415301262",
      "properties": {
        "name": "绿城生态文化点 garden",
        "category": "绿城生态文化点",
        "tags": [
          "leisure:garden"
        ],
        "osmType": "way",
        "osmId": 1415301262,
        "osmSource": "overpass",
        "cultureText": "来自 OSM/Overpass 的南宁生态文化相关公共空间。",
        "greenScore": 86,
        "quietScore": 70
      },
      "geometry": {
        "type": "Polygon",
        "coordinates": [
          [
            [
              108.4152315,
              22.8238134
            ],
            [
              108.4153608,
              22.8238304
            ],
            [
              108.4153732,
              22.8237613
            ],
            [
              108.4153911,
              22.8237035
            ],
            [
              108.415423,
              22.823671
            ],
            [
              108.4154555,
              22.8236555
            ],
            [
              108.4154997,
              22.8236457
            ],
            [
              108.415549,
              22.8236508
            ],
            [
              108.4155876,
              22.823656
            ],
            [
              108.4156492,
              22.8236498
            ],
            [
              108.4156851,
              22.8236338
            ],
            [
              108.4157119,
              22.8235486
            ],
            [
              108.4153015,
              22.8234955
            ],
            [
              108.415316,
              22.8234268
            ],
            [
              108.415222,
              22.8234088
            ],
            [
              108.4152315,
              22.8238134
            ]
          ]
        ]
      }
    },
    {
      "type": "Feature",
      "id": "way/1415301263",
      "properties": {
        "name": "绿城生态文化点 garden",
        "category": "绿城生态文化点",
        "tags": [
          "leisure:garden"
        ],
        "osmType": "way",
        "osmId": 1415301263,
        "osmSource": "overpass",
        "cultureText": "来自 OSM/Overpass 的南宁生态文化相关公共空间。",
        "greenScore": 86,
        "quietScore": 70
      },
      "geometry": {
        "type": "Polygon",
        "coordinates": [
          [
            [
              108.4154549,
              22.8238098
            ],
            [
              108.4158357,
              22.8238459
            ],
            [
              108.4158626,
              22.8236993
            ],
            [
              108.4158435,
              22.8236839
            ],
            [
              108.415811,
              22.8236735
            ],
            [
              108.4157808,
              22.8236612
            ],
            [
              108.4157595,
              22.8236601
            ],
            [
              108.4157315,
              22.8236782
            ],
            [
              108.4157052,
              22.8236932
            ],
            [
              108.4156649,
              22.8236957
            ],
            [
              108.4156279,
              22.8236983
            ],
            [
              108.4155955,
              22.8236983
            ],
            [
              108.4155663,
              22.8236957
            ],
            [
              108.4155305,
              22.823689
            ],
            [
              108.4155109,
              22.8236844
            ],
            [
              108.4154952,
              22.823687
            ],
            [
              108.4154549,
              22.8238098
            ]
          ]
        ]
      }
    },
    {
      "type": "Feature",
      "id": "way/1415301264",
      "properties": {
        "name": "绿城生态文化点 garden",
        "category": "绿城生态文化点",
        "tags": [
          "leisure:garden"
        ],
        "osmType": "way",
        "osmId": 1415301264,
        "osmSource": "overpass",
        "cultureText": "来自 OSM/Overpass 的南宁生态文化相关公共空间。",
        "greenScore": 86,
        "quietScore": 70
      },
      "geometry": {
        "type": "Polygon",
        "coordinates": [
          [
            [
              108.4158945,
              22.8239151
            ],
            [
              108.4160233,
              22.8239275
            ],
            [
              108.4160474,
              22.8239171
            ],
            [
              108.4160675,
              22.8238759
            ],
            [
              108.4161045,
              22.8237313
            ],
            [
              108.4159337,
              22.8237122
            ],
            [
              108.4158945,
              22.8239151
            ]
          ]
        ]
      }
    },
    {
      "type": "Feature",
      "id": "way/1416026232",
      "properties": {
        "name": "绿城生态文化点 park",
        "category": "绿城生态文化点",
        "tags": [
          "leisure:park"
        ],
        "osmType": "way",
        "osmId": 1416026232,
        "osmSource": "overpass",
        "cultureText": "来自 OSM/Overpass 的南宁生态文化相关公共空间。",
        "greenScore": 86,
        "quietScore": 70
      },
      "geometry": {
        "type": "Polygon",
        "coordinates": [
          [
            [
              108.3453416,
              22.7437743
            ],
            [
              108.3442013,
              22.7437
            ],
            [
              108.3441122,
              22.7436643
            ],
            [
              108.3440773,
              22.7435874
            ],
            [
              108.3440715,
              22.7434981
            ],
            [
              108.344149,
              22.7428908
            ],
            [
              108.3443853,
              22.7420119
            ],
            [
              108.3453752,
              22.742287
            ],
            [
              108.3453416,
              22.7437743
            ]
          ]
        ]
      }
    },
    {
      "type": "Feature",
      "id": "way/1419742199",
      "properties": {
        "name": "绿城生态文化点 park",
        "category": "绿城生态文化点",
        "tags": [
          "leisure:park"
        ],
        "osmType": "way",
        "osmId": 1419742199,
        "osmSource": "overpass",
        "cultureText": "来自 OSM/Overpass 的南宁生态文化相关公共空间。",
        "greenScore": 86,
        "quietScore": 70
      },
      "geometry": {
        "type": "Polygon",
        "coordinates": [
          [
            [
              108.3740218,
              22.8187774
            ],
            [
              108.3746423,
              22.818784
            ],
            [
              108.3746298,
              22.8180027
            ],
            [
              108.374594,
              22.8175149
            ],
            [
              108.3745028,
              22.8171506
            ],
            [
              108.3743544,
              22.8168688
            ],
            [
              108.3741702,
              22.8166809
            ],
            [
              108.3738931,
              22.8164716
            ],
            [
              108.3735691,
              22.8162617
            ],
            [
              108.3730336,
              22.8161326
            ],
            [
              108.3727939,
              22.8160924
            ],
            [
              108.372632,
              22.8160609
            ],
            [
              108.3727223,
              22.8163765
            ],
            [
              108.3729371,
              22.8166778
            ],
            [
              108.3733013,
              22.8169275
            ],
            [
              108.3735566,
              22.8171313
            ],
            [
              108.373815,
              22.8174412
            ],
            [
              108.3739334,
              22.8176449
            ],
            [
              108.3740517,
              22.8179721
            ],
            [
              108.3741451,
              22.8183911
            ],
            [
              108.3740218,
              22.8187774
            ]
          ]
        ]
      }
    },
    {
      "type": "Feature",
      "id": "way/1419842892",
      "properties": {
        "name": "邕江运动公园",
        "category": "绿城生态文化点",
        "tags": [
          "leisure:park"
        ],
        "osmType": "way",
        "osmId": 1419842892,
        "osmSource": "overpass",
        "cultureText": "来自 OSM/Overpass 的南宁生态文化相关公共空间。",
        "greenScore": 86,
        "quietScore": 70
      },
      "geometry": {
        "type": "Polygon",
        "coordinates": [
          [
            [
              108.2306329,
              22.8318695
            ],
            [
              108.2288533,
              22.8314934
            ],
            [
              108.2278477,
              22.8312508
            ],
            [
              108.2260923,
              22.830768
            ],
            [
              108.22462,
              22.8303896
            ],
            [
              108.223286,
              22.8300873
            ],
            [
              108.223379,
              22.8295468
            ],
            [
              108.2238601,
              22.8296138
            ],
            [
              108.2244118,
              22.8296386
            ],
            [
              108.2253039,
              22.8297455
            ],
            [
              108.2268301,
              22.8301065
            ],
            [
              108.2277268,
              22.8303644
            ],
            [
              108.2285423,
              22.8305176
            ],
            [
              108.2293877,
              22.8306329
            ],
            [
              108.2300058,
              22.8308092
            ],
            [
              108.230671,
              22.8309311
            ],
            [
              108.2310859,
              22.8309344
            ],
            [
              108.2306926,
              22.8317947
            ],
            [
              108.2306329,
              22.8318695
            ]
          ]
        ]
      }
    },
    {
      "type": "Feature",
      "id": "way/1422236962",
      "properties": {
        "name": "绿城生态文化点 park",
        "category": "绿城生态文化点",
        "tags": [
          "leisure:park"
        ],
        "osmType": "way",
        "osmId": 1422236962,
        "osmSource": "overpass",
        "cultureText": "来自 OSM/Overpass 的南宁生态文化相关公共空间。",
        "greenScore": 86,
        "quietScore": 70
      },
      "geometry": {
        "type": "Polygon",
        "coordinates": [
          [
            [
              108.3163199,
              22.807392
            ],
            [
              108.3166204,
              22.8069048
            ],
            [
              108.3166951,
              22.8059979
            ],
            [
              108.3169691,
              22.8054067
            ],
            [
              108.3171746,
              22.8044309
            ],
            [
              108.3172306,
              22.8037536
            ],
            [
              108.3172431,
              22.8029959
            ],
            [
              108.3172617,
              22.8024793
            ],
            [
              108.3172057,
              22.8016757
            ],
            [
              108.3172742,
              22.8011878
            ],
            [
              108.3172929,
              22.8008664
            ],
            [
              108.317187,
              22.8005621
            ],
            [
              108.317187,
              22.8002809
            ],
            [
              108.3173053,
              22.7998561
            ],
            [
              108.3173925,
              22.7991214
            ],
            [
              108.3176416,
              22.7986679
            ],
            [
              108.3178969,
              22.7982431
            ],
            [
              108.3182269,
              22.7969114
            ],
            [
              108.3165021,
              22.7968597
            ],
            [
              108.316334,
              22.8018077
            ],
            [
              108.3161285,
              22.8032313
            ],
            [
              108.3159479,
              22.8045228
            ],
            [
              108.3158109,
              22.8056019
            ],
            [
              108.315649,
              22.8064227
            ],
            [
              108.3155805,
              22.8073353
            ],
            [
              108.3163199,
              22.807392
            ]
          ]
        ]
      }
    },
    {
      "type": "Feature",
      "id": "way/1423439889",
      "properties": {
        "name": "中山路历史文化街区",
        "category": "景观点",
        "tags": [
          "tourism:attraction"
        ],
        "osmType": "way",
        "osmId": 1423439889,
        "osmSource": "overpass",
        "cultureText": "来自 OSM/Overpass 的南宁生态文化相关公共空间。",
        "greenScore": 74,
        "quietScore": 70
      },
      "geometry": {
        "type": "Polygon",
        "coordinates": [
          [
            [
              108.3177574,
              22.8151401
            ],
            [
              108.3188429,
              22.8154743
            ],
            [
              108.3190235,
              22.8154925
            ],
            [
              108.3191415,
              22.8149502
            ],
            [
              108.3205559,
              22.8149766
            ],
            [
              108.3199083,
              22.8134779
            ],
            [
              108.3196561,
              22.8127834
            ],
            [
              108.3196125,
              22.8126744
            ],
            [
              108.3194257,
              22.8124993
            ],
            [
              108.3188124,
              22.8136157
            ],
            [
              108.31861,
              22.8135124
            ],
            [
              108.3182551,
              22.8131364
            ],
            [
              108.3180154,
              22.8129556
            ],
            [
              108.3175951,
              22.8127949
            ],
            [
              108.3172989,
              22.8134381
            ],
            [
              108.3178568,
              22.8136441
            ],
            [
              108.3179588,
              22.813537
            ],
            [
              108.3182913,
              22.8137133
            ],
            [
              108.3181944,
              22.8138759
            ],
            [
              108.3181729,
              22.8140358
            ],
            [
              108.3180585,
              22.8142221
            ],
            [
              108.3181892,
              22.8142645
            ],
            [
              108.3179461,
              22.8148626
            ],
            [
              108.3177574,
              22.8151401
            ]
          ]
        ]
      }
    },
    {
      "type": "Feature",
      "id": "way/1442866646",
      "properties": {
        "name": "绿城生态文化点 garden",
        "category": "绿城生态文化点",
        "tags": [
          "leisure:garden"
        ],
        "osmType": "way",
        "osmId": 1442866646,
        "osmSource": "overpass",
        "cultureText": "来自 OSM/Overpass 的南宁生态文化相关公共空间。",
        "greenScore": 86,
        "quietScore": 70
      },
      "geometry": {
        "type": "Polygon",
        "coordinates": [
          [
            [
              108.4065039,
              22.8076796
            ],
            [
              108.4067154,
              22.8075058
            ],
            [
              108.4066083,
              22.807395
            ],
            [
              108.4063967,
              22.8075687
            ],
            [
              108.4065039,
              22.8076796
            ]
          ]
        ]
      }
    },
    {
      "type": "Feature",
      "id": "way/1442869014",
      "properties": {
        "name": "绿城生态文化点 garden",
        "category": "绿城生态文化点",
        "tags": [
          "leisure:garden"
        ],
        "osmType": "way",
        "osmId": 1442869014,
        "osmSource": "overpass",
        "cultureText": "来自 OSM/Overpass 的南宁生态文化相关公共空间。",
        "greenScore": 86,
        "quietScore": 70
      },
      "geometry": {
        "type": "Polygon",
        "coordinates": [
          [
            [
              108.4068244,
              22.8056018
            ],
            [
              108.4069425,
              22.8056555
            ],
            [
              108.4071163,
              22.8057004
            ],
            [
              108.4072276,
              22.8057145
            ],
            [
              108.407327,
              22.8057
            ],
            [
              108.4074114,
              22.8056676
            ],
            [
              108.4074789,
              22.805623
            ],
            [
              108.4074858,
              22.8056336
            ],
            [
              108.4073514,
              22.8057992
            ],
            [
              108.4072845,
              22.8058353
            ],
            [
              108.4072118,
              22.8058418
            ],
            [
              108.407211,
              22.8057947
            ],
            [
              108.407005,
              22.8057978
            ],
            [
              108.4070052,
              22.8057428
            ],
            [
              108.406751,
              22.8057427
            ],
            [
              108.4068244,
              22.8056018
            ]
          ]
        ]
      }
    },
    {
      "type": "Feature",
      "id": "way/1442869017",
      "properties": {
        "name": "开心菜园",
        "category": "绿城生态文化点",
        "tags": [
          "leisure:garden"
        ],
        "osmType": "way",
        "osmId": 1442869017,
        "osmSource": "overpass",
        "cultureText": "来自 OSM/Overpass 的南宁生态文化相关公共空间。",
        "greenScore": 86,
        "quietScore": 70
      },
      "geometry": {
        "type": "Polygon",
        "coordinates": [
          [
            [
              108.4076819,
              22.805405
            ],
            [
              108.408277,
              22.8053918
            ],
            [
              108.4085184,
              22.8053975
            ],
            [
              108.4087819,
              22.805395
            ],
            [
              108.4089423,
              22.8054542
            ],
            [
              108.4090947,
              22.8053082
            ],
            [
              108.4089041,
              22.8052118
            ],
            [
              108.4087719,
              22.8052872
            ],
            [
              108.4085652,
              22.8053292
            ],
            [
              108.4084883,
              22.8053379
            ],
            [
              108.4083681,
              22.8053489
            ],
            [
              108.4078508,
              22.8053491
            ],
            [
              108.4076819,
              22.805405
            ]
          ]
        ]
      }
    },
    {
      "type": "Feature",
      "id": "way/1442991818",
      "properties": {
        "name": "双龙庭",
        "category": "绿城生态文化点",
        "tags": [
          "leisure:garden"
        ],
        "osmType": "way",
        "osmId": 1442991818,
        "osmSource": "overpass",
        "cultureText": "来自 OSM/Overpass 的南宁生态文化相关公共空间。",
        "greenScore": 86,
        "quietScore": 70
      },
      "geometry": {
        "type": "Polygon",
        "coordinates": [
          [
            [
              108.2855801,
              22.8165397
            ],
            [
              108.285676,
              22.8163835
            ],
            [
              108.2856425,
              22.8163648
            ],
            [
              108.2853758,
              22.8162268
            ],
            [
              108.2853861,
              22.8162099
            ],
            [
              108.2852962,
              22.8161633
            ],
            [
              108.2852427,
              22.8163624
            ],
            [
              108.2855801,
              22.8165397
            ]
          ]
        ]
      }
    },
    {
      "type": "Feature",
      "id": "way/1465268029",
      "properties": {
        "name": "绿城生态文化点 park",
        "category": "绿城生态文化点",
        "tags": [
          "leisure:park"
        ],
        "osmType": "way",
        "osmId": 1465268029,
        "osmSource": "overpass",
        "cultureText": "来自 OSM/Overpass 的南宁生态文化相关公共空间。",
        "greenScore": 86,
        "quietScore": 70
      },
      "geometry": {
        "type": "Polygon",
        "coordinates": [
          [
            [
              108.2367713,
              22.8427296
            ],
            [
              108.2363744,
              22.8425868
            ],
            [
              108.2363399,
              22.8423483
            ],
            [
              108.2363916,
              22.8422029
            ],
            [
              108.236712,
              22.8418281
            ],
            [
              108.2370054,
              22.8413284
            ],
            [
              108.237348,
              22.8407719
            ],
            [
              108.237523,
              22.8402244
            ],
            [
              108.2376659,
              22.8395929
            ],
            [
              108.2378262,
              22.8389478
            ],
            [
              108.2381184,
              22.8369301
            ],
            [
              108.2382304,
              22.8362332
            ],
            [
              108.2382846,
              22.8356062
            ],
            [
              108.2382427,
              22.8350042
            ],
            [
              108.2379839,
              22.8342001
            ],
            [
              108.2375599,
              22.8335436
            ],
            [
              108.2373036,
              22.8332255
            ],
            [
              108.2372642,
              22.8330211
            ],
            [
              108.2373258,
              22.8328643
            ],
            [
              108.2374761,
              22.8328098
            ],
            [
              108.2377596,
              22.8327962
            ],
            [
              108.2410526,
              22.8333914
            ],
            [
              108.2425759,
              22.8335345
            ],
            [
              108.2427336,
              22.8335754
            ],
            [
              108.2428248,
              22.8336821
            ],
            [
              108.242821,
              22.8346337
            ],
            [
              108.2427444,
              22.8410997
            ],
            [
              108.2427656,
              22.8430952
            ],
            [
              108.2402387,
              22.8433169
            ],
            [
              108.2398621,
              22.8433327
            ],
            [
              108.2394038,
              22.8433207
            ],
            [
              108.2386998,
              22.8431786
            ],
            [
              108.2367713,
              22.8427296
            ]
          ]
        ]
      }
    },
    {
      "type": "Feature",
      "id": "way/1474143769",
      "properties": {
        "name": "博物馆 museum",
        "category": "博物馆",
        "tags": [
          "tourism:museum"
        ],
        "osmType": "way",
        "osmId": 1474143769,
        "osmSource": "overpass",
        "cultureText": "来自 OSM/Overpass 的南宁生态文化相关公共空间。",
        "greenScore": 74,
        "quietScore": 70
      },
      "geometry": {
        "type": "Polygon",
        "coordinates": [
          [
            [
              108.4977438,
              22.8007835
            ],
            [
              108.4980996,
              22.8002915
            ],
            [
              108.4983929,
              22.8002279
            ],
            [
              108.4984612,
              22.8004866
            ],
            [
              108.4982812,
              22.8005275
            ],
            [
              108.4979837,
              22.8009314
            ],
            [
              108.4977438,
              22.8007835
            ]
          ]
        ]
      }
    },
    {
      "type": "Feature",
      "id": "way/1480554855",
      "properties": {
        "name": "国峰小广场",
        "category": "绿城生态文化点",
        "tags": [
          "leisure:park"
        ],
        "osmType": "way",
        "osmId": 1480554855,
        "osmSource": "overpass",
        "cultureText": "来自 OSM/Overpass 的南宁生态文化相关公共空间。",
        "greenScore": 86,
        "quietScore": 70
      },
      "geometry": {
        "type": "Polygon",
        "coordinates": [
          [
            [
              108.3871699,
              22.773035
            ],
            [
              108.3876859,
              22.7728981
            ],
            [
              108.387803,
              22.7727717
            ],
            [
              108.3878415,
              22.7725999
            ],
            [
              108.3876166,
              22.7719564
            ],
            [
              108.387498,
              22.7718144
            ],
            [
              108.38731,
              22.7717831
            ],
            [
              108.3868679,
              22.7719663
            ],
            [
              108.3871699,
              22.773035
            ]
          ]
        ]
      }
    },
    {
      "type": "Feature",
      "id": "way/1480654722",
      "properties": {
        "name": "绿城生态文化点 park",
        "category": "绿城生态文化点",
        "tags": [
          "leisure:park"
        ],
        "osmType": "way",
        "osmId": 1480654722,
        "osmSource": "overpass",
        "cultureText": "来自 OSM/Overpass 的南宁生态文化相关公共空间。",
        "greenScore": 86,
        "quietScore": 70
      },
      "geometry": {
        "type": "Polygon",
        "coordinates": [
          [
            [
              108.4113808,
              22.8368167
            ],
            [
              108.4122342,
              22.8367815
            ],
            [
              108.4123386,
              22.836726
            ],
            [
              108.4123758,
              22.8366314
            ],
            [
              108.4121953,
              22.8360427
            ],
            [
              108.4121377,
              22.8360693
            ],
            [
              108.4120489,
              22.8363749
            ],
            [
              108.4113709,
              22.8363806
            ],
            [
              108.4113808,
              22.8368167
            ]
          ]
        ]
      }
    },
    {
      "type": "Feature",
      "id": "way/1487741981",
      "properties": {
        "name": "梵旅宠物乐园",
        "category": "绿城生态文化点",
        "tags": [
          "leisure:dog_park"
        ],
        "osmType": "way",
        "osmId": 1487741981,
        "osmSource": "overpass",
        "cultureText": "来自 OSM/Overpass 的南宁生态文化相关公共空间。",
        "greenScore": 86,
        "quietScore": 70
      },
      "geometry": {
        "type": "Polygon",
        "coordinates": [
          [
            [
              108.420206,
              22.7741512
            ],
            [
              108.4202394,
              22.7741316
            ],
            [
              108.4202745,
              22.7741432
            ],
            [
              108.4203583,
              22.7739518
            ],
            [
              108.4203845,
              22.7737803
            ],
            [
              108.4203559,
              22.7737833
            ],
            [
              108.4203219,
              22.7737601
            ],
            [
              108.4203405,
              22.7737428
            ],
            [
              108.4203506,
              22.7737113
            ],
            [
              108.4203448,
              22.7736987
            ],
            [
              108.4203153,
              22.7736913
            ],
            [
              108.4202607,
              22.7736788
            ],
            [
              108.4201877,
              22.7736483
            ],
            [
              108.4201693,
              22.7736647
            ],
            [
              108.4201672,
              22.773694
            ],
            [
              108.420096,
              22.7737031
            ],
            [
              108.4200254,
              22.7737688
            ],
            [
              108.4199007,
              22.7739106
            ],
            [
              108.4199052,
              22.7739819
            ],
            [
              108.4200629,
              22.7742147
            ],
            [
              108.4201756,
              22.7742097
            ],
            [
              108.420206,
              22.7741512
            ]
          ]
        ]
      }
    },
    {
      "type": "Feature",
      "id": "way/1490435236",
      "properties": {
        "name": "五味林",
        "category": "绿城生态文化点",
        "tags": [
          "leisure:park"
        ],
        "osmType": "way",
        "osmId": 1490435236,
        "osmSource": "overpass",
        "cultureText": "来自 OSM/Overpass 的南宁生态文化相关公共空间。",
        "greenScore": 86,
        "quietScore": 70
      },
      "geometry": {
        "type": "Polygon",
        "coordinates": [
          [
            [
              108.5014353,
              22.8009193
            ],
            [
              108.5015132,
              22.8008174
            ],
            [
              108.5015769,
              22.8006404
            ],
            [
              108.5015291,
              22.8006212
            ],
            [
              108.5013353,
              22.8006224
            ],
            [
              108.5013327,
              22.8007701
            ],
            [
              108.5013929,
              22.8008263
            ],
            [
              108.5014353,
              22.8009193
            ]
          ]
        ]
      }
    },
    {
      "type": "Feature",
      "id": "way/1490435237",
      "properties": {
        "name": "三香林",
        "category": "绿城生态文化点",
        "tags": [
          "leisure:park"
        ],
        "osmType": "way",
        "osmId": 1490435237,
        "osmSource": "overpass",
        "cultureText": "来自 OSM/Overpass 的南宁生态文化相关公共空间。",
        "greenScore": 86,
        "quietScore": 70
      },
      "geometry": {
        "type": "Polygon",
        "coordinates": [
          [
            [
              108.4971491,
              22.8012277
            ],
            [
              108.4973654,
              22.8009224
            ],
            [
              108.4972554,
              22.8008754
            ],
            [
              108.4971843,
              22.8009434
            ],
            [
              108.4969458,
              22.801053
            ],
            [
              108.4971491,
              22.8012277
            ]
          ]
        ]
      }
    },
    {
      "type": "Feature",
      "id": "way/1492176728",
      "properties": {
        "name": "生态植物园",
        "category": "绿城生态文化点",
        "tags": [
          "leisure:garden"
        ],
        "osmType": "way",
        "osmId": 1492176728,
        "osmSource": "overpass",
        "cultureText": "来自 OSM/Overpass 的南宁生态文化相关公共空间。",
        "greenScore": 86,
        "quietScore": 70
      },
      "geometry": {
        "type": "Polygon",
        "coordinates": [
          [
            [
              108.3554016,
              22.8052853
            ],
            [
              108.3555352,
              22.8053073
            ],
            [
              108.3555931,
              22.8049176
            ],
            [
              108.3554335,
              22.8049277
            ],
            [
              108.3554016,
              22.8052853
            ]
          ]
        ]
      }
    },
    {
      "type": "Feature",
      "id": "way/1499903987",
      "properties": {
        "name": "绿城生态文化点 park",
        "category": "绿城生态文化点",
        "tags": [
          "leisure:park"
        ],
        "osmType": "way",
        "osmId": 1499903987,
        "osmSource": "overpass",
        "cultureText": "来自 OSM/Overpass 的南宁生态文化相关公共空间。",
        "greenScore": 86,
        "quietScore": 70
      },
      "geometry": {
        "type": "Polygon",
        "coordinates": [
          [
            [
              108.3904038,
              22.8012579
            ],
            [
              108.3905647,
              22.8013325
            ],
            [
              108.390579,
              22.8013115
            ],
            [
              108.3907829,
              22.8013453
            ],
            [
              108.3911208,
              22.80137
            ],
            [
              108.3912835,
              22.801337
            ],
            [
              108.3914856,
              22.801215
            ],
            [
              108.3919505,
              22.8001205
            ],
            [
              108.3910475,
              22.7997958
            ],
            [
              108.3904789,
              22.8011475
            ],
            [
              108.3904038,
              22.8012579
            ]
          ]
        ]
      }
    },
    {
      "type": "Feature",
      "id": "way/1501460947",
      "properties": {
        "name": "绿城生态文化点 park",
        "category": "绿城生态文化点",
        "tags": [
          "leisure:park"
        ],
        "osmType": "way",
        "osmId": 1501460947,
        "osmSource": "overpass",
        "cultureText": "来自 OSM/Overpass 的南宁生态文化相关公共空间。",
        "greenScore": 86,
        "quietScore": 70
      },
      "geometry": {
        "type": "Polygon",
        "coordinates": [
          [
            [
              108.2941353,
              22.8421258
            ],
            [
              108.2927835,
              22.8421023
            ],
            [
              108.2928009,
              22.8416969
            ],
            [
              108.2941407,
              22.8417229
            ],
            [
              108.2941353,
              22.8421258
            ]
          ]
        ]
      }
    }
  ]
}
